date,uid,domain,price,currency,zcsj,dqsj
2026-09-02 22:32:53,210584,jiaqiangjx.com,25.00,CNY,2018-05-06,2027-05-06
2026-09-02 22:32:53,210584,dodosoclub.com,25.00,CNY,2015-05-07,2027-05-07
2026-09-02 22:32:53,210584,baishenhyd.com,25.00,CNY,2018-05-07,2027-05-07
2026-09-02 22:32:53,210584,jianlibio.com,25.00,CNY,2017-05-08,2027-05-08
2026-09-02 22:32:53,210584,fsldjc.com,25.00,CNY,2018-05-08,2027-05-08
2026-09-02 22:32:53,210584,njbyjt.com,25.00,CNY,2012-05-09,2027-05-09
2026-09-02 22:32:53,210584,smtyiyao.com,25.00,CNY,2017-05-09,2027-05-09
2026-09-02 22:32:53,210584,xm0519.com,25.00,CNY,2013-05-09,2027-05-09
2026-09-02 22:32:53,210584,trip1987.com,25.00,CNY,2017-05-09,2027-05-09
2026-09-02 22:32:53,210584,kinyo-elec.com,25.00,CNY,2013-05-09,2027-05-09
2026-09-02 22:32:53,210584,gajyssc.com,25.00,CNY,2018-05-09,2027-05-09
2026-09-02 22:32:53,210584,baihuicaiwu.com,25.00,CNY,2017-05-09,2027-05-09
2026-09-02 22:32:53,210584,duorourou.com,25.00,CNY,2014-05-21,2027-05-21
2026-09-02 22:32:53,210584,030845.com,25.00,CNY,2018-05-21,2027-05-21
2026-09-02 22:32:53,210584,whhtdc.com,25.00,CNY,2012-05-22,2027-05-22
2026-09-02 22:32:53,210584,dgtyym.com,25.00,CNY,2014-05-22,2027-05-22
2026-09-02 22:32:53,210584,fjsypos.com,25.00,CNY,2017-05-22,2027-05-22
2026-09-02 22:32:53,210584,gkcwz.com,25.00,CNY,2018-05-22,2027-05-22
2026-09-02 22:32:53,210584,hjcnsk.com,25.00,CNY,2007-05-22,2027-05-22
2026-09-02 22:32:53,210584,slyssb.com,25.00,CNY,2018-05-22,2027-05-22
2026-09-02 22:32:53,210584,donghutown.com,25.00,CNY,2014-05-29,2027-05-29
2026-09-02 22:33:05,210584,aasupplier.com,30.00,CNY,2018-05-08,2027-05-08
2026-09-02 22:33:05,210584,7yundou.com,30.00,CNY,2016-05-08,2027-05-08
2026-09-02 22:33:05,210584,fdrmth.com,30.00,CNY,2017-05-08,2027-05-08
2026-09-02 22:33:05,210584,sanyuanhuixiao.com,30.00,CNY,2018-05-08,2027-05-08
2026-09-02 22:33:05,210584,sclrhg.com,30.00,CNY,2016-05-08,2027-05-08
2026-09-02 22:33:05,210584,chinawsdm.com,30.00,CNY,2018-05-08,2027-05-08
2026-09-02 22:33:05,210584,cnxiangcaoshan.com,30.00,CNY,2018-05-08,2027-05-08
2026-09-02 22:33:05,210584,yilusuccess.com,30.00,CNY,2017-05-08,2027-05-08
2026-09-02 22:33:05,210584,zhimeiplus.com,30.00,CNY,2018-05-08,2027-05-08
2026-09-02 22:33:05,210584,fenglianganfang.com,30.00,CNY,2017-05-08,2027-05-08
2026-09-02 22:33:05,210584,longchenpengyu.com,30.00,CNY,2015-05-08,2027-05-08
2026-09-02 22:33:05,210584,yuanjiuhui99.com,30.00,CNY,2018-05-08,2027-05-08
2026-09-02 22:33:05,210584,renwo-sh.com,30.00,CNY,2018-05-08,2027-05-08
2026-09-02 22:33:05,210584,taoweifen.com,30.00,CNY,2017-05-08,2027-05-08
2026-09-02 22:33:05,210584,xiaohubus.com,30.00,CNY,2018-05-08,2027-05-08
2026-09-02 22:33:05,210584,moliguoyuan.com,30.00,CNY,2018-05-09,2027-05-09
2026-09-02 22:33:05,210584,bjystwl.com,30.00,CNY,2014-05-09,2027-05-09
2026-09-02 22:33:05,210584,jxdr88.com,30.00,CNY,2018-05-09,2027-05-09
2026-09-02 22:33:05,210584,kmbd114.com,30.00,CNY,2017-05-09,2027-05-09
2026-09-02 22:33:05,210584,lingtuoshangwu.com,30.00,CNY,2016-05-09,2027-05-09
2026-09-02 22:33:05,210584,ylzlm2m.com,30.00,CNY,2013-05-09,2027-05-09
2026-09-02 22:33:05,210584,lnkaiyuan.com,30.00,CNY,2017-05-09,2027-05-09
2026-09-02 22:33:05,210584,51mffx.com,30.00,CNY,2015-05-09,2027-05-09
2026-09-02 22:33:05,210584,sjmc-elepile.com,30.00,CNY,2017-05-09,2027-05-09
2026-09-02 22:33:05,210584,wuxiand.com,30.00,CNY,2018-05-09,2027-05-09
2026-09-02 22:33:05,210584,boshuojia.com,30.00,CNY,2017-05-09,2027-05-09
2026-09-02 22:33:05,210584,chunhewudao.com,30.00,CNY,2017-05-09,2027-05-09
2026-09-02 22:33:05,210584,cdpgzsw.com,30.00,CNY,2017-05-09,2027-05-09
2026-09-02 22:33:05,210584,nudayhealth.com,30.00,CNY,2018-05-09,2027-05-09
2026-09-02 22:33:05,210584,iduotel.com,30.00,CNY,2018-05-09,2027-05-09
2026-09-02 22:33:05,210584,sdqzjgs.com,30.00,CNY,2013-05-09,2027-05-09
2026-09-02 22:33:05,210584,shuibeikong.com,30.00,CNY,2014-05-09,2027-05-09
2026-09-02 22:33:05,210584,zghkb.com,30.00,CNY,2012-05-09,2027-05-09
2026-09-02 22:33:05,210584,jjj-tech.com,30.00,CNY,2018-05-09,2027-05-09
2026-09-02 22:33:05,210584,duoguangs.com,30.00,CNY,2017-05-09,2027-05-09
2026-09-02 22:33:05,210584,kzlxt.com,30.00,CNY,2015-05-09,2027-05-09
2026-09-02 22:33:05,210584,mingpianpai.com,30.00,CNY,2018-05-09,2027-05-09
2026-09-02 22:33:05,210584,nq234.com,30.00,CNY,2017-05-09,2027-05-09
2026-09-02 22:33:05,210584,nq345.com,30.00,CNY,2017-05-09,2027-05-09
2026-09-02 22:33:05,210584,jieshunpaper.com,30.00,CNY,2018-05-10,2027-05-10
2026-09-02 22:33:05,210584,dg-liji.com,30.00,CNY,2016-05-10,2027-05-10
2026-09-02 22:33:05,210584,xianzuixiong.com,30.00,CNY,2017-05-10,2027-05-10
2026-09-02 22:33:05,210584,zymtpacking.com,30.00,CNY,2018-05-10,2027-05-10
2026-09-02 22:33:05,210584,blueocean-soft.com,30.00,CNY,2018-05-10,2027-05-10
2026-09-02 22:33:05,210584,boremall.com,30.00,CNY,2018-05-10,2027-05-10
2026-09-02 22:33:05,210584,cpkms.com,30.00,CNY,2018-05-10,2027-05-10
2026-09-02 22:33:05,210584,ertonganquangan.com,30.00,CNY,2018-05-10,2027-05-10
2026-09-02 22:33:05,210584,falanbaohu.com,30.00,CNY,2017-05-10,2027-05-10
2026-09-02 22:33:05,210584,maclivetech.com,30.00,CNY,2018-05-10,2027-05-10
2026-09-02 22:33:05,210584,gzcalvin.com,30.00,CNY,2017-05-10,2027-05-10
2026-09-02 22:33:05,210584,minyaql.com,30.00,CNY,2018-05-10,2027-05-10
2026-09-02 22:33:05,210584,nfhqw.com,30.00,CNY,2013-05-10,2027-05-10
2026-09-02 22:33:05,210584,shijieke.com,30.00,CNY,2017-05-10,2027-05-10
2026-09-02 22:33:05,210584,zydglass.com,30.00,CNY,2018-05-10,2027-05-10
2026-09-02 22:33:05,210584,douhe28.com,30.00,CNY,2016-05-10,2027-05-10
2026-09-02 22:33:05,210584,kowa55.com,30.00,CNY,2016-05-10,2027-05-10
2026-09-02 22:33:05,210584,4007805086.com,30.00,CNY,2016-05-10,2027-05-10
2026-09-02 22:33:05,210584,gzerbao.com,30.00,CNY,2017-05-10,2027-05-10
2026-09-02 22:33:05,210584,qhysgjg.com,30.00,CNY,2018-05-10,2027-05-10
2026-09-02 22:33:05,210584,nmgycjy.com,30.00,CNY,2016-05-10,2027-05-10
2026-09-02 22:33:05,210584,shxshuo.com,30.00,CNY,2018-05-10,2027-05-10
2026-09-02 22:33:05,210584,wlsk360.com,30.00,CNY,2018-05-10,2027-05-10
2026-09-02 22:33:05,210584,hongdaiot.com,30.00,CNY,2018-05-11,2027-05-11
2026-09-02 22:33:05,210584,jiayuan-mc.com,30.00,CNY,2018-05-11,2027-05-11
2026-09-02 22:33:05,210584,mengbaomei.com,30.00,CNY,2018-05-11,2027-05-11
2026-09-02 22:33:05,210584,taiyuewangluo.com,30.00,CNY,2018-05-11,2027-05-11
2026-09-02 22:33:05,210584,wanhuohang0451.com,30.00,CNY,2018-05-11,2027-05-11
2026-09-02 22:33:05,210584,zhulema.com,30.00,CNY,2015-05-11,2027-05-11
2026-09-02 22:33:05,210584,zkyy6677.com,30.00,CNY,2016-05-11,2027-05-11
2026-09-02 22:33:05,210584,0432gcbyy.com,30.00,CNY,2016-05-11,2027-05-11
2026-09-02 22:33:05,210584,hxyywybb.com,30.00,CNY,2016-05-11,2027-05-11
2026-09-02 22:33:05,210584,huahangic.com,30.00,CNY,2015-05-11,2027-05-11
2026-09-02 22:33:05,210584,hbzk77.com,30.00,CNY,2016-05-11,2027-05-11
2026-09-02 22:33:05,210584,cqhdlcw.com,30.00,CNY,2014-05-11,2027-05-11
2026-09-02 22:33:05,210584,hnayybdj.com,30.00,CNY,2016-05-11,2027-05-11
2026-09-02 22:33:11,210584,hnzhiming.com,30.00,CNY,2016-05-11,2027-05-11
2026-09-02 22:33:11,210584,aqyhlm.com,30.00,CNY,2017-05-11,2027-05-11
2026-09-02 22:33:11,210584,founion.com,30.00,CNY,2015-05-11,2027-05-11
2026-09-02 22:33:11,210584,fqccpit.com,30.00,CNY,2018-05-11,2027-05-11
2026-09-02 22:33:11,210584,yiyinghealth.com,30.00,CNY,2018-05-12,2027-05-12
2026-09-02 22:33:11,210584,lz-wsd.com,30.00,CNY,2017-05-12,2027-05-12
2026-09-02 22:33:11,210584,dadaomian.com,30.00,CNY,2014-05-12,2027-05-12
2026-09-02 22:33:11,210584,chinafeixie.com,30.00,CNY,2018-05-12,2027-05-12
2026-09-02 22:33:11,210584,xzbaidusem.com,30.00,CNY,2018-05-12,2027-05-12
2026-09-02 22:33:11,210584,xuehublc.com,30.00,CNY,2016-05-12,2027-05-12
2026-09-02 22:33:11,210584,lanfeiniao.com,30.00,CNY,2017-05-12,2027-05-12
2026-09-02 22:33:11,210584,keepmoral.com,30.00,CNY,2014-05-12,2027-05-12
2026-09-02 22:33:11,210584,jxncbm.com,30.00,CNY,2016-05-12,2027-05-12
2026-09-02 22:33:11,210584,htxs-garden.com,30.00,CNY,2009-05-12,2027-05-12
2026-09-02 22:33:11,210584,gediaopiano.com,30.00,CNY,2017-05-12,2027-05-12
2026-09-02 22:33:11,210584,livingkoo.com,30.00,CNY,2011-05-12,2027-05-12
2026-09-02 22:33:11,210584,zelcp-ex.com,30.00,CNY,2016-05-12,2027-05-12
2026-09-02 22:33:11,210584,yulinzijiayou.com,30.00,CNY,2013-05-12,2027-05-12
2026-09-02 22:33:11,210584,diankaoshi.com,30.00,CNY,2015-05-12,2027-05-12
2026-09-02 22:33:11,210584,028018.com,30.00,CNY,2013-05-12,2027-05-12
2026-09-02 22:33:11,210584,guke0756.com,30.00,CNY,2016-05-12,2027-05-12
2026-09-02 22:33:11,210584,baishanda.com,30.00,CNY,2014-05-12,2027-05-12
2026-09-02 22:33:11,210584,bjtzsy.com,30.00,CNY,2017-05-12,2027-05-12
2026-09-02 22:33:11,210584,120mdt.com,30.00,CNY,2017-05-12,2027-05-12
2026-09-02 22:33:11,210584,gzhbinzang.com,30.00,CNY,2017-05-12,2027-05-12
2026-09-02 22:33:11,210584,cnienet.com,30.00,CNY,2018-05-12,2027-05-12
2026-09-02 22:33:11,210584,shenyoutx.com,30.00,CNY,2017-05-13,2027-05-13
2026-09-02 22:33:11,210584,yunjingxiaoyuan.com,30.00,CNY,2016-05-13,2027-05-13
2026-09-02 22:33:11,210584,dlygfkyy.com,30.00,CNY,2016-05-13,2027-05-13
2026-09-02 22:33:11,210584,duode168.com,30.00,CNY,2016-05-13,2027-05-13
2026-09-02 22:33:11,210584,75hui.com,30.00,CNY,2017-05-13,2027-05-13
2026-09-02 22:33:11,210584,byxsd.com,30.00,CNY,2015-05-13,2027-05-13
2026-09-02 22:33:11,210584,hykjhtfw.com,30.00,CNY,2017-05-13,2027-05-13
2026-09-02 22:33:11,210584,iqingka.com,30.00,CNY,2015-05-13,2027-05-13
2026-09-02 22:33:11,210584,youtui18.com,30.00,CNY,2018-05-13,2027-05-13
2026-09-02 22:33:11,210584,dqtct.com,30.00,CNY,2015-05-13,2027-05-13
2026-09-02 22:33:11,210584,scjdhr.com,30.00,CNY,2016-05-13,2027-05-13
2026-09-02 22:33:11,210584,inverter-km.com,30.00,CNY,2015-05-13,2027-05-13
2026-09-02 22:33:11,210584,yizhishuan.com,30.00,CNY,2017-05-13,2027-05-13
2026-09-02 22:33:11,210584,yunjiatech.com,30.00,CNY,2017-05-13,2027-05-13
2026-09-02 22:33:11,210584,ihushai.com,30.00,CNY,2015-05-13,2027-05-13
2026-09-02 22:33:11,210584,liangjiangc.com,30.00,CNY,2018-05-17,2027-05-17
2026-09-02 22:33:11,210584,ruoqingx.com,30.00,CNY,2018-05-17,2027-05-17
2026-09-02 22:33:11,210584,hongpenghy.com,30.00,CNY,2018-05-18,2027-05-18
2026-09-02 22:33:11,210584,soccercubes.com,30.00,CNY,2016-05-18,2027-05-18
2026-09-02 22:33:11,210584,ymkjtec.com,30.00,CNY,2018-05-18,2027-05-18
2026-09-02 22:33:11,210584,gelvshi88.com,30.00,CNY,2016-05-18,2027-05-18
2026-09-02 22:33:11,210584,zmsd99.com,30.00,CNY,2017-05-18,2027-05-18
2026-09-02 22:33:11,210584,ept-tools.com,30.00,CNY,2015-05-18,2027-05-18
2026-09-02 22:33:11,210584,bjysysm.com,30.00,CNY,2017-05-18,2027-05-18
2026-09-02 22:33:11,210584,cqjssc168.com,30.00,CNY,2017-05-18,2027-05-18
2026-09-02 22:33:11,210584,shuokua.com,30.00,CNY,2012-05-18,2027-05-18
2026-09-02 22:33:11,210584,tzyxscreen.com,30.00,CNY,2018-05-18,2027-05-18
2026-09-02 22:33:11,210584,xzjjdnkj.com,30.00,CNY,2018-05-18,2027-05-18
2026-09-02 22:33:11,210584,cstarvison.com,30.00,CNY,2018-05-18,2027-05-18
2026-09-02 22:33:11,210584,f1wang.com,30.00,CNY,2018-05-18,2027-05-18
2026-09-02 22:33:11,210584,gzmclfzyy.com,30.00,CNY,2017-05-18,2027-05-18
2026-09-02 22:33:11,210584,meituxia.com,30.00,CNY,2015-05-18,2027-05-18
2026-09-02 22:33:11,210584,naiyingchina.com,30.00,CNY,2018-05-18,2027-05-18
2026-09-02 22:33:11,210584,redunb.com,30.00,CNY,2015-05-18,2027-05-18
2026-09-02 22:33:11,210584,rh1111.com,30.00,CNY,2014-05-18,2027-05-18
2026-09-02 22:33:11,210584,hyjddb.com,30.00,CNY,2017-05-19,2027-05-19
2026-09-02 22:33:11,210584,huarenliang.com,30.00,CNY,2018-05-19,2027-05-19
2026-09-02 22:33:11,210584,hongkunjf.com,30.00,CNY,2017-05-19,2027-05-19
2026-09-02 22:33:11,210584,zzyingchuang.com,30.00,CNY,2017-05-19,2027-05-19
2026-09-02 22:33:11,210584,jkgt010.com,30.00,CNY,2016-05-19,2027-05-19
2026-09-02 22:33:11,210584,shengjingvip.com,30.00,CNY,2016-05-19,2027-05-19
2026-09-02 22:33:11,210584,zhongfangshequ.com,30.00,CNY,2017-05-19,2027-05-19
2026-09-02 22:33:11,210584,rzwaimai.com,30.00,CNY,2014-05-19,2027-05-19
2026-09-02 22:33:11,210584,retainersoft.com,30.00,CNY,2015-05-19,2027-05-19
2026-09-02 22:33:11,210584,wxdxjs.com,30.00,CNY,2011-05-19,2027-05-19
2026-09-02 22:33:11,210584,zmzt99.com,30.00,CNY,2017-05-19,2027-05-19
2026-09-02 22:33:11,210584,kqyy010.com,30.00,CNY,2016-05-19,2027-05-19
2026-09-02 22:33:11,210584,shengquan100.com,30.00,CNY,2016-05-19,2027-05-19
2026-09-02 22:33:11,210584,xfsbfire.com,30.00,CNY,2016-05-19,2027-05-19
2026-09-02 22:33:11,210584,malongwc.com,30.00,CNY,2016-05-19,2027-05-19
2026-09-02 22:33:11,210584,vttcom.com,30.00,CNY,2014-05-19,2027-05-19
2026-09-02 22:33:11,210584,aitrekking.com,30.00,CNY,2017-05-19,2027-05-19
2026-09-02 22:33:11,210584,chedianxiang.com,30.00,CNY,2016-05-19,2027-05-19
2026-09-02 22:33:11,210584,yingweikeji.com,30.00,CNY,2016-05-19,2027-05-19
2026-09-02 22:33:11,210584,yuhua-energy.com,30.00,CNY,2015-05-19,2027-05-19
2026-09-02 22:33:11,210584,baomu021.com,30.00,CNY,2018-05-19,2027-05-19
2026-09-02 22:33:11,210584,hycs12366.com,30.00,CNY,2017-05-19,2027-05-19
2026-09-02 22:33:11,210584,lyholley.com,30.00,CNY,2018-05-19,2027-05-19
2026-09-02 22:33:11,210584,wxhcdlkj.com,30.00,CNY,2014-05-19,2027-05-19
2026-09-02 22:33:11,210584,yingjiezhuan.com,30.00,CNY,2014-05-19,2027-05-19
2026-09-02 22:33:11,210584,axbinfosec.com,30.00,CNY,2014-05-19,2027-05-19
2026-09-02 22:33:11,210584,bcpegasus.com,30.00,CNY,2016-05-20,2027-05-20
2026-09-02 22:33:11,210584,aistcd.com,30.00,CNY,2016-05-21,2027-05-21
2026-09-02 22:33:11,210584,dslyshw.com,30.00,CNY,2018-05-21,2027-05-21
2026-09-02 22:33:11,210584,mayache.com,30.00,CNY,2016-05-21,2027-05-21
2026-09-02 22:33:11,210584,hfnrd.com,30.00,CNY,2017-05-21,2027-05-21
2026-09-02 22:33:11,210584,kmhrjx.com,30.00,CNY,2014-05-21,2027-05-21
2026-09-02 22:33:11,210584,dimitool.com,30.00,CNY,2018-05-21,2027-05-21
2026-09-02 22:33:11,210584,ctywx.com,30.00,CNY,2015-05-21,2027-05-21
2026-09-02 22:33:11,210584,senzhimeng.com,30.00,CNY,2017-05-21,2027-05-21
2026-09-02 22:33:11,210584,qdyichang.com,30.00,CNY,2018-05-21,2027-05-21
2026-09-02 22:33:11,210584,sidizixun.com,30.00,CNY,2015-05-21,2027-05-21
2026-09-02 22:33:11,210584,mayi1515.com,30.00,CNY,2015-05-21,2027-05-21
2026-09-02 22:33:11,210584,shoujixuanxiu.com,30.00,CNY,2012-05-21,2027-05-21
2026-09-02 22:33:11,210584,bjxbwlkj.com,30.00,CNY,2018-05-21,2027-05-21
2026-09-02 22:33:11,210584,108wo.com,30.00,CNY,2018-05-21,2027-05-21
2026-09-02 22:33:11,210584,pbluestore.com,30.00,CNY,2018-05-21,2027-05-21
2026-09-02 22:33:11,210584,lifeng-auto.com,30.00,CNY,2009-05-21,2027-05-21
2026-09-02 22:33:11,210584,zhaoshangqd.com,30.00,CNY,2013-05-21,2027-05-21
2026-09-02 22:33:11,210584,shuiwuxinxi.com,30.00,CNY,2018-05-21,2027-05-21
2026-09-02 22:33:11,210584,chushizhizao.com,30.00,CNY,2016-05-21,2027-05-21
2026-09-02 22:33:11,210584,526work.com,30.00,CNY,2016-05-21,2027-05-21
2026-09-02 22:33:11,210584,dip360.com,30.00,CNY,2013-05-21,2027-05-21
2026-09-02 22:33:11,210584,entropychart.com,30.00,CNY,2018-05-21,2027-05-21
2026-09-02 22:33:11,210584,jiamengqd.com,30.00,CNY,2013-05-21,2027-05-21
2026-09-02 22:33:11,210584,lisijiaju.com,30.00,CNY,2018-05-21,2027-05-21
2026-09-02 22:33:11,210584,moda-mba.com,30.00,CNY,2018-05-21,2027-05-21
2026-09-02 22:33:11,210584,zhaoshangzb.com,30.00,CNY,2013-05-21,2027-05-21
2026-09-02 22:33:11,210584,51wecode.com,30.00,CNY,2018-05-21,2027-05-21
2026-09-02 22:33:11,210584,51xinbaobao.com,30.00,CNY,2018-05-21,2027-05-21
2026-09-02 22:33:11,210584,songyuanjiaoyu.com,30.00,CNY,2018-05-21,2027-05-21
2026-09-02 22:33:11,210584,weilispring.com,30.00,CNY,2013-05-21,2027-05-21
2026-09-02 22:33:11,210584,jiandao365.com,30.00,CNY,2018-05-21,2027-05-21
2026-09-02 22:33:11,210584,nh-au.com,30.00,CNY,2018-05-21,2027-05-21
2026-09-02 22:33:11,210584,yzstjy.com,30.00,CNY,2018-05-21,2027-05-21
2026-09-02 22:33:11,210584,hezefeiying.com,30.00,CNY,2018-05-21,2027-05-21
2026-09-02 22:33:11,210584,xyxcnet.com,30.00,CNY,2018-05-21,2027-05-21
2026-09-02 22:33:11,210584,gxhw99.com,30.00,CNY,2017-05-22,2027-05-22
2026-09-02 22:33:11,210584,gxyhjy.com,30.00,CNY,2017-05-22,2027-05-22
2026-09-02 22:33:11,210584,shiruhong.com,30.00,CNY,2016-05-22,2027-05-22
2026-09-02 22:33:11,210584,gdrc-precision.com,30.00,CNY,2018-05-22,2027-05-22
2026-09-02 22:33:11,210584,youyingketang.com,30.00,CNY,2018-05-22,2027-05-22
2026-09-02 22:33:11,210584,xinshenghuli.com,30.00,CNY,2018-05-22,2027-05-22
2026-09-02 22:33:11,210584,szhuxiao.com,30.00,CNY,2018-05-22,2027-05-22
2026-09-02 22:33:11,210584,sjzsanyuandhsyb.com,30.00,CNY,2015-05-22,2027-05-22
2026-09-02 22:33:11,210584,limilai.com,30.00,CNY,2018-05-22,2027-05-22
2026-09-02 22:33:11,210584,hebeikqyx.com,30.00,CNY,2017-05-22,2027-05-22
2026-09-02 22:33:11,210584,fangjusj.com,30.00,CNY,2016-05-22,2027-05-22
2026-09-02 22:33:11,210584,kxjnkj.com,30.00,CNY,2014-05-22,2027-05-22
2026-09-02 22:33:11,210584,huashengbeiyun.com,30.00,CNY,2017-05-22,2027-05-22
2026-09-02 22:33:11,210584,ccbehome.com,30.00,CNY,2014-05-22,2027-05-22
2026-09-02 22:33:11,210584,youyingqiujiao.com,30.00,CNY,2018-05-22,2027-05-22
2026-09-02 22:33:11,210584,xiuxiuhy.com,30.00,CNY,2018-05-22,2027-05-22
2026-09-02 22:33:11,210584,snyatop.com,30.00,CNY,2018-05-22,2027-05-22
2026-09-02 22:33:11,210584,younaworld.com,30.00,CNY,2018-05-22,2027-05-22
2026-09-02 22:33:11,210584,sosyjy.com,30.00,CNY,2018-05-22,2027-05-22
2026-09-02 22:33:11,210584,cz-mxe.com,30.00,CNY,2018-05-22,2027-05-22
2026-09-02 22:33:11,210584,fmdtest.com,30.00,CNY,2018-05-22,2027-05-22
2026-09-02 22:33:11,210584,cpk09.com,30.00,CNY,2017-05-22,2027-05-22
2026-09-02 22:33:11,210584,chichaji.com,30.00,CNY,2018-05-22,2027-05-22
2026-09-02 22:33:11,210584,camplea.com,30.00,CNY,2018-05-22,2027-05-22
2026-09-02 22:33:11,210584,glovchina.com,30.00,CNY,2018-05-22,2027-05-22
2026-09-02 22:33:11,210584,julingroup.com,30.00,CNY,2016-05-23,2027-05-23
2026-09-02 22:33:11,210584,gdhuahe.com,30.00,CNY,2017-05-23,2027-05-23
2026-09-02 22:33:11,210584,lianzhibiz.com,30.00,CNY,2017-05-23,2027-05-23
2026-09-02 22:33:11,210584,tezhongdaomi.com,30.00,CNY,2017-05-23,2027-05-23
2026-09-02 22:33:11,210584,greenxyl.com,30.00,CNY,2018-05-23,2027-05-23
2026-09-02 22:33:11,210584,wuwokeji.com,30.00,CNY,2017-05-23,2027-05-23
2026-09-02 22:33:11,210584,aiboliedu.com,30.00,CNY,2014-05-23,2027-05-23
2026-09-02 22:33:11,210584,aubocave.com,30.00,CNY,2006-05-23,2027-05-23
2026-09-02 22:33:11,210584,yceshc.com,30.00,CNY,2017-05-23,2027-05-23
2026-09-02 22:33:11,210584,grxmy.com,30.00,CNY,2018-05-24,2027-05-24
2026-09-02 22:33:11,210584,yueheng123.com,30.00,CNY,2018-05-24,2027-05-24
2026-09-02 22:33:11,210584,1230855.com,30.00,CNY,2015-05-24,2027-05-24
2026-09-02 22:33:11,210584,gcjsgc.com,30.00,CNY,2018-05-24,2027-05-24
2026-09-02 22:33:11,210584,gnjjsh.com,30.00,CNY,2018-05-24,2027-05-24
2026-09-02 22:33:11,210584,hbrcmzp.com,30.00,CNY,2017-05-24,2027-05-24
2026-09-02 22:33:11,210584,ragewaves.com,30.00,CNY,2018-05-24,2027-05-24
2026-09-02 22:33:11,210584,eprfoam.com,30.00,CNY,2009-05-25,2027-05-25
2026-09-02 22:33:11,210584,zzslwgl.com,30.00,CNY,2015-05-25,2027-05-25
2026-09-02 22:33:11,210584,fmyjcs.com,30.00,CNY,2013-05-25,2027-05-25
2026-09-02 22:33:11,210584,iandcx.com,30.00,CNY,2014-05-25,2027-05-25
2026-09-02 22:33:11,210584,mintekj.com,30.00,CNY,2016-05-25,2027-05-25
2026-09-02 22:33:11,210584,bjweiyu.com,30.00,CNY,2017-05-25,2027-05-25
2026-09-02 22:33:11,210584,zzjwyj.com,30.00,CNY,2017-05-25,2027-05-25
2026-09-02 22:33:11,210584,canju168.com,30.00,CNY,2013-05-25,2027-05-25
2026-09-02 22:33:11,210584,dffyf.com,30.00,CNY,2015-05-25,2027-05-25
2026-09-02 22:33:11,210584,dianzanduo.com,30.00,CNY,2017-05-25,2027-05-25
2026-09-02 22:33:11,210584,aoqyc.com,30.00,CNY,2017-05-25,2027-05-25
2026-09-02 22:33:11,210584,51ggzx.com,30.00,CNY,2018-05-25,2027-05-25
2026-09-02 22:33:11,210584,baidudiaoche.com,30.00,CNY,2017-05-25,2027-05-25
2026-09-02 22:33:11,210584,hengshuidata.com,30.00,CNY,2018-05-25,2027-05-25
2026-09-02 22:33:11,210584,folangsiparts.com,30.00,CNY,2018-05-25,2027-05-25
2026-09-02 22:33:11,210584,ysjcd.com,30.00,CNY,2014-05-25,2027-05-25
2026-09-02 22:33:11,210584,zwicity.com,30.00,CNY,2018-05-25,2027-05-25
2026-09-02 22:33:11,210584,jintaiwusun.com,30.00,CNY,2017-05-25,2027-05-25
2026-09-02 22:33:11,210584,chechao100.com,30.00,CNY,2017-05-25,2027-05-25
2026-09-02 22:33:11,210584,iotcmp.com,30.00,CNY,2018-05-25,2027-05-25
2026-09-02 22:33:11,210584,youwenapp.com,30.00,CNY,2015-05-25,2027-05-25
2026-09-02 22:33:11,210584,xctswkj02.com,30.00,CNY,2018-05-25,2027-05-25
2026-09-02 22:33:11,210584,qianren365.com,30.00,CNY,2017-05-25,2027-05-25
2026-09-02 22:33:11,210584,gzcrgk.com,30.00,CNY,2009-05-25,2027-05-25
2026-09-02 22:33:11,210584,shejion.com,30.00,CNY,2018-05-25,2027-05-25
2026-09-02 22:33:11,210584,game077.com,30.00,CNY,2018-05-25,2027-05-25
2026-09-02 22:33:11,210584,wan29.com,30.00,CNY,2018-05-25,2027-05-25
2026-09-02 22:33:11,210584,xjddwl.com,30.00,CNY,2018-05-25,2027-05-25
2026-09-02 22:33:11,210584,yunchuanqi.com,30.00,CNY,2017-05-25,2027-05-25
2026-09-02 22:33:11,210584,55335533.com,30.00,CNY,2012-05-25,2027-05-25
2026-09-02 22:33:11,210584,91weidao.com,30.00,CNY,2014-05-26,2027-05-26
2026-09-02 22:33:11,210584,ccmihr.com,30.00,CNY,2017-05-26,2027-05-26
2026-09-02 22:33:11,210584,chinalife-q.com,30.00,CNY,2017-05-26,2027-05-26
2026-09-02 22:33:11,210584,oxy-longlive.com,30.00,CNY,2014-05-27,2027-05-27
2026-09-02 22:33:11,210584,biba-ai.com,30.00,CNY,2018-05-28,2027-05-28
2026-09-02 22:33:11,210584,havalfl.com,30.00,CNY,2018-05-28,2027-05-28
2026-09-02 22:33:11,210584,sootopic.com,30.00,CNY,2013-05-28,2027-05-28
2026-09-02 22:33:11,210584,szdlmcy.com,30.00,CNY,2018-05-28,2027-05-28
2026-09-02 22:33:11,210584,tj-sinosteel.com,30.00,CNY,2018-05-28,2027-05-28
2026-09-02 22:33:11,210584,eviansspring.com,30.00,CNY,2013-05-28,2027-05-28
2026-09-02 22:33:11,210584,chezhu110.com,30.00,CNY,2017-05-28,2027-05-28
2026-09-02 22:33:11,210584,zyzssm.com,30.00,CNY,2016-05-28,2027-05-28
2026-09-02 22:33:11,210584,96aq.com,30.00,CNY,2018-05-28,2027-05-28
2026-09-02 22:33:11,210584,wmulife.com,30.00,CNY,2014-05-28,2027-05-28
2026-09-02 22:33:11,210584,dxscslm.com,30.00,CNY,2018-05-28,2027-05-28
2026-09-02 22:33:11,210584,jiaoshile.com,30.00,CNY,2018-05-28,2027-05-28
2026-09-02 22:33:11,210584,frhdkj.com,30.00,CNY,2015-05-28,2027-05-28
2026-09-02 22:33:11,210584,banhuishenqi.com,30.00,CNY,2015-05-28,2027-05-28
2026-09-02 22:33:11,210584,jajtzb.com,30.00,CNY,2018-05-28,2027-05-28
2026-09-02 22:33:11,210584,dowell-dobest.com,30.00,CNY,2017-05-28,2027-05-28
2026-09-02 22:33:11,210584,thompsonhose.com,30.00,CNY,2014-05-28,2027-05-28
2026-09-02 22:33:11,210584,zyteg.com,30.00,CNY,2016-05-28,2027-05-28
2026-09-02 22:33:11,210584,lehivip.com,30.00,CNY,2015-05-29,2027-05-29
2026-09-02 22:33:11,210584,hnpinshou.com,30.00,CNY,2018-05-28,2027-05-28
2026-09-02 22:33:11,210584,020pynk.com,30.00,CNY,2014-05-28,2027-05-28
2026-09-02 22:33:11,210584,qdstyp.com,30.00,CNY,2015-05-29,2027-05-29
2026-09-02 22:33:11,210584,zggdhg.com,30.00,CNY,2018-05-29,2027-05-29
2026-09-02 22:33:11,210584,jintongup.com,30.00,CNY,2018-05-29,2027-05-29
2026-09-02 22:33:11,210584,dfermall.com,30.00,CNY,2018-05-29,2027-05-29
2026-09-02 22:33:11,210584,5mtexiao.com,30.00,CNY,2018-05-29,2027-05-29
2026-09-02 22:33:11,210584,bospring.com,30.00,CNY,2018-05-29,2027-05-29
2026-09-02 22:33:11,210584,huiguofu.com,30.00,CNY,2016-05-29,2027-05-29
2026-09-02 22:33:11,210584,lexonpro.com,30.00,CNY,2007-05-29,2027-05-29
2026-09-02 22:33:11,210584,bechloo.com,30.00,CNY,2016-05-29,2027-05-29
2026-09-02 22:33:11,210584,kfjinyaoshi.com,30.00,CNY,2018-05-29,2027-05-29
2026-09-02 22:33:11,210584,shlinjiayiliao.com,30.00,CNY,2018-05-29,2027-05-29
2026-09-02 22:33:11,210584,maskaisuo.com,30.00,CNY,2013-05-29,2027-05-29
2026-09-02 22:33:11,210584,jxhrxj.com,30.00,CNY,2013-05-29,2027-05-29
2026-09-02 22:33:11,210584,cszlc.com,30.00,CNY,2018-05-29,2027-05-29
2026-09-02 22:33:11,210584,badayinxiang.com,30.00,CNY,2018-05-29,2027-05-29
2026-09-02 22:33:11,210584,txdichan.com,30.00,CNY,2016-05-29,2027-05-29
2026-09-02 22:33:11,210584,shuiqingshixiu.com,30.00,CNY,2018-05-29,2027-05-29
2026-09-02 22:33:11,210584,sdboyixuan.com,30.00,CNY,2018-05-29,2027-05-29
2026-09-02 22:33:11,210584,hainanhaiju.com,30.00,CNY,2017-05-29,2027-05-29
2026-09-02 22:33:11,210584,51leliu.com,30.00,CNY,2016-05-29,2027-05-29
2026-09-02 22:33:11,210584,by-future.com,30.00,CNY,2018-05-29,2027-05-29
2026-09-02 22:33:11,210584,c2t8.com,30.00,CNY,2018-05-29,2027-05-29
2026-09-02 22:33:11,210584,diandi168.com,30.00,CNY,2018-05-29,2027-05-29
2026-09-02 22:33:11,210584,mitech777.com,30.00,CNY,2015-05-29,2027-05-29
2026-09-02 22:33:11,210584,n-newhouse.com,30.00,CNY,2018-05-29,2027-05-29
2026-09-02 22:33:11,210584,gdbmxx.com,30.00,CNY,2018-05-29,2027-05-29
2026-09-02 22:33:11,210584,zg9988.com,30.00,CNY,2017-05-29,2027-05-29
2026-09-02 22:33:11,210584,hnbaiying.com,30.00,CNY,2018-05-29,2027-05-29
2026-09-02 22:33:11,210584,66ggdj.com,30.00,CNY,2018-05-29,2027-05-29
2026-09-02 22:33:11,210584,beijingsidushq.com,30.00,CNY,2012-05-29,2027-05-29
2026-09-02 22:33:11,210584,gmcedu.com,30.00,CNY,2016-05-11,2027-05-11
2026-09-03 17:32:39,395686,xnhbpmj.com,15.00,CNY,2019-10-09,2026-10-09
2026-09-03 17:32:39,395686,pzlb88.com,15.00,CNY,2018-10-09,2026-10-09
2026-09-03 17:32:39,395686,csrjsq.com,15.00,CNY,2019-10-10,2026-10-10
2026-09-03 17:32:39,395686,uinoww.com,15.00,CNY,2020-10-07,2026-10-07
2026-09-03 17:32:39,395686,mingjunmall.com,15.00,CNY,2018-10-07,2026-10-07
2026-09-03 17:32:39,395686,chudaibiao.com,15.00,CNY,2022-10-08,2026-10-08
2026-09-03 17:32:39,395686,henandadao.com,15.00,CNY,2017-10-08,2026-10-08
2026-09-03 17:32:39,395686,gzcszjy.com,15.00,CNY,2018-10-09,2026-10-09
2026-09-03 17:32:39,395686,feichangpay.com,15.00,CNY,2019-10-10,2026-10-10
2026-09-03 17:32:39,395686,baidureso.com,15.00,CNY,2018-10-10,2026-10-10
2026-09-03 17:32:39,395686,hyzxbuy.com,15.00,CNY,2018-10-10,2026-10-10
2026-09-03 17:32:39,395686,dongxin365.com,15.00,CNY,2014-10-10,2026-10-10
2026-09-03 17:32:39,395686,fuzhengkj.com,15.00,CNY,2020-10-10,2026-10-10
2026-09-03 17:32:39,395686,lyfhhotel.com,15.00,CNY,2011-10-10,2026-10-10
2026-09-03 17:32:39,395686,xinbaolb.com,15.00,CNY,2017-10-10,2026-10-10
2026-09-03 17:32:39,395686,wbkongjian.com,15.00,CNY,2020-10-10,2026-10-10
2026-09-03 17:32:39,395686,51-jiedao.com,15.00,CNY,2018-10-11,2026-10-11
2026-09-03 17:32:39,395686,jxnhclz.com,15.00,CNY,2019-10-11,2026-10-11
2026-09-03 17:32:39,395686,yfbvbh.com,15.00,CNY,2020-10-11,2026-10-11
2026-09-03 17:32:39,395686,ouwne.com,15.00,CNY,2021-11-15,2026-11-15
2026-09-03 17:32:39,395686,mybvsou.com,15.00,CNY,2025-12-12,2026-12-12
2026-09-03 17:32:39,395686,dianliangkeji.com,15.00,CNY,2020-12-01,2026-12-01
2026-09-03 17:32:39,395686,ori-tea.com,15.00,CNY,2016-12-01,2026-12-01
2026-09-03 17:32:39,395686,erongbank.com,15.00,CNY,2017-12-01,2026-12-01
2026-09-03 17:32:39,395686,jsongshu.com,15.00,CNY,2020-12-02,2026-12-02
2026-09-03 17:32:39,395686,dzyunapi.com,15.00,CNY,2019-12-02,2026-12-02
2026-09-03 17:32:39,395686,shuzhilab.com,15.00,CNY,2020-12-02,2026-12-02
2026-09-03 17:32:39,395686,siwa5.com,15.00,CNY,2014-12-02,2026-12-02
2026-09-03 17:32:39,395686,hb-lishuo.com,15.00,CNY,2012-12-03,2026-12-03
2026-09-03 17:32:39,395686,kmwtedh.com,15.00,CNY,2019-12-03,2026-12-03
2026-09-03 17:32:39,395686,gvrxqmh.com,15.00,CNY,2019-12-03,2026-12-03
2026-09-03 17:32:39,395686,rrvuqve.com,15.00,CNY,2019-12-03,2026-12-03
2026-09-03 17:32:39,395686,sqruzca.com,15.00,CNY,2019-12-03,2026-12-03
2026-09-03 17:32:39,395686,suipingkuaixiu.com,15.00,CNY,2018-12-03,2026-12-03
2026-09-03 17:32:39,395686,lfweida.com,15.00,CNY,2014-12-03,2026-12-03
2026-09-03 17:32:39,395686,oetwumg.com,15.00,CNY,2019-12-03,2026-12-03
2026-09-03 17:32:39,395686,ptcsier.com,15.00,CNY,2019-12-03,2026-12-03
2026-09-03 17:32:39,395686,romgcmd.com,15.00,CNY,2019-12-03,2026-12-03
2026-09-03 17:32:39,395686,fengwenzhuo.com,15.00,CNY,2019-12-04,2026-12-04
2026-09-03 17:32:39,395686,sqshizhixin.com,15.00,CNY,2019-12-04,2026-12-04
2026-09-03 17:32:39,395686,amigokidsclud.com,15.00,CNY,2018-12-04,2026-12-04
2026-09-03 17:32:39,395686,jntgjk.com,15.00,CNY,2020-12-04,2026-12-04
2026-09-03 17:32:39,395686,lianhongbio.com,15.00,CNY,2020-12-04,2026-12-04
2026-09-03 17:32:39,395686,llwj88.com,15.00,CNY,2018-12-04,2026-12-04
2026-09-03 17:32:39,395686,zehan369.com,15.00,CNY,2020-12-04,2026-12-04
2026-09-03 17:32:39,395686,yqfdzsw.com,15.00,CNY,2017-12-05,2026-12-05
2026-09-03 17:32:39,395686,ecmsmall.com,15.00,CNY,2019-12-05,2026-12-05
2026-09-03 17:32:39,395686,hangzhouyouyi.com,15.00,CNY,2019-12-05,2026-12-05
2026-09-03 17:32:39,395686,hezhaojixie.com,15.00,CNY,2018-12-05,2026-12-05
2026-09-03 17:32:39,395686,szzc158.com,15.00,CNY,2019-12-05,2026-12-05
2026-09-03 17:32:39,395686,ytongxing.com,15.00,CNY,2020-12-05,2026-12-05
2026-09-03 17:32:39,395686,wowzanpin.com,15.00,CNY,2018-12-06,2026-12-06
2026-09-03 17:32:39,395686,haibeishangmao.com,15.00,CNY,2019-12-06,2026-12-06
2026-09-03 17:32:39,395686,banshiguanjia.com,15.00,CNY,2017-12-06,2026-12-06
2026-09-03 17:32:39,395686,kufengyoupin.com,15.00,CNY,2018-12-11,2026-12-11
2026-09-03 17:32:39,395686,whnyn.com,15.00,CNY,2020-12-11,2026-12-11
2026-09-03 17:32:39,395686,sjzjinseyulin.com,15.00,CNY,2019-12-11,2026-12-11
2026-09-03 17:32:39,395686,icangou.com,15.00,CNY,2018-12-15,2026-12-15
2026-09-03 17:32:39,395686,wangyao6.com,15.00,CNY,2016-12-15,2026-12-15
2026-09-03 17:32:39,395686,shsw81.com,15.00,CNY,2018-12-17,2026-12-17
2026-09-03 17:32:39,395686,techboyi.com,15.00,CNY,2015-12-17,2026-12-17
2026-09-03 17:32:39,395686,hnwljrrly.com,15.00,CNY,2018-12-18,2026-12-18
2026-09-03 17:32:39,395686,qunyanzhujia.com,15.00,CNY,2018-12-18,2026-12-18
2026-09-03 17:32:39,395686,shjcdc.com,15.00,CNY,2018-12-19,2026-12-19
2026-09-03 17:32:39,395686,bianseyanjing.com,15.00,CNY,2018-12-19,2026-12-19
2026-09-03 17:32:39,395686,tuopuxinxi.com,15.00,CNY,2016-12-22,2026-12-22
2026-09-03 17:32:39,395686,fangcheng56.com,15.00,CNY,2016-12-24,2026-12-24
2026-09-03 17:32:39,395686,d5xt.com,15.00,CNY,2015-12-30,2026-12-30
2026-09-03 17:32:39,395686,szhfds.com,15.00,CNY,2016-01-06,2027-01-06
2026-09-03 17:32:39,395686,haibei126.com,15.00,CNY,2015-01-07,2027-01-07
2026-09-03 17:32:39,395686,topuvision.com,15.00,CNY,2016-01-09,2027-01-09
2026-09-03 17:32:39,395686,taobaogonghuo.com,15.00,CNY,2016-01-12,2027-01-12
2026-09-03 17:32:39,395686,iphoenixdesign.com,15.00,CNY,2016-01-15,2027-01-15
2026-09-03 17:32:39,395686,lq0772.com,15.00,CNY,2017-01-18,2027-01-18
2026-09-03 17:32:39,395686,lerlex.com,15.00,CNY,2016-12-31,2026-12-31
2026-09-03 17:32:39,395686,tjyunzhihui.com,15.00,CNY,2018-01-31,2027-01-31
2026-09-03 17:32:39,395686,rongxing168.com,15.00,CNY,2012-02-03,2027-02-03
2026-09-03 17:32:39,395686,mdzhuanji.com,15.00,CNY,2016-02-04,2027-02-04
2026-09-03 17:32:39,395686,kaikangby.com,15.00,CNY,2015-02-04,2027-02-04
2026-09-03 17:32:39,395686,tuijianclub.com,15.00,CNY,2017-02-04,2027-02-04
2026-09-03 17:32:39,395686,zcgonline.com,15.00,CNY,2017-02-04,2027-02-04
2026-09-03 17:32:39,395686,dbdvcp.com,15.00,CNY,2016-02-04,2027-02-04
2026-09-03 17:32:39,395686,xagyb.com,15.00,CNY,2017-02-04,2027-02-04
2026-09-03 17:32:39,395686,oberten.com,15.00,CNY,2017-02-05,2027-02-05
2026-09-03 17:32:39,395686,yuansen-cn.com,15.00,CNY,2006-02-05,2027-02-05
2026-09-03 17:32:39,395686,qianerya.com,15.00,CNY,2017-02-06,2027-02-06
2026-09-03 17:32:39,395686,pwrcmkc.com,15.00,CNY,2017-02-06,2027-02-06
2026-09-03 17:32:39,395686,024afsr.com,15.00,CNY,2018-02-06,2027-02-06
2026-09-03 17:32:39,395686,mlj16.com,15.00,CNY,2018-02-07,2027-02-07
2026-09-03 17:32:39,395686,mlj13.com,15.00,CNY,2018-02-07,2027-02-07
2026-09-03 17:32:39,395686,mlj38.com,15.00,CNY,2018-02-07,2027-02-07
2026-09-03 17:32:39,395686,mlj35.com,15.00,CNY,2018-02-07,2027-02-07
2026-09-03 17:32:39,395686,0835zp.com,15.00,CNY,2014-02-07,2027-02-07
2026-09-03 17:32:39,395686,mlj49.com,15.00,CNY,2018-02-07,2027-02-07
2026-09-03 17:32:39,395686,mlj62.com,15.00,CNY,2018-02-07,2027-02-07
2026-09-03 17:32:39,395686,mlj50.com,15.00,CNY,2018-02-07,2027-02-07
2026-09-03 17:32:39,395686,mlj14.com,15.00,CNY,2018-02-07,2027-02-07
2026-09-03 17:32:39,395686,mlj90.com,15.00,CNY,2018-02-07,2027-02-07
2026-09-03 17:32:39,395686,mlj10.com,15.00,CNY,2018-02-07,2027-02-07
2026-09-03 17:32:39,395686,mlj46.com,15.00,CNY,2018-02-07,2027-02-07
2026-09-03 17:32:39,395686,mlj08.com,15.00,CNY,2018-02-07,2027-02-07
2026-09-03 17:32:39,395686,mlj30.com,15.00,CNY,2018-02-07,2027-02-07
2026-09-03 17:32:39,395686,mlj77.com,15.00,CNY,2018-02-07,2027-02-07
2026-09-03 17:32:39,395686,mlj85.com,15.00,CNY,2018-02-07,2027-02-07
2026-09-03 17:32:39,395686,mlj47.com,15.00,CNY,2018-02-07,2027-02-07
2026-09-03 17:32:39,395686,mlj43.com,15.00,CNY,2018-02-07,2027-02-07
2026-09-03 17:32:39,395686,mlj61.com,15.00,CNY,2018-02-07,2027-02-07
2026-09-03 17:32:39,395686,mlj87.com,15.00,CNY,2018-02-07,2027-02-07
2026-09-03 17:32:39,395686,mlj28.com,15.00,CNY,2018-02-07,2027-02-07
2026-09-03 17:32:39,395686,mlj02.com,15.00,CNY,2018-02-07,2027-02-07
2026-09-03 17:32:39,395686,mlj60.com,15.00,CNY,2018-02-07,2027-02-07
2026-09-03 17:32:39,395686,mlj53.com,15.00,CNY,2018-02-07,2027-02-07
2026-09-03 17:32:39,395686,xmbyoung.com,15.00,CNY,2018-02-07,2027-02-07
2026-09-03 17:32:39,395686,mlj89.com,15.00,CNY,2018-02-07,2027-02-07
2026-09-03 17:32:39,395686,wanzhj.com,15.00,CNY,2018-02-08,2027-02-08
2026-09-03 17:32:39,395686,chuilunke.com,15.00,CNY,2012-02-08,2027-02-08
2026-09-03 17:32:39,395686,bon-juice.com,15.00,CNY,2014-02-09,2027-02-09
2026-09-03 17:32:39,395686,haolifevip.com,15.00,CNY,2017-02-10,2027-02-10
2026-09-03 17:32:39,395686,bjyjyzf.com,15.00,CNY,2017-02-10,2027-02-10
2026-09-03 17:32:39,395686,lqshsyy.com,15.00,CNY,2017-02-11,2027-02-11
2026-09-03 17:32:39,395686,q0551.com,15.00,CNY,2016-02-13,2027-02-13
2026-09-03 17:32:39,395686,fanguu.com,15.00,CNY,2014-02-17,2027-02-17
2026-09-03 17:32:39,395686,tacsljc.com,15.00,CNY,2016-02-17,2027-02-17
2026-09-03 17:32:39,395686,theworldva.com,15.00,CNY,2017-01-24,2027-01-24
2026-09-03 17:32:39,395686,molinetech.com,15.00,CNY,2018-02-26,2027-02-26
2026-09-03 17:32:39,395686,jianlianlife.com,15.00,CNY,2018-02-26,2027-02-26
2026-09-03 17:32:39,395686,ygnkyy9.com,15.00,CNY,2018-02-26,2027-02-26
2026-09-03 17:32:39,395686,zpmc-osg.com,15.00,CNY,2018-02-26,2027-02-26
2026-09-03 17:32:39,395686,zuochuangchina.com,15.00,CNY,2016-02-26,2027-02-26
2026-09-03 17:32:39,395686,meiximy.com,15.00,CNY,2017-02-27,2027-02-27
2026-09-03 17:32:39,395686,ntmdzm.com,15.00,CNY,2017-02-27,2027-02-27
2026-09-03 17:32:39,395686,ntfitus.com,15.00,CNY,2017-02-27,2027-02-27
2026-09-03 17:32:39,395686,ahzzjt666.com,15.00,CNY,2016-02-29,2027-02-28
2026-09-03 17:32:39,395686,kepucas.com,15.00,CNY,2018-02-28,2027-02-28
2026-09-03 17:32:39,395686,wfzfdz.com,15.00,CNY,2018-02-28,2027-02-28
2026-09-03 17:32:39,395686,sclne-learning.com,15.00,CNY,2012-02-28,2027-02-28
2026-09-03 17:32:39,395686,wifilocas.com,15.00,CNY,2014-02-28,2027-02-28
2026-09-03 17:32:39,395686,cgoldc.com,15.00,CNY,2017-02-09,2027-02-10
2026-09-03 17:32:39,395686,employeeboss.com,15.00,CNY,2018-02-28,2027-02-28
2026-09-03 17:32:39,395686,mh025.com,20.00,CNY,2017-03-01,2027-03-01
2026-09-03 17:32:39,395686,efoxkin.com,20.00,CNY,2018-03-03,2027-03-03
2026-09-03 17:32:39,395686,zhanlanghy.com,20.00,CNY,2018-03-04,2027-03-04
2026-09-03 17:32:39,395686,scfeirui.com,20.00,CNY,2011-03-05,2027-03-05
2026-09-03 17:32:39,395686,xywztc.com,20.00,CNY,2018-03-05,2027-03-05
2026-09-03 17:32:39,395686,shangzhisheng.com,20.00,CNY,2017-03-09,2027-03-09
2026-09-03 17:32:39,395686,qianludahui.com,20.00,CNY,2014-03-13,2027-03-13
2026-09-03 17:32:39,395686,zhanzhangyuan.com,20.00,CNY,2014-03-13,2027-03-13
2026-09-03 17:32:39,395686,hnljjdgl.com,20.00,CNY,2017-03-13,2027-03-13
2026-09-03 17:32:39,395686,jinnuoyier.com,20.00,CNY,2018-03-13,2027-03-13
2026-09-03 17:32:39,395686,tuhuocang.com,20.00,CNY,2018-03-14,2027-03-14
2026-09-03 17:32:39,395686,mengtengedu.com,20.00,CNY,2018-03-21,2027-03-21
2026-09-03 17:32:39,395686,tiandinginvest.com,20.00,CNY,2016-03-21,2027-03-21
2026-09-03 17:32:39,395686,zareqi.com,20.00,CNY,2018-03-21,2027-03-21
2026-09-03 17:32:39,395686,shwfsf.com,20.00,CNY,2018-03-21,2027-03-21
2026-09-03 17:32:39,395686,ymmzjj.com,20.00,CNY,2018-03-22,2027-03-22
2026-09-03 17:32:39,395686,fzdlxwzhs.com,20.00,CNY,2018-03-22,2027-03-22
2026-09-03 17:32:39,395686,333026.com,20.00,CNY,2013-03-22,2027-03-22
2026-09-03 17:32:39,395686,hoticket001.com,20.00,CNY,2012-03-23,2027-03-23
2026-09-03 17:32:39,395686,585103.com,20.00,CNY,2018-03-23,2027-03-23
2026-09-03 17:32:39,395686,yimintianjin.com,20.00,CNY,2017-03-23,2027-03-23
2026-09-03 17:32:39,395686,hitidings.com,20.00,CNY,2018-03-23,2027-03-23
2026-09-03 17:32:39,395686,manxiangdata.com,20.00,CNY,2018-03-23,2027-03-23
2026-09-03 17:32:39,395686,expojc-smart.com,20.00,CNY,2018-03-23,2027-03-23
2026-09-03 17:32:39,395686,cfxiaochipeixun.com,20.00,CNY,2016-03-24,2027-03-24
2026-09-03 17:32:39,395686,jukaopu.com,20.00,CNY,2013-03-24,2027-03-24
2026-09-03 17:32:39,395686,dfc-wifi.com,20.00,CNY,2015-03-24,2027-03-24
2026-09-03 17:32:39,395686,sh-yxsy.com,20.00,CNY,2016-03-24,2027-03-24
2026-09-03 17:32:39,395686,lynord.com,20.00,CNY,2017-03-25,2027-03-25
2026-09-03 17:32:39,395686,55jia55.com,20.00,CNY,2018-03-24,2027-03-24
2026-09-03 17:32:39,395686,tma168.com,20.00,CNY,2018-03-24,2027-03-24
2026-09-03 17:32:39,395686,sdguoluchang.com,20.00,CNY,2018-03-24,2027-03-24
2026-09-03 17:32:39,395686,1bo1.com,20.00,CNY,2017-03-25,2027-03-25
2026-09-03 17:32:39,395686,hybm-tech.com,20.00,CNY,2015-03-25,2027-03-25
2026-09-03 17:32:39,395686,nthcsoft.com,20.00,CNY,2014-03-25,2027-03-25
2026-09-03 17:32:39,395686,ctcc10000.com,20.00,CNY,2017-03-26,2027-03-26
2026-09-03 17:32:39,395686,shihuilian.com,20.00,CNY,2012-03-26,2027-03-26
2026-09-03 17:32:39,395686,shanxiao2.com,20.00,CNY,2018-03-26,2027-03-26
2026-09-03 17:32:39,395686,kmkcoating.com,20.00,CNY,2018-03-26,2027-03-26
2026-09-03 17:32:39,395686,chumwin.com,20.00,CNY,2013-03-26,2027-03-26
2026-09-03 17:32:39,395686,szsjdy.com,20.00,CNY,2009-03-26,2027-03-26
2026-09-03 17:32:39,395686,oulangshangmao.com,20.00,CNY,2015-03-26,2027-03-26
2026-09-03 17:32:39,395686,weikewanye.com,20.00,CNY,2018-03-26,2027-03-26
2026-09-03 17:32:39,395686,96friend.com,20.00,CNY,2018-03-26,2027-03-26
2026-09-03 17:32:39,395686,wtspare.com,20.00,CNY,2015-03-26,2027-03-26
2026-09-03 17:32:39,395686,hnzqdy.com,20.00,CNY,2014-03-27,2027-03-27
2026-09-03 17:32:39,395686,nijigo.com,20.00,CNY,2015-03-27,2027-03-27
2026-09-03 17:32:39,395686,hanrong-tech.com,20.00,CNY,2018-03-28,2027-03-28
2026-09-03 17:32:39,395686,honglingzy.com,20.00,CNY,2011-03-28,2027-03-28
2026-09-03 17:32:39,395686,zbszczx.com,20.00,CNY,2026-04-22,2027-04-22
2026-09-03 17:32:39,395686,hszwfw.com,20.00,CNY,2026-04-22,2027-04-22
2026-09-03 17:32:39,395686,huixian-elite.com,20.00,CNY,2015-03-31,2027-03-31
2026-09-03 17:32:39,395686,xbsdhb.com,20.00,CNY,2017-03-31,2027-03-31
2026-09-03 17:32:39,395686,xinfushiye.com,20.00,CNY,2017-03-31,2027-03-31
2026-09-03 17:32:39,395686,83466388.com,20.00,CNY,2015-03-31,2027-03-31
2026-09-03 17:32:39,395686,x-yida.com,20.00,CNY,2016-04-01,2027-04-01
2026-09-03 17:32:39,395686,hsjwjj.com,20.00,CNY,2018-04-02,2027-04-02
2026-09-03 17:32:39,395686,whmcquay.com,20.00,CNY,2018-04-02,2027-04-02
2026-09-03 17:32:39,395686,hcwhart.com,20.00,CNY,2018-04-02,2027-04-02
2026-09-03 17:32:39,395686,lenocoat.com,20.00,CNY,2014-04-02,2027-04-02
2026-09-03 17:32:39,395686,gsjcfs.com,20.00,CNY,2016-04-02,2027-04-02
2026-09-03 17:32:45,395686,tuoqianchen.com,20.00,CNY,2016-04-02,2027-04-02
2026-09-03 17:32:45,395686,shuilailiao.com,20.00,CNY,2018-04-03,2027-04-03
2026-09-03 17:32:45,395686,mondwoo.com,20.00,CNY,2013-04-03,2027-04-03
2026-09-03 17:32:45,395686,letourbag.com,20.00,CNY,2014-04-03,2027-04-03
2026-09-03 17:32:45,395686,hhctcloud.com,20.00,CNY,2018-04-03,2027-04-03
2026-09-03 17:32:45,395686,xianyun123.com,20.00,CNY,2018-04-03,2027-04-03
2026-09-03 17:32:45,395686,fy-ev.com,20.00,CNY,2018-04-03,2027-04-03
2026-09-03 17:32:45,395686,laonichi.com,20.00,CNY,2016-04-03,2027-04-03
2026-09-03 17:32:45,395686,scqdzx.com,20.00,CNY,2015-04-03,2027-04-03
2026-09-03 17:32:45,395686,lamore-china.com,20.00,CNY,2018-04-03,2027-04-03
2026-09-03 17:32:45,395686,hldxrkj.com,20.00,CNY,2016-04-03,2027-04-03
2026-09-03 17:32:45,395686,quanyijiancai.com,20.00,CNY,2015-04-03,2027-04-03
2026-09-03 17:32:45,395686,kangxun120.com,20.00,CNY,2014-04-04,2027-04-04
2026-09-03 17:32:45,395686,yourcare720.com,20.00,CNY,2018-04-04,2027-04-04
2026-09-03 17:32:45,395686,shanghaibohuan.com,20.00,CNY,2018-04-04,2027-04-04
2026-09-03 17:32:45,395686,gzhcdjwl.com,20.00,CNY,2018-04-04,2027-04-04
2026-09-03 17:32:45,395686,cccgyy0431.com,20.00,CNY,2018-04-04,2027-04-04
2026-09-03 17:32:45,395686,lqkj023.com,20.00,CNY,2016-04-05,2027-04-05
2026-09-03 17:32:45,395686,fudeveg.com,20.00,CNY,2017-04-05,2027-04-05
2026-09-03 17:32:45,395686,fuqiantonglu.com,20.00,CNY,2013-04-05,2027-04-05
2026-09-03 17:32:45,395686,30sdc.com,20.00,CNY,2018-04-05,2027-04-05
2026-09-03 17:32:45,395686,ysmeteroa.com,20.00,CNY,2017-04-05,2027-04-05
2026-09-03 17:32:45,395686,chuanpinfood.com,20.00,CNY,2017-04-06,2027-04-06
2026-09-03 17:32:45,395686,thcqi.com,20.00,CNY,2017-04-06,2027-04-06
2026-09-03 17:32:45,395686,shanbang88.com,20.00,CNY,2017-04-06,2027-04-06
2026-09-03 17:32:45,395686,hzdlsy.com,20.00,CNY,2018-04-06,2027-04-06
2026-09-03 17:32:45,395686,racsjx.com,20.00,CNY,2017-04-06,2027-04-06
2026-09-03 17:32:45,395686,zhongguomuzi.com,20.00,CNY,2016-04-06,2027-04-06
2026-09-03 17:32:45,395686,5151bg.com,20.00,CNY,2017-04-07,2027-04-07
2026-09-03 17:32:45,395686,jiaozixiangong.com,20.00,CNY,2017-04-07,2027-04-07
2026-09-03 17:32:45,395686,67736078.com,20.00,CNY,2018-04-07,2027-04-07
2026-09-03 17:32:45,395686,hqiit.com,20.00,CNY,2015-04-07,2027-04-07
2026-09-03 17:32:45,395686,aixianpin.com,20.00,CNY,2014-04-07,2027-04-07
2026-09-03 17:32:45,395686,sd-conte.com,20.00,CNY,2012-04-07,2027-04-07
2026-09-03 17:32:45,395686,wangdaibaogao.com,20.00,CNY,2017-04-07,2027-04-07
2026-09-03 17:32:45,395686,yi-trading.com,20.00,CNY,2018-04-07,2027-04-07
2026-09-03 17:32:45,395686,bhzchl.com,20.00,CNY,2018-04-08,2027-04-08
2026-09-03 17:32:45,395686,opedrollo.com,20.00,CNY,2018-04-08,2027-04-08
2026-09-03 17:32:45,395686,datadds.com,20.00,CNY,2015-04-08,2027-04-08
2026-09-03 17:32:45,395686,ahhuoti.com,20.00,CNY,2018-04-08,2027-04-08
2026-09-03 17:32:45,395686,zhibang999.com,20.00,CNY,2018-04-08,2027-04-08
2026-09-03 17:32:45,395686,zhaokangbio.com,20.00,CNY,2015-04-08,2027-04-08
2026-09-03 17:32:45,395686,njcndp.com,20.00,CNY,2018-04-09,2027-04-09
2026-09-03 17:32:45,395686,zytaigang.com,20.00,CNY,2018-04-09,2027-04-09
2026-09-03 17:32:45,395686,18shebao.com,20.00,CNY,2018-04-09,2027-04-09
2026-09-03 17:32:45,395686,bqsns.com,20.00,CNY,2018-04-09,2027-04-09
2026-09-03 17:32:45,395686,catalwell.com,20.00,CNY,2012-04-09,2027-04-09
2026-09-03 17:32:45,395686,gzytshop.com,20.00,CNY,2016-04-09,2027-04-09
2026-09-03 17:32:45,395686,kfa003.com,20.00,CNY,2018-04-09,2027-04-09
2026-09-03 17:32:45,395686,hoythealth.com,20.00,CNY,2016-04-09,2027-04-09
2026-09-03 17:32:45,395686,zhimeikq.com,20.00,CNY,2018-04-09,2027-04-09
2026-09-03 17:32:45,395686,idanfer.com,20.00,CNY,2018-04-09,2027-04-09
2026-09-03 17:32:45,395686,dupintt.com,20.00,CNY,2014-04-09,2027-04-09
2026-09-03 17:32:45,395686,baikai888.com,20.00,CNY,2012-04-09,2027-04-09
2026-09-03 17:32:45,395686,tokotite.com,20.00,CNY,2012-04-09,2027-04-09
2026-09-03 17:32:45,395686,nuanshequ.com,20.00,CNY,2015-04-09,2027-04-09
2026-09-03 17:32:45,395686,wodcup.com,20.00,CNY,2018-04-09,2027-04-09
2026-09-03 17:32:45,395686,begasign.com,20.00,CNY,2014-04-09,2027-04-09
2026-09-03 17:32:45,395686,jzxfg.com,20.00,CNY,2018-04-09,2027-04-09
2026-09-03 17:32:45,395686,yingze100.com,20.00,CNY,2018-04-09,2027-04-09
2026-09-03 17:32:45,395686,zhilook.com,20.00,CNY,2015-04-09,2027-04-09
2026-09-03 17:32:45,395686,new0931.com,20.00,CNY,2017-04-09,2027-04-09
2026-09-03 17:32:45,395686,syruixin.com,20.00,CNY,2007-04-09,2027-04-09
2026-09-03 17:32:45,395686,zzpfssd.com,20.00,CNY,2017-04-09,2027-04-09
2026-09-03 17:32:45,395686,5rair.com,20.00,CNY,2014-04-09,2027-04-09
2026-09-03 17:32:45,395686,babalvyouwang.com,20.00,CNY,2017-04-09,2027-04-09
2026-09-03 17:32:45,395686,qywslj.com,20.00,CNY,2017-04-10,2027-04-10
2026-09-03 17:32:45,395686,jyjiwuli.com,20.00,CNY,2018-04-10,2027-04-10
2026-09-03 17:32:45,395686,zxzhpt.com,20.00,CNY,2018-04-10,2027-04-10
2026-09-03 17:32:45,395686,jyhs588.com,20.00,CNY,2018-04-10,2027-04-10
2026-09-03 17:32:45,395686,shengshiluoman.com,20.00,CNY,2017-04-10,2027-04-10
2026-09-03 17:32:45,395686,lian60.com,20.00,CNY,2018-04-10,2027-04-10
2026-09-03 17:32:45,395686,tianjinhuijin.com,20.00,CNY,2017-04-10,2027-04-10
2026-09-03 17:32:45,395686,globalh2h.com,20.00,CNY,2014-04-10,2027-04-10
2026-09-03 17:32:45,395686,guobiaoxiaofang.com,20.00,CNY,2015-04-10,2027-04-10
2026-09-03 17:32:45,395686,hmd-tmc.com,20.00,CNY,2017-04-10,2027-04-10
2026-09-03 17:32:45,395686,dgpingzheng.com,20.00,CNY,2017-04-10,2027-04-10
2026-09-03 17:32:45,395686,csmaxi.com,20.00,CNY,2018-04-10,2027-04-10
2026-09-03 17:32:45,395686,yanfurong.com,20.00,CNY,2017-04-10,2027-04-10
2026-09-03 17:32:45,395686,91aibest.com,20.00,CNY,2018-04-10,2027-04-10
2026-09-03 17:32:45,395686,bjbdnpj.com,20.00,CNY,2016-04-10,2027-04-10
2026-09-03 17:32:45,395686,hfruibang.com,20.00,CNY,2018-04-10,2027-04-10
2026-09-03 17:32:45,395686,lkqichewang.com,20.00,CNY,2016-04-10,2027-04-10
2026-09-03 17:32:45,395686,sdyzbs.com,20.00,CNY,2015-04-10,2027-04-10
2026-09-03 17:32:45,395686,yuebang888.com,20.00,CNY,2013-04-10,2027-04-10
2026-09-03 17:32:45,395686,xyyyjt.com,20.00,CNY,2018-04-10,2027-04-10
2026-09-03 17:32:45,395686,886sy.com,20.00,CNY,2017-04-10,2027-04-10
2026-09-03 17:32:45,395686,2000660.com,20.00,CNY,2018-04-11,2027-04-11
2026-09-03 17:32:45,395686,uipsh.com,20.00,CNY,2018-04-11,2027-04-11
2026-09-03 17:32:45,395686,pinhike.com,20.00,CNY,2017-04-12,2027-04-12
2026-09-03 17:32:45,395686,yghaodierp.com,20.00,CNY,2018-04-12,2027-04-12
2026-09-03 17:32:45,395686,yglongjiang.com,20.00,CNY,2018-04-12,2027-04-12
2026-09-03 17:32:45,395686,mhtquban.com,20.00,CNY,2018-04-16,2027-04-16
2026-09-03 17:32:45,395686,ecd-medicine.com,20.00,CNY,2018-04-17,2027-04-17
2026-09-03 17:32:45,395686,66slg.com,20.00,CNY,2018-04-17,2027-04-17
2026-09-03 17:32:45,395686,zaihangwang.com,20.00,CNY,2016-04-17,2027-04-17
2026-09-03 17:32:45,395686,wangdevip.com,20.00,CNY,2018-04-17,2027-04-17
2026-09-03 17:32:45,395686,smeasp.com,20.00,CNY,2007-04-17,2027-04-17
2026-09-03 17:32:45,395686,990772.com,20.00,CNY,2013-04-17,2027-04-17
2026-09-03 17:32:45,395686,cyw33.com,20.00,CNY,2015-04-17,2027-04-17
2026-09-03 17:32:45,395686,sdguanying.com,20.00,CNY,2016-04-17,2027-04-17
2026-09-03 17:32:45,395686,hrtxpay.com,20.00,CNY,2015-04-17,2027-04-17
2026-09-03 17:32:45,395686,bjxylab.com,20.00,CNY,2018-04-17,2027-04-17
2026-09-03 17:32:45,395686,cqecology.com,20.00,CNY,2017-04-17,2027-04-17
2026-09-03 17:32:45,395686,finestcam.com,20.00,CNY,2013-04-17,2027-04-17
2026-09-03 17:32:45,395686,xiongdiwangluo.com,20.00,CNY,2014-04-19,2027-04-19
2026-09-03 17:32:45,395686,gdfodian.com,20.00,CNY,2013-04-19,2027-04-19
2026-09-03 17:32:45,395686,luditaobao.com,20.00,CNY,2011-04-19,2027-04-19
2026-09-03 17:32:45,395686,shangdongmould.com,20.00,CNY,2017-04-19,2027-04-19
2026-09-03 17:32:45,395686,gzymya.com,20.00,CNY,2017-04-19,2027-04-19
2026-09-03 17:32:45,395686,xiaozhu56.com,20.00,CNY,2018-04-19,2027-04-19
2026-09-03 17:32:45,395686,hcjtsj.com,20.00,CNY,2012-04-19,2027-04-19
2026-09-03 17:32:45,395686,top-touch.com,20.00,CNY,2026-06-16,2027-04-05
2026-09-03 17:32:45,395686,floweryouth.com,20.00,CNY,2017-04-02,2027-04-02
2026-09-03 17:32:45,395686,suctiongun.com,20.00,CNY,2014-04-24,2027-04-24
2026-09-03 17:32:45,395686,lzmcjs.com,20.00,CNY,2018-04-25,2027-04-25
2026-09-03 17:32:45,395686,pythbxg.com,20.00,CNY,2018-04-25,2027-04-25
2026-09-03 17:32:45,395686,gdcinle.com,20.00,CNY,2017-04-25,2027-04-25
2026-09-03 17:32:45,395686,91haokeai.com,20.00,CNY,2017-04-25,2027-04-25
2026-09-03 17:32:45,395686,yinheyinghua.com,20.00,CNY,2018-04-25,2027-04-25
2026-09-03 17:32:45,395686,qzjiuming.com,20.00,CNY,2016-04-25,2027-04-25
2026-09-03 17:32:45,395686,lengtong56.com,20.00,CNY,2016-04-25,2027-04-25
2026-09-03 17:32:45,395686,5xwxyy.com,20.00,CNY,2016-04-25,2027-04-25
2026-09-03 17:32:45,395686,ljlgzs.com,20.00,CNY,2018-04-25,2027-04-25
2026-09-03 17:32:45,395686,dswlh.com,20.00,CNY,2015-04-25,2027-04-25
2026-09-03 17:32:45,395686,ezhuchao.com,20.00,CNY,2017-04-25,2027-04-25
2026-09-03 17:32:45,395686,zzwenzhu.com,20.00,CNY,2016-04-25,2027-04-25
2026-09-03 17:32:45,395686,jinggong2011.com,20.00,CNY,2015-04-26,2027-04-26
2026-09-03 17:32:45,395686,donyundesign.com,20.00,CNY,2018-04-26,2027-04-26
2026-09-03 17:32:45,395686,bsrxzs.com,20.00,CNY,2018-04-26,2027-04-26
2026-09-03 17:32:45,395686,sansence.com,20.00,CNY,2017-04-26,2027-04-26
2026-09-03 17:32:45,395686,zjqpline.com,20.00,CNY,2018-04-26,2027-04-26
2026-09-03 17:32:45,395686,shellhealthcare.com,20.00,CNY,2018-04-26,2027-04-26
2026-09-03 17:32:45,395686,shansongxia.com,20.00,CNY,2014-04-26,2027-04-26
2026-09-03 17:32:45,395686,hrbxdjz.com,20.00,CNY,2018-04-26,2027-04-26
2026-09-03 17:32:45,395686,rwsos.com,20.00,CNY,2015-04-26,2027-04-26
2026-09-03 17:32:45,395686,huangwangjiance.com,20.00,CNY,2018-04-26,2027-04-26
2026-09-03 17:32:45,395686,rongchengfz.com,20.00,CNY,2018-04-26,2027-04-26
2026-09-03 17:32:45,395686,studylithuania.com,20.00,CNY,2013-04-26,2027-04-26
2026-09-03 17:32:45,395686,sy955.com,20.00,CNY,2017-04-26,2027-04-26
2026-09-03 17:32:45,395686,sszyqh.com,20.00,CNY,2016-04-26,2027-04-26
2026-09-03 17:32:45,395686,tjnhsjs.com,20.00,CNY,2012-04-26,2027-04-26
2026-09-03 17:32:45,395686,otmsb2b.com,20.00,CNY,2017-04-27,2027-04-27
2026-09-03 17:32:45,395686,tgbfootwear.com,20.00,CNY,2010-04-27,2027-04-27
2026-09-03 17:32:45,395686,istanhua.com,20.00,CNY,2018-04-27,2027-04-27
2026-09-03 17:32:45,395686,hr0008.com,20.00,CNY,2018-04-27,2027-04-27
2026-09-03 17:32:45,395686,yspx999.com,20.00,CNY,2016-04-27,2027-04-27
2026-09-03 17:32:45,395686,lnxsxl.com,20.00,CNY,2017-04-27,2027-04-27
2026-09-03 17:32:45,395686,tiantiangou2.com,20.00,CNY,2017-04-28,2027-04-28
2026-09-03 17:32:45,395686,haoqumai.com,20.00,CNY,2013-04-28,2027-04-28
2026-09-03 17:32:45,395686,chihorse.com,20.00,CNY,2017-03-22,2027-03-23
2026-09-03 17:32:45,395686,czjrs.com,20.00,CNY,2015-04-30,2027-04-30
2026-09-03 17:32:45,395686,hnlzgs.com,20.00,CNY,2015-04-23,2027-04-23
2026-09-03 17:32:45,395686,chinafaba.com,20.00,CNY,2017-04-05,2027-04-06
2026-09-03 17:32:45,395686,willmama.com,20.00,CNY,2014-04-25,2027-04-25
2026-09-03 17:33:50,395686,hg888520.com,40.00,CNY,2016-09-18,2027-09-18
2026-09-03 17:33:50,395686,jspwwl.com,40.00,CNY,2019-09-05,2027-09-05
2026-09-03 17:33:50,395686,gzhengyi-n.com,40.00,CNY,2018-02-11,2027-02-11
2026-09-03 17:33:50,395686,zeqihb.com,40.00,CNY,2017-02-11,2027-02-11
2026-09-03 17:33:50,395686,taimeihc.com,40.00,CNY,2019-08-12,2027-08-12
2026-09-03 17:33:50,395686,emfh6.com,40.00,CNY,2017-02-16,2027-02-16
2026-09-03 17:33:50,395686,ggzggz66.com,40.00,CNY,2023-02-16,2027-02-16
2026-09-03 17:33:50,395686,12mnnivr.com,40.00,CNY,2017-02-10,2027-02-10
2026-09-03 17:33:50,395686,qianzhands.com,40.00,CNY,2017-02-16,2027-02-16
2026-09-03 17:33:50,395686,yinyin888.com,40.00,CNY,2020-07-23,2027-07-23
2026-09-03 17:33:50,395686,jiancaiegou.com,40.00,CNY,2017-07-10,2027-07-10
2026-09-03 17:33:50,395686,sangerenruanjian.com,40.00,CNY,2020-08-12,2027-08-12
2026-09-03 17:33:50,395686,cellknife.com,40.00,CNY,2014-07-22,2027-07-22
2026-09-03 17:33:50,395686,esjvip.com,40.00,CNY,2019-08-23,2027-08-23
2026-09-03 17:33:50,395686,yzymsp.com,40.00,CNY,2019-08-29,2027-08-29
2026-09-03 17:33:50,395686,ktjzfw.com,40.00,CNY,2019-09-04,2027-09-04
2026-09-03 17:33:50,395686,ryshzc.com,40.00,CNY,2016-09-19,2027-09-19
2026-09-03 17:33:50,395686,zhunxiangyuan.com,40.00,CNY,2025-02-14,2027-02-14
2026-09-03 17:33:50,395686,cn0509.com,40.00,CNY,2021-02-12,2027-02-12
2026-09-03 17:33:50,395686,jgw313.com,40.00,CNY,2021-02-12,2027-02-12
2026-09-03 17:33:50,395686,sh-senon.com,40.00,CNY,2017-02-13,2027-02-13
2026-09-03 17:33:50,395686,jisai-ai.com,40.00,CNY,2020-02-15,2027-02-15
2026-09-03 17:33:50,395686,hbtjgjzz.com,40.00,CNY,2019-02-15,2027-02-15
2026-09-03 17:33:50,395686,xbusvw.com,40.00,CNY,2023-02-16,2027-02-16
2026-09-03 17:33:50,395686,dkdiannao.com,40.00,CNY,2018-02-16,2027-02-16
2026-09-03 17:33:50,395686,dwskeji.com,40.00,CNY,2021-02-16,2027-02-16
2026-09-03 17:33:50,395686,fanyangdongman.com,40.00,CNY,2016-02-16,2027-02-16
2026-09-03 17:33:50,395686,pxppx2.com,40.00,CNY,2021-02-16,2027-02-16
2026-09-03 17:33:50,395686,naijiudj.com,40.00,CNY,2019-02-16,2027-02-16
2026-09-03 17:33:50,395686,hb-txjx.com,40.00,CNY,2017-02-16,2027-02-16
2026-09-03 17:33:50,395686,ixiatu.com,40.00,CNY,2018-02-16,2027-02-16
2026-09-03 17:33:50,395686,halsds.com,40.00,CNY,2021-02-16,2027-02-16
2026-09-03 17:33:50,395686,xnhdqc.com,40.00,CNY,2017-02-16,2027-02-16
2026-09-03 17:33:50,395686,51hjjt.com,40.00,CNY,2017-02-17,2027-02-17
2026-09-03 17:33:50,395686,hbzd100.com,40.00,CNY,2017-02-17,2027-02-17
2026-09-03 17:33:50,395686,hnhmnt.com,40.00,CNY,2021-02-17,2027-02-17
2026-09-03 17:33:50,395686,chewu110.com,40.00,CNY,2017-02-17,2027-02-17
2026-09-03 17:33:50,395686,czbhjx.com,40.00,CNY,2021-02-17,2027-02-17
2026-09-03 17:33:50,395686,shymdzkj.com,40.00,CNY,2019-02-17,2027-02-17
2026-09-03 17:33:50,395686,sjymtcloud.com,40.00,CNY,2017-02-17,2027-02-17
2026-09-03 17:33:50,395686,xmjdkj.com,40.00,CNY,2016-02-17,2027-02-17
2026-09-03 17:33:50,395686,ytscouts.com,40.00,CNY,2016-02-17,2027-02-17
2026-09-03 17:33:50,395686,ahxmzn.com,40.00,CNY,2020-02-18,2027-02-18
2026-09-03 17:33:50,395686,gzzxlhs.com,40.00,CNY,2020-02-18,2027-02-18
2026-09-03 17:33:50,395686,wpihpf.com,40.00,CNY,2020-02-18,2027-02-18
2026-09-03 17:33:50,395686,gdcysc.com,40.00,CNY,2019-02-22,2027-02-22
2026-09-03 17:33:50,395686,bestestshoes.com,40.00,CNY,2023-02-23,2027-02-23
2026-09-03 17:33:50,395686,z3tkd.com,40.00,CNY,2021-02-26,2027-02-26
2026-09-03 17:33:50,395686,yuantuorenli.com,40.00,CNY,2023-02-27,2027-02-27
2026-09-03 17:33:50,395686,gxypjt.com,40.00,CNY,2022-02-28,2027-02-28
2026-09-03 17:33:50,395686,rftfood.com,40.00,CNY,2023-03-02,2027-03-02
2026-09-03 17:33:50,395686,qingzhigucryp.com,40.00,CNY,2023-03-03,2027-03-03
2026-09-03 17:33:50,395686,qinghangzhijiao.com,40.00,CNY,2023-03-06,2027-03-06
2026-09-03 17:33:50,395686,szjuyinengyuan.com,40.00,CNY,2023-03-06,2027-03-06
2026-09-03 17:33:50,395686,nbdvpw.com,40.00,CNY,2025-04-02,2027-04-02
2026-09-03 17:33:50,395686,blswgu.com,40.00,CNY,2025-04-02,2027-04-02
2026-09-03 17:33:50,395686,rfqmik.com,40.00,CNY,2025-04-02,2027-04-02
2026-09-03 17:33:50,395686,zposnf.com,40.00,CNY,2025-04-10,2027-04-10
2026-09-03 17:33:50,395686,jmfunction.com,40.00,CNY,2023-03-21,2027-03-21
2026-09-03 17:33:50,395686,sdlxtf888.com,40.00,CNY,2018-03-21,2027-03-21
2026-09-03 17:33:50,395686,zychjszp.com,40.00,CNY,2022-03-24,2027-03-24
2026-09-03 17:33:50,395686,liangxindianshang.com,40.00,CNY,2021-04-08,2027-04-08
2026-09-03 17:33:50,395686,qfkzwh.com,40.00,CNY,2016-04-12,2027-04-12
2026-09-03 17:33:50,395686,hdhbw.com,40.00,CNY,2025-08-03,2027-08-03
2026-09-03 17:33:50,395686,shandianshoulh.com,40.00,CNY,2025-08-04,2027-08-04
2026-09-03 17:33:50,395686,qifangyida.com,40.00,CNY,2021-07-13,2027-07-13
2026-09-03 17:33:50,395686,jurongmy.com,40.00,CNY,2019-07-15,2027-07-15
2026-09-03 17:33:50,395686,aishang2017.com,40.00,CNY,2019-07-15,2027-07-15
2026-09-03 17:33:50,395686,suyouzhibing.com,40.00,CNY,2019-07-15,2027-07-15
2026-09-03 17:33:50,395686,kskmkj.com,40.00,CNY,2021-07-16,2027-07-16
2026-09-03 17:33:50,395686,huanmeng6.com,40.00,CNY,2018-07-17,2027-07-17
2026-09-03 17:33:50,395686,szhgt0769.com,40.00,CNY,2020-07-17,2027-07-17
2026-09-03 17:33:50,395686,ich365.com,40.00,CNY,2018-07-18,2027-07-18
2026-09-03 17:33:50,395686,paibaotong.com,40.00,CNY,2020-07-18,2027-07-18
2026-09-03 17:33:50,395686,huichaokong.com,40.00,CNY,2020-07-19,2027-07-19
2026-09-03 17:33:50,395686,shjiafen.com,40.00,CNY,2020-07-19,2027-07-19
2026-09-03 17:33:50,395686,xmezcw.com,40.00,CNY,2019-07-19,2027-07-19
2026-09-03 17:33:50,395686,srzyrl.com,40.00,CNY,2019-07-19,2027-07-19
2026-09-03 17:33:50,395686,xylywlgs.com,40.00,CNY,2021-07-21,2027-07-21
2026-09-03 17:33:50,395686,atcpcb.com,40.00,CNY,2021-07-22,2027-07-22
2026-09-03 17:33:50,395686,kowa70.com,40.00,CNY,2019-07-22,2027-07-22
2026-09-03 17:33:50,395686,kowa80.com,40.00,CNY,2019-07-22,2027-07-22
2026-09-03 17:33:50,395686,serinasia2019.com,40.00,CNY,2019-08-08,2027-08-08
2026-09-03 17:33:50,395686,ptzhcs.com,40.00,CNY,2016-08-08,2027-08-08
2026-09-03 17:33:50,395686,vcrstatic.com,40.00,CNY,2016-08-08,2027-08-08
2026-09-03 17:33:50,395686,omaddesign.com,40.00,CNY,2025-09-15,2027-09-15
2026-09-03 17:33:50,395686,cdqygl.com,40.00,CNY,2025-09-15,2027-09-15
2026-09-03 17:33:50,395686,92773sf.com,40.00,CNY,2025-09-12,2027-09-12
2026-09-03 17:33:50,395686,91qitou.com,40.00,CNY,2025-09-16,2027-09-16
2026-09-03 17:33:50,395686,lsdgkj.com,40.00,CNY,2019-08-23,2027-08-23
2026-09-03 17:33:50,395686,xgflzx.com,40.00,CNY,2019-08-23,2027-08-23
2026-09-03 17:33:50,395686,sej901.com,40.00,CNY,2016-08-23,2027-08-23
2026-09-03 17:33:50,395686,zjkhnw.com,40.00,CNY,2016-08-23,2027-08-23
2026-09-03 17:33:50,395686,stevequaylr.com,40.00,CNY,2025-09-17,2027-09-17
2026-09-03 17:33:50,395686,sjmysg.com,40.00,CNY,2020-08-24,2027-08-24
2026-09-03 17:33:50,395686,nyjhkj.com,40.00,CNY,2018-08-24,2027-08-24
2026-09-03 17:33:50,395686,trwhsj.com,40.00,CNY,2020-08-25,2027-08-25
2026-09-03 17:33:50,395686,meimanshun.com,40.00,CNY,2024-08-26,2027-08-26
2026-09-03 17:33:50,395686,jdszpx.com,40.00,CNY,2025-09-20,2027-09-20
2026-09-03 17:33:50,395686,zhjyhd.com,40.00,CNY,2020-08-28,2027-08-28
2026-09-03 17:33:50,395686,pzxhkil.com,40.00,CNY,2025-09-22,2027-09-22
2026-09-03 17:33:50,395686,hbnfwz.com,40.00,CNY,2020-08-29,2027-08-29
2026-09-03 17:33:50,395686,sjgsmm.com,40.00,CNY,2017-08-29,2027-08-29
2026-09-03 17:33:50,395686,jylzsm.com,40.00,CNY,2017-08-29,2027-08-29
2026-09-03 17:33:50,395686,zhuangxiaomao.com,40.00,CNY,2025-09-19,2027-09-19
2026-09-03 17:33:50,395686,cnmjbz.com,40.00,CNY,2020-08-30,2027-08-30
2026-09-03 17:33:50,395686,kmpxkj.com,40.00,CNY,2017-08-30,2027-08-30
2026-09-03 17:33:50,395686,qlhfxc.com,40.00,CNY,2018-08-30,2027-08-30
2026-09-03 17:33:50,395686,hyyczz.com,40.00,CNY,2020-08-31,2027-08-31
2026-09-03 17:33:50,395686,xphbgs.com,40.00,CNY,2017-09-01,2027-09-01
2026-09-03 17:33:50,395686,tacifang.com,40.00,CNY,2025-09-26,2027-09-26
2026-09-03 17:33:50,395686,988ux.com,40.00,CNY,2025-09-26,2027-09-26
2026-09-03 17:33:50,395686,hnzz2.com,40.00,CNY,2020-09-02,2027-09-02
2026-09-03 17:33:50,395686,jtypy.com,40.00,CNY,2020-09-03,2027-09-03
2026-09-03 17:33:50,395686,114w-w.com,40.00,CNY,2020-09-04,2027-09-04
2026-09-03 17:33:50,395686,xfxqbf.com,40.00,CNY,2025-09-29,2027-09-29
2026-09-03 17:33:50,395686,oexjdi.com,40.00,CNY,2025-09-29,2027-09-29
2026-09-03 17:33:50,395686,hkgjcl.com,40.00,CNY,2018-09-05,2027-09-05
2026-09-03 17:33:50,395686,cgycl.com,40.00,CNY,2020-09-05,2027-09-05
2026-09-03 17:33:50,395686,cnjlkj.com,40.00,CNY,2020-09-05,2027-09-05
2026-09-03 17:33:50,395686,wfyhsg.com,40.00,CNY,2020-09-05,2027-09-05
2026-09-03 17:33:50,395686,gxbzwl.com,40.00,CNY,2020-09-06,2027-09-06
2026-09-03 17:33:50,395686,hnwjfs.com,40.00,CNY,2019-09-06,2027-09-06
2026-09-03 17:33:50,395686,s-ppro.com,40.00,CNY,2018-09-07,2027-09-07
2026-09-03 17:33:50,395686,sxrfcl.com,40.00,CNY,2019-09-08,2027-09-08
2026-09-03 17:33:50,395686,kljx68.com,40.00,CNY,2019-09-09,2027-09-09
2026-09-03 17:33:50,395686,ofo411.com,40.00,CNY,2017-09-09,2027-09-09
2026-09-03 17:33:50,395686,prospectvisa.com,40.00,CNY,2022-09-10,2027-09-10
2026-09-03 17:33:50,395686,firstfisher.com,40.00,CNY,2020-09-12,2027-09-12
2026-09-03 17:33:50,395686,51flgo.com,40.00,CNY,2018-09-12,2027-09-12
2026-09-03 17:33:50,395686,prettechyun.com,40.00,CNY,2022-09-14,2027-09-14
2026-09-03 17:33:50,395686,slnjx.com,40.00,CNY,2011-09-14,2027-09-14
2026-09-03 17:33:50,395686,kld-yx.com,40.00,CNY,2020-09-15,2027-09-15
2026-09-03 17:33:50,395686,yfwuye.com,40.00,CNY,2020-09-15,2027-09-15
2026-09-03 17:33:50,395686,hnjkwl55.com,40.00,CNY,2022-09-16,2027-09-16
2026-09-03 17:33:50,395686,028xdh.com,40.00,CNY,2013-09-17,2027-09-17
2026-09-03 17:33:50,395686,tj-ydt.com,40.00,CNY,2018-09-17,2027-09-17
2026-09-03 17:33:50,395686,wfygmy.com,40.00,CNY,2018-09-17,2027-09-17
2026-09-03 17:33:50,395686,tsywms.com,40.00,CNY,2017-09-18,2027-09-18
2026-09-03 17:33:50,395686,pcy68.com,40.00,CNY,2019-09-18,2027-09-18
2026-09-03 17:33:50,395686,qie6.com,40.00,CNY,2020-09-18,2027-09-18
2026-09-03 17:33:50,395686,zlafw.com,40.00,CNY,2017-09-18,2027-09-18
2026-09-03 17:33:50,395686,zgljzx.com,40.00,CNY,2018-09-18,2027-09-18
2026-09-03 17:33:50,395686,bdytzj.com,40.00,CNY,2017-09-19,2027-09-19
2026-09-03 17:33:50,395686,lhwtny.com,40.00,CNY,2018-09-19,2027-09-19
2026-09-03 17:33:50,395686,sqc315.com,40.00,CNY,2019-09-19,2027-09-19
2026-09-03 17:33:50,395686,htbzpc.com,40.00,CNY,2017-09-21,2027-09-21
2026-09-03 17:33:50,395686,xqkxf.com,40.00,CNY,2020-09-22,2027-09-22
2026-09-03 17:33:50,395686,szghcm.com,40.00,CNY,2019-09-27,2027-09-27
2026-09-03 17:33:50,395686,pz-1.com,40.00,CNY,2020-09-28,2027-09-28
2026-09-03 17:33:50,395686,bgkcrm.com,40.00,CNY,2019-09-30,2027-09-30
2026-09-03 17:33:50,395686,aibaikeji.com,40.00,CNY,2018-02-17,2027-02-17
2026-09-03 17:33:50,395686,xingyuewei.com,40.00,CNY,2021-02-13,2027-02-13
2026-09-03 17:33:50,395686,tzmzfq.com,40.00,CNY,2025-02-18,2027-02-18
2026-09-03 17:33:50,395686,wmshenghuo.com,40.00,CNY,2023-02-18,2027-02-18
2026-09-03 17:33:50,395686,wentianhouseware.com,40.00,CNY,2023-02-15,2027-02-15
2026-09-03 17:33:50,395686,zhifa199.com,40.00,CNY,2019-02-14,2027-02-14
2026-09-03 17:33:50,395686,yx707.com,40.00,CNY,2017-02-13,2027-02-13
2026-09-03 17:33:50,395686,mei-wen.com,40.00,CNY,2016-02-17,2027-02-17
2026-09-03 17:33:50,395686,rczhcg.com,40.00,CNY,2025-02-16,2027-02-16
2026-09-03 17:33:50,395686,otter-innov.com,40.00,CNY,2022-02-18,2027-02-18
2026-09-03 17:33:50,395686,teluosi999.com,40.00,CNY,2023-02-15,2027-02-15
2026-09-03 17:33:50,395686,teluosi666.com,40.00,CNY,2023-02-15,2027-02-15
2026-09-03 17:33:50,395686,teluosi66.com,40.00,CNY,2023-02-15,2027-02-15
2026-09-03 17:33:50,395686,teluosi688.com,40.00,CNY,2023-02-15,2027-02-15
2026-09-03 17:33:50,395686,teluosi99.com,40.00,CNY,2023-02-15,2027-02-15
2026-09-03 17:33:50,395686,silu100.com,40.00,CNY,2017-02-17,2027-02-17
2026-09-03 17:33:50,395686,scxianxin.com,40.00,CNY,2021-02-17,2027-02-17
2026-09-03 17:33:50,395686,teluosi123.com,40.00,CNY,2023-02-15,2027-02-15
2026-09-03 17:33:50,395686,szzhongkeyu.com,40.00,CNY,2023-02-18,2027-02-18
2026-09-03 17:33:50,395686,ncaqws.com,40.00,CNY,2021-02-13,2027-02-13
2026-09-03 17:33:50,395686,jljzkm.com,40.00,CNY,2018-02-14,2027-02-14
2026-09-03 17:33:50,395686,liansongguandao.com,40.00,CNY,2023-02-16,2027-02-16
2026-09-03 17:33:50,395686,fangguanvip.com,40.00,CNY,2020-02-11,2027-02-11
2026-09-03 17:33:50,395686,dszb168.com,40.00,CNY,2016-02-18,2027-02-18
2026-09-03 17:33:50,395686,zhenhezg.com,40.00,CNY,2023-02-16,2027-02-16
2026-09-03 17:33:50,395686,h0315.com,40.00,CNY,2014-02-12,2027-02-12
2026-09-03 17:33:50,395686,cnctcase.com,40.00,CNY,2025-02-14,2027-02-14
2026-09-03 17:33:50,395686,cqymsf.com,40.00,CNY,2023-02-16,2027-02-16
2026-09-03 17:33:50,395686,chanwootires.com,40.00,CNY,2016-02-14,2027-02-14
2026-09-03 17:33:50,395686,baojinmi.com,40.00,CNY,2018-02-07,2027-02-07
2026-09-03 17:33:50,395686,315541.com,40.00,CNY,2019-02-14,2027-02-14
2026-09-03 17:33:50,395686,bjtxjiarui.com,40.00,CNY,2023-02-15,2027-02-15
2026-09-03 17:33:50,395686,zixiaowenhua.com,40.00,CNY,2023-02-24,2027-02-24
2026-09-03 17:33:50,395686,ordpfp.com,40.00,CNY,2023-02-23,2027-02-23
2026-09-03 17:33:50,395686,icgos-e.com,40.00,CNY,2023-02-28,2027-02-28
2026-09-03 17:33:50,395686,jgsgx.com,40.00,CNY,2025-02-22,2027-02-22
2026-09-03 17:33:50,395686,aiuniversedigital.com,40.00,CNY,2023-02-27,2027-02-27
2026-09-03 17:33:50,395686,scyxpp.com,40.00,CNY,2023-02-20,2027-02-20
2026-09-03 17:33:50,395686,zgxfwall.com,40.00,CNY,2022-02-23,2027-02-23
2026-09-03 17:33:50,395686,kxzwy.com,40.00,CNY,2025-02-21,2027-02-21
2026-09-03 17:33:50,395686,haizitan.com,40.00,CNY,2022-02-23,2027-02-23
2026-09-03 17:33:50,395686,bfnbh5.com,40.00,CNY,2019-02-22,2027-02-22
2026-09-03 17:33:50,395686,52paojiu.com,40.00,CNY,2021-02-25,2027-02-25
2026-09-03 17:33:50,395686,xbdswl.com,40.00,CNY,2025-02-23,2027-02-23
2026-09-03 17:33:50,395686,rhbgp.com,40.00,CNY,2023-02-28,2027-02-28
2026-09-03 17:33:50,395686,zzsjkjys.com,40.00,CNY,2025-02-22,2027-02-22
2026-09-03 17:33:50,395686,gaoxianghui.com,40.00,CNY,2023-02-26,2027-02-26
2026-09-03 17:33:50,395686,kuaishang56.com,40.00,CNY,2017-02-20,2027-02-20
2026-09-03 17:33:50,395686,schulan1688.com,40.00,CNY,2023-02-23,2027-02-23
2026-09-03 17:33:50,395686,wqskt.com,40.00,CNY,2022-02-24,2027-02-24
2026-09-03 17:33:50,395686,meiwentec.com,40.00,CNY,2023-02-21,2027-02-21
2026-09-03 17:33:50,395686,jihelu.com,40.00,CNY,2023-02-24,2027-02-24
2026-09-03 17:33:50,395686,kzjswkj.com,40.00,CNY,2022-02-26,2027-02-26
2026-09-03 17:33:50,395686,aaadds.com,40.00,CNY,2023-02-24,2027-02-24
2026-09-03 17:33:50,395686,yuantongjs.com,40.00,CNY,2020-03-04,2027-03-04
2026-09-03 17:33:50,395686,grtfzp.com,40.00,CNY,2021-03-09,2027-03-09
2026-09-03 17:33:50,395686,xmlyvip.com,40.00,CNY,2021-03-03,2027-03-03
2026-09-03 17:33:50,395686,sadkfr.com,40.00,CNY,2023-03-04,2027-03-04
2026-09-03 17:33:50,395686,obewpz.com,40.00,CNY,2023-03-04,2027-03-04
2026-09-03 17:33:50,395686,yrhl8888.com,40.00,CNY,2023-03-01,2027-03-01
2026-09-03 17:33:50,395686,hzdedu.com,40.00,CNY,2023-03-01,2027-03-01
2026-09-03 17:33:50,395686,dirtyairtv.com,40.00,CNY,2016-03-01,2027-03-01
2026-09-03 17:33:50,395686,wlz620.com,40.00,CNY,2019-03-04,2027-03-04
2026-09-03 17:33:50,395686,xiaodu88.com,40.00,CNY,2019-03-04,2027-03-04
2026-09-03 17:33:50,395686,shjhkjyxgs.com,40.00,CNY,2023-03-01,2027-03-01
2026-09-03 17:33:50,395686,igvwa.com,40.00,CNY,2023-03-04,2027-03-04
2026-09-03 17:33:50,395686,yomowan.com,40.00,CNY,2016-03-03,2027-03-03
2026-09-03 17:33:50,395686,wukongtaoche.com,40.00,CNY,2021-03-08,2027-03-08
2026-09-03 17:33:50,395686,nongbocity.com,40.00,CNY,2022-03-07,2027-03-07
2026-09-03 17:33:50,395686,kuaiyunma.com,40.00,CNY,2016-03-05,2027-03-05
2026-09-03 17:33:50,395686,dakads.com,40.00,CNY,2021-03-05,2027-03-05
2026-09-03 17:33:50,395686,xhzfpay.com,40.00,CNY,2023-03-06,2027-03-06
2026-09-03 17:33:50,395686,zjybst.com,40.00,CNY,2023-03-07,2027-03-07
2026-09-03 17:33:50,395686,xiyylove.com,40.00,CNY,2023-03-06,2027-03-06
2026-09-03 17:33:50,395686,quanmain.com,40.00,CNY,2023-03-08,2027-03-08
2026-09-03 17:33:50,395686,xmfengli.com,40.00,CNY,2023-03-06,2027-03-06
2026-09-03 17:33:50,395686,binxiangvideo.com,40.00,CNY,2020-03-07,2027-03-07
2026-09-03 17:33:50,395686,kmccns.com,40.00,CNY,2022-03-08,2027-03-08
2026-09-03 17:33:50,395686,tesilei.com,40.00,CNY,2021-03-13,2027-03-13
2026-09-03 17:33:50,395686,rrautobrokers.com,40.00,CNY,2023-03-13,2027-03-13
2026-09-03 17:33:50,395686,icytt.com,40.00,CNY,2016-03-08,2027-03-08
2026-09-03 17:33:50,395686,jimagouwu.com,40.00,CNY,2022-03-08,2027-03-08
2026-09-03 17:33:50,395686,anhuicaiyue.com,40.00,CNY,2023-03-10,2027-03-10
2026-09-03 17:33:50,395686,fengjingvip.com,40.00,CNY,2023-03-10,2027-03-10
2026-09-03 17:33:50,395686,kangkanginhome.com,40.00,CNY,2019-03-08,2027-03-08
2026-09-03 17:33:50,395686,hstydms.com,40.00,CNY,2023-03-08,2027-03-08
2026-09-03 17:33:50,395686,993zu.com,40.00,CNY,2023-03-13,2027-03-13
2026-09-03 17:33:50,395686,huiyiyoujia.com,40.00,CNY,2021-03-08,2027-03-08
2026-09-03 17:33:50,395686,blstonecg.com,40.00,CNY,2023-03-10,2027-03-10
2026-09-03 17:33:50,395686,guolianhuanbao.com,40.00,CNY,2021-03-09,2027-03-09
2026-09-03 17:33:50,395686,xhw10086.com,40.00,CNY,2020-03-09,2027-03-09
2026-09-03 17:33:50,395686,lllicca.com,40.00,CNY,2023-03-15,2027-03-15
2026-09-03 17:33:50,395686,yongxu2019.com,40.00,CNY,2019-03-15,2027-03-15
2026-09-03 17:33:50,395686,nyfirstman.com,40.00,CNY,2022-03-21,2027-03-21
2026-09-03 17:33:50,395686,ssstfc.com,40.00,CNY,2023-03-23,2027-03-23
2026-09-03 17:33:50,395686,ycxbhw.com,40.00,CNY,2023-03-23,2027-03-23
2026-09-03 17:33:50,395686,ka9550.com,40.00,CNY,2017-03-17,2027-03-17
2026-09-03 17:33:50,395686,jyls2023.com,40.00,CNY,2023-03-23,2027-03-23
2026-09-03 17:33:50,395686,adxjw.com,40.00,CNY,2023-03-22,2027-03-22
2026-09-03 17:33:50,395686,ysczmuet.com,40.00,CNY,2023-03-21,2027-03-21
2026-09-03 17:33:50,395686,wuwaidt.com,40.00,CNY,2021-03-23,2027-03-23
2026-09-03 17:33:50,395686,taidingla.com,40.00,CNY,2023-03-21,2027-03-21
2026-09-03 17:33:50,395686,5aren.com,40.00,CNY,2013-03-25,2027-03-25
2026-09-03 17:33:50,395686,xynckl.com,40.00,CNY,2023-03-21,2027-03-21
2026-09-03 17:33:50,395686,woaisouyou.com,40.00,CNY,2023-03-21,2027-03-21
2026-09-03 17:33:50,395686,ronglaishangwu.com,40.00,CNY,2022-03-17,2027-03-17
2026-09-03 17:33:50,395686,xgrtjs.com,40.00,CNY,2023-03-21,2027-03-21
2026-09-03 17:33:50,395686,cdpotato.com,40.00,CNY,2021-03-17,2027-03-17
2026-09-03 17:33:50,395686,privacyinshield.com,40.00,CNY,2021-03-25,2027-03-25
2026-09-03 17:33:50,395686,dongke123.com,40.00,CNY,2023-03-21,2027-03-21
2026-09-03 17:33:50,395686,bjysyjzgs.com,40.00,CNY,2023-03-15,2027-03-15
2026-09-03 17:33:50,395686,yuanqishop.com,40.00,CNY,2023-03-17,2027-03-17
2026-09-03 17:33:50,395686,kabao6.com,40.00,CNY,2017-03-15,2027-03-15
2026-09-03 17:33:50,395686,wdsm-shopp.com,40.00,CNY,2023-03-17,2027-03-17
2026-09-03 17:33:50,395686,vipzsk.com,40.00,CNY,2022-03-17,2027-03-17
2026-09-03 17:33:50,395686,duchygalaxy.com,40.00,CNY,2023-03-21,2027-03-21
2026-09-03 17:33:50,395686,bjtdyscm.com,40.00,CNY,2022-03-15,2027-03-15
2026-09-03 17:33:50,395686,uuqp888.com,40.00,CNY,2023-03-18,2027-03-18
2026-09-03 17:33:50,395686,sscgy.com,40.00,CNY,2023-03-22,2027-03-22
2026-09-03 17:33:50,395686,zzzhixu.com,40.00,CNY,2019-03-22,2027-03-22
2026-09-03 17:33:50,395686,yt-fdbh.com,40.00,CNY,2023-03-21,2027-03-21
2026-09-03 17:33:50,395686,shexinkeji.com,40.00,CNY,2023-03-22,2027-03-22
2026-09-03 17:33:50,395686,shmf2023.com,40.00,CNY,2023-03-23,2027-03-23
2026-09-03 17:33:50,395686,cqfqkj.com,40.00,CNY,2019-03-15,2027-03-15
2026-09-03 17:33:50,395686,xmqjy.com,40.00,CNY,2023-03-21,2027-03-21
2026-09-03 17:33:50,395686,hfyueyu.com,40.00,CNY,2023-03-23,2027-03-23
2026-09-03 17:33:50,395686,702395.com,40.00,CNY,2023-03-21,2027-03-21
2026-09-03 17:33:50,395686,jywifi.com,40.00,CNY,2021-03-21,2027-03-21
2026-09-03 17:33:50,395686,wwbbh.com,40.00,CNY,2023-03-22,2027-03-22
2026-09-03 17:33:50,395686,ylywim.com,40.00,CNY,2023-03-20,2027-03-20
2026-09-03 17:33:50,395686,baishuogongying.com,40.00,CNY,2022-03-21,2027-03-21
2026-09-03 17:33:50,395686,xp7888.com,40.00,CNY,2018-03-15,2027-03-15
2026-09-03 17:33:50,395686,mmwrjs.com,40.00,CNY,2023-03-22,2027-03-22
2026-09-03 17:33:50,395686,wnfehg.com,40.00,CNY,2023-03-21,2027-03-21
2026-09-03 17:33:50,395686,cetsafe.com,40.00,CNY,2021-03-22,2027-03-22
2026-09-03 17:33:50,395686,yiluzhanggao.com,40.00,CNY,2021-03-24,2027-03-24
2026-09-03 17:33:50,395686,live-art-x.com,40.00,CNY,2023-03-22,2027-03-22
2026-09-03 17:33:50,395686,whgf56.com,40.00,CNY,2021-03-17,2027-03-17
2026-09-03 17:33:50,395686,qzmtsh.com,40.00,CNY,2023-03-14,2027-03-14
2026-09-03 17:33:50,395686,kitelw.com,40.00,CNY,2023-03-15,2027-03-15
2026-09-03 17:33:50,395686,lnhh777.com,40.00,CNY,2023-03-17,2027-03-17
2026-09-03 17:33:50,395686,hmjy41319.com,40.00,CNY,2019-03-23,2027-03-23
2026-09-03 17:33:50,395686,dfyzfa.com,40.00,CNY,2023-03-20,2027-03-20
2026-09-03 17:33:50,395686,blsjzj.com,40.00,CNY,2019-03-25,2027-03-25
2026-09-03 17:33:50,395686,dzjsww.com,40.00,CNY,2023-03-22,2027-03-22
2026-09-03 17:33:50,395686,jxzpxh.com,40.00,CNY,2023-03-23,2027-03-23
2026-09-03 17:33:50,395686,wz-fdbh.com,40.00,CNY,2023-03-21,2027-03-21
2026-09-03 17:33:50,395686,jxvrsy.com,40.00,CNY,2021-03-24,2027-03-24
2026-09-03 17:33:50,395686,belgelo.com,40.00,CNY,2019-03-25,2027-03-25
2026-09-03 17:33:50,395686,yzwlkjgs.com,40.00,CNY,2022-03-17,2027-03-17
2026-09-03 17:33:50,395686,tdcyt.com,40.00,CNY,2018-04-03,2027-04-03
2026-09-03 17:33:50,395686,yunkaisheng.com,40.00,CNY,2020-04-03,2027-04-03
2026-09-03 17:33:50,395686,sjzabmy.com,40.00,CNY,2016-04-12,2027-04-12
2026-09-03 17:33:50,395686,huiwanzx.com,40.00,CNY,2025-04-07,2027-04-07
2026-09-03 17:33:50,395686,gcswyy.com,40.00,CNY,2020-04-09,2027-04-09
2026-09-03 17:33:50,395686,klhczx.com,40.00,CNY,2021-04-13,2027-04-13
2026-09-03 17:33:50,395686,shangyinshuiye.com,40.00,CNY,2021-04-08,2027-04-08
2026-09-03 17:33:50,395686,wisefunky.com,40.00,CNY,2021-04-08,2027-04-08
2026-09-03 17:33:50,395686,sitoytuscans.com,40.00,CNY,2020-04-07,2027-04-07
2026-09-03 17:33:50,395686,linkxcreative.com,40.00,CNY,2015-04-10,2027-04-10
2026-09-03 17:33:50,395686,o-wisdomba.com,40.00,CNY,2019-04-10,2027-04-10
2026-09-03 17:33:50,395686,froggolden.com,40.00,CNY,2018-04-11,2027-04-11
2026-09-03 17:33:50,395686,bjshixing.com,40.00,CNY,2021-04-12,2027-04-12
2026-09-03 17:33:50,395686,rongfengsport.com,40.00,CNY,2021-04-12,2027-04-12
2026-09-03 17:33:50,395686,bjxinjingyuan.com,40.00,CNY,2020-04-02,2027-04-02
2026-09-03 17:33:50,395686,94ibook.com,40.00,CNY,2019-04-02,2027-04-02
2026-09-03 17:33:50,395686,zhengshidianqi.com,40.00,CNY,2021-04-12,2027-04-12
2026-09-03 17:33:50,395686,huaxianzinew.com,40.00,CNY,2020-04-13,2027-04-13
2026-09-03 17:33:50,395686,drsxgj.com,40.00,CNY,2019-04-10,2027-04-10
2026-09-03 17:33:50,395686,13515847307.com,40.00,CNY,2019-04-10,2027-04-10
2026-09-03 17:33:50,395686,zhuiyibao.com,40.00,CNY,2020-04-06,2027-04-06
2026-09-03 17:33:50,395686,skyrizonpicture.com,40.00,CNY,2015-04-13,2027-04-13
2026-09-03 17:33:50,395686,yzgsyszx.com,40.00,CNY,2025-04-18,2027-04-18
2026-09-03 17:33:50,395686,huashanjixiao.com,40.00,CNY,2025-04-08,2027-04-08
2026-09-03 17:33:50,395686,ayxfgj.com,40.00,CNY,2025-04-14,2027-04-14
2026-09-03 17:33:50,395686,shibuwoyu.com,40.00,CNY,2020-04-20,2027-04-20
2026-09-03 17:33:50,395686,jzxm19.com,40.00,CNY,2025-04-20,2027-04-20
2026-09-03 17:33:50,395686,dencpzs.com,40.00,CNY,2025-04-19,2027-04-19
2026-09-03 17:33:50,395686,wmkucun.com,40.00,CNY,2019-04-30,2027-04-30
2026-09-03 17:33:50,395686,nbaibosen.com,40.00,CNY,2016-04-28,2027-04-28
2026-09-03 17:33:50,395686,wxyzzs.com,40.00,CNY,2018-04-24,2027-04-24
2026-09-03 17:33:50,395686,qqlyzd.com,40.00,CNY,2019-04-29,2027-04-29
2026-09-03 17:33:50,395686,tsjt365.com,40.00,CNY,2020-04-29,2027-04-29
2026-09-03 17:33:50,395686,sdchuzhibaosk.com,40.00,CNY,2020-04-30,2027-04-30
2026-09-03 17:33:50,395686,yishuoyihua.com,40.00,CNY,2019-04-29,2027-04-29
2026-09-03 17:33:50,395686,szfqjy.com,40.00,CNY,2020-04-22,2027-04-22
2026-09-03 17:33:50,395686,4008200205.com,40.00,CNY,2014-04-23,2027-04-23
2026-09-03 17:33:50,395686,ciomoo.com,40.00,CNY,2020-04-23,2027-04-23
2026-09-03 17:33:50,395686,czhuayijixie.com,40.00,CNY,2021-04-22,2027-04-22
2026-09-03 17:33:50,395686,ug5g5g.com,40.00,CNY,2021-04-21,2027-04-21
2026-09-03 17:33:50,395686,kbtsafe.com,40.00,CNY,2020-04-21,2027-04-21
2026-09-03 17:33:50,395686,doallcollect.com,40.00,CNY,2019-04-26,2027-04-26
2026-09-03 17:33:50,395686,logosoperation.com,40.00,CNY,2021-04-25,2027-04-25
2026-09-03 17:33:50,395686,ordoszjb.com,40.00,CNY,2025-04-22,2027-04-22
2026-09-03 17:33:50,395686,srsdsyey.com,40.00,CNY,2025-04-27,2027-04-27
2026-09-03 17:33:50,395686,wf12349.com,40.00,CNY,2025-04-22,2027-04-22
2026-09-03 17:33:50,395686,sgzjip.com,40.00,CNY,2025-04-22,2027-04-22
2026-09-03 17:33:50,395686,xinyifayuandangjian.com,40.00,CNY,2025-04-26,2027-04-26
2026-09-03 17:33:50,395686,gemwtgdj.com,40.00,CNY,2025-04-27,2027-04-27
2026-09-03 17:33:50,395686,jcqggzyjyzx.com,40.00,CNY,2025-04-24,2027-04-24
2026-09-03 17:33:50,395686,xrqrmyy.com,40.00,CNY,2025-04-23,2027-04-23
2026-09-03 17:33:50,395686,nover2018.com,40.00,CNY,2018-05-05,2027-05-05
2026-09-03 17:33:50,395686,yqp123.com,40.00,CNY,2021-05-04,2027-05-04
2026-09-03 17:33:50,395686,xaxcda.com,40.00,CNY,2025-05-06,2027-05-06
2026-09-03 17:33:50,395686,salewchain.com,40.00,CNY,2021-05-08,2027-05-08
2026-09-03 17:33:50,395686,zc-food.com,40.00,CNY,2020-05-13,2027-05-13
2026-09-03 17:33:50,395686,huaianloushi.com,40.00,CNY,2020-05-13,2027-05-13
2026-09-03 17:33:50,395686,hxctxjj.com,40.00,CNY,2025-05-12,2027-05-12
2026-09-03 17:33:50,395686,hb2hzyys.com,40.00,CNY,2025-05-13,2027-05-13
2026-09-03 17:33:50,395686,pcfbxx.com,40.00,CNY,2025-05-12,2027-05-12
2026-09-03 17:33:50,395686,cnsrzx.com,40.00,CNY,2025-05-13,2027-05-13
2026-09-03 17:33:50,395686,cdpxtc.com,40.00,CNY,2025-05-11,2027-05-11
2026-09-03 17:33:50,395686,hbnztx.com,40.00,CNY,2025-05-08,2027-05-08
2026-09-03 17:33:50,395686,xqsqtjyy.com,40.00,CNY,2025-05-08,2027-05-08
2026-09-03 17:33:50,395686,sxsjyksy.com,40.00,CNY,2025-05-14,2027-05-14
2026-09-03 17:33:50,395686,xtxzzxx.com,40.00,CNY,2025-05-11,2027-05-11
2026-09-03 17:33:50,395686,sgsqjqdyzx.com,40.00,CNY,2025-05-12,2027-05-12
2026-09-03 17:33:50,395686,chengdian123.com,40.00,CNY,2022-05-19,2027-05-19
2026-09-03 17:33:50,395686,scxvb.com,40.00,CNY,2023-05-19,2027-05-19
2026-09-03 17:33:50,395686,utrailertj.com,40.00,CNY,2023-05-19,2027-05-19
2026-09-03 17:33:50,395686,huaruishengjia.com,40.00,CNY,2016-05-19,2027-05-19
2026-09-03 17:33:50,395686,jinlunsj.com,40.00,CNY,2023-05-19,2027-05-19
2026-09-03 17:33:50,395686,okyizhizhuan.com,40.00,CNY,2021-05-19,2027-05-19
2026-09-03 17:33:50,395686,wudangmai.com,40.00,CNY,2023-05-19,2027-05-19
2026-09-03 17:33:50,395686,zhaozhaoqiche.com,40.00,CNY,2021-05-21,2027-05-21
2026-09-03 17:33:50,395686,dm-pm-fm.com,40.00,CNY,2020-05-21,2027-05-21
2026-09-03 17:33:50,395686,crchimonitor.com,40.00,CNY,2017-05-23,2027-05-23
2026-09-03 17:33:50,395686,xintev.com,40.00,CNY,2021-05-17,2027-05-17
2026-09-03 17:33:50,395686,hzhrgyl.com,40.00,CNY,2021-05-19,2027-05-19
2026-09-03 17:33:50,395686,51qgdy.com,40.00,CNY,2021-05-15,2027-05-15
2026-09-03 17:33:50,395686,oyt322.com,40.00,CNY,2023-05-19,2027-05-19
2026-09-03 17:33:50,395686,yuanqu01.com,40.00,CNY,2023-05-19,2027-05-19
2026-09-03 17:33:50,395686,lvbaopaper.com,40.00,CNY,2020-05-19,2027-05-19
2026-09-03 17:33:50,395686,at978.com,40.00,CNY,2023-05-19,2027-05-19
2026-09-03 17:33:50,395686,strait-pd.com,40.00,CNY,2025-05-17,2027-05-17
2026-09-03 17:33:50,395686,hubzing.com,40.00,CNY,2025-05-19,2027-05-19
2026-09-03 17:33:50,395686,jinanyuxiuschool.com,40.00,CNY,2025-05-22,2027-05-22
2026-09-03 17:33:50,395686,wcqjkzx.com,40.00,CNY,2025-05-19,2027-05-19
2026-09-03 17:33:50,395686,liumaolingzs.com,40.00,CNY,2025-05-15,2027-05-15
2026-09-03 17:33:50,395686,suzhoupark.com,40.00,CNY,2025-05-23,2027-05-23
2026-09-03 17:33:50,395686,zncxfw.com,40.00,CNY,2025-05-27,2027-05-27
2026-09-03 17:33:50,395686,rcxgyw.com,40.00,CNY,2025-05-27,2027-05-27
2026-09-03 17:33:50,395686,jxnyc.com,40.00,CNY,2025-05-24,2027-05-24
2026-09-03 17:33:50,395686,jiaoyiyoudaoedu.com,40.00,CNY,2019-07-10,2027-07-10
2026-09-03 17:33:50,395686,tlxbz.com,40.00,CNY,2025-07-16,2027-07-16
2026-09-03 17:33:50,395686,jlszljy.com,40.00,CNY,2025-07-15,2027-07-15
2026-09-03 17:33:50,395686,gdyg020.com,40.00,CNY,2025-07-15,2027-07-15
2026-09-03 17:33:50,395686,laxrmyy.com,40.00,CNY,2025-07-15,2027-07-15
2026-09-03 17:33:50,395686,cqdzjc.com,40.00,CNY,2025-07-11,2027-07-11
2026-09-03 17:33:50,395686,zyhcwjs.com,40.00,CNY,2025-07-10,2027-07-10
2026-09-03 17:33:50,395686,xgllsfybjy.com,40.00,CNY,2025-07-08,2027-07-08
2026-09-03 17:33:50,395686,zzctp.com,40.00,CNY,2025-07-09,2027-07-09
2026-09-03 17:33:50,395686,mwdsfjd.com,40.00,CNY,2025-07-31,2027-07-31
2026-09-03 17:33:50,395686,zqsrmyy.com,40.00,CNY,2025-07-06,2027-07-06
2026-09-03 17:33:50,395686,dggcjy.com,40.00,CNY,2025-07-30,2027-07-30
2026-09-03 17:33:50,395686,xincio.com,40.00,CNY,2025-07-29,2027-07-29
2026-09-03 17:33:50,395686,srxhgxx.com,40.00,CNY,2025-07-28,2027-07-28
2026-09-03 17:33:50,395686,grapebreeding2014.com,40.00,CNY,2025-07-20,2027-07-20
2026-09-03 17:33:50,395686,ybfgdj.com,40.00,CNY,2025-07-18,2027-07-18
2026-09-03 17:33:50,395686,zjhdjy.com,40.00,CNY,2025-07-20,2027-07-20
2026-09-03 17:33:50,395686,akyllh.com,40.00,CNY,2025-07-18,2027-07-18
2026-09-03 17:33:50,395686,jcjzfwzx.com,40.00,CNY,2025-07-18,2027-07-18
2026-09-03 17:33:50,395686,js-qxfxfjzx.com,40.00,CNY,2025-07-18,2027-07-18
2026-09-03 17:33:50,395686,sxarchives.com,40.00,CNY,2025-07-17,2027-07-17
2026-09-03 17:33:50,395686,shhpqlndx.com,40.00,CNY,2025-07-17,2027-07-17
2026-09-03 17:33:50,395686,ztlwork.com,40.00,CNY,2025-07-12,2027-07-12
2026-09-03 17:33:50,395686,fgsme.com,40.00,CNY,2025-07-13,2027-07-13
2026-09-03 17:33:50,395686,tlnmzj.com,40.00,CNY,2025-07-12,2027-07-12
2026-09-03 17:33:50,395686,xcxzsj.com,40.00,CNY,2025-07-27,2027-07-27
2026-09-03 17:33:50,395686,rhxrmyy.com,40.00,CNY,2025-07-27,2027-07-27
2026-09-03 17:33:50,395686,gatyzx.com,40.00,CNY,2025-07-14,2027-07-14
2026-09-03 17:33:50,395686,hbhclib.com,40.00,CNY,2025-07-14,2027-07-14
2026-09-03 17:33:50,395686,cqhbwqts12369.com,40.00,CNY,2025-07-05,2027-07-05
2026-09-03 17:33:50,395686,cqsyywsxxcwk.com,40.00,CNY,2025-07-03,2027-07-03
2026-09-03 17:33:50,395686,pdskjcx.com,40.00,CNY,2025-07-03,2027-07-03
2026-09-03 17:33:50,395686,hlshszyy.com,40.00,CNY,2025-07-03,2027-07-03
2026-09-03 17:33:50,395686,lndlcip.com,40.00,CNY,2025-07-02,2027-07-02
2026-09-03 17:33:50,395686,elcgyyq.com,40.00,CNY,2025-06-29,2027-06-29
2026-09-03 17:33:50,395686,pytxxx.com,40.00,CNY,2025-06-28,2027-06-28
2026-09-03 17:33:50,395686,llqwly.com,40.00,CNY,2025-06-29,2027-06-29
2026-09-03 17:33:50,395686,fssdzqtsg.com,40.00,CNY,2025-07-21,2027-07-21
2026-09-03 17:33:50,395686,dyqycxx.com,40.00,CNY,2025-07-19,2027-07-19
2026-09-03 17:33:50,395686,pdxczj.com,40.00,CNY,2025-07-19,2027-07-19
2026-09-03 17:33:50,395686,allgzx.com,40.00,CNY,2025-07-23,2027-07-23
2026-09-03 17:33:50,395686,qdsmjgxx.com,40.00,CNY,2025-06-28,2027-06-28
2026-09-03 17:33:50,395686,hnqwzzb.com,40.00,CNY,2025-06-28,2027-06-28
2026-09-03 17:33:50,395686,laobingditu.com,40.00,CNY,2025-06-28,2027-06-28
2026-09-03 17:33:50,395686,ablpshop.com,40.00,CNY,2020-06-28,2027-06-28
2026-09-03 17:33:50,395686,dianbao4.com,40.00,CNY,2013-07-08,2027-07-08
2026-09-03 17:33:50,395686,weilailigroup.com,40.00,CNY,2021-07-10,2027-07-10
2026-09-03 17:33:50,395686,b00223d.com,40.00,CNY,2021-06-28,2027-06-28
2026-09-03 17:33:50,395686,yxrobo.com,40.00,CNY,2019-06-28,2027-06-28
2026-09-03 17:33:50,395686,miaowaner.com,40.00,CNY,2020-06-27,2027-06-27
2026-09-03 17:33:50,395686,rqdlsyxx.com,40.00,CNY,2025-09-02,2027-09-02
2026-09-03 17:33:50,395686,hyxsmxx.com,40.00,CNY,2025-09-02,2027-09-02
2026-09-03 17:33:50,395686,3355110.com,40.00,CNY,2025-09-03,2027-09-03
2026-09-03 17:33:50,395686,cjshhdglc.com,40.00,CNY,2025-09-04,2027-09-04
2026-09-03 17:33:50,395686,2024summitfocac.com,40.00,CNY,2025-09-04,2027-09-04
2026-09-03 17:33:50,395686,trdckh.com,40.00,CNY,2025-09-04,2027-09-04
2026-09-03 17:33:50,395686,hszrmzf.com,40.00,CNY,2025-09-05,2027-09-05
2026-09-03 17:33:50,395686,seedadmin.com,40.00,CNY,2025-09-06,2027-09-06
2026-09-03 17:33:50,395686,dhwlsgm.com,40.00,CNY,2025-09-06,2027-09-06
2026-09-03 17:33:50,395686,alxjw.com,40.00,CNY,2025-09-06,2027-09-06
2026-09-03 17:33:50,395686,mhyy120.com,40.00,CNY,2025-09-07,2027-09-07
2026-09-03 17:33:50,395686,ynnjlz.com,40.00,CNY,2025-09-07,2027-09-07
2026-09-03 17:33:50,395686,yhpfbyy.com,40.00,CNY,2025-09-08,2027-09-08
2026-09-03 17:33:50,395686,jingbo-headhunter.com,40.00,CNY,2019-09-12,2027-09-12
2026-09-03 17:33:50,395686,3581965.com,40.00,CNY,2025-09-22,2027-09-22
2026-09-03 17:33:50,395686,xinduguihu.com,40.00,CNY,2025-09-22,2027-09-22
2026-09-03 17:33:50,395686,lpaopt.com,40.00,CNY,2025-09-21,2027-09-21
2026-09-03 17:33:50,395686,xnqtsg.com,40.00,CNY,2025-09-19,2027-09-19
2026-09-03 17:33:50,395686,fzjsjx.com,40.00,CNY,2025-09-19,2027-09-19
2026-09-03 17:33:50,395686,whhg-hgzx.com,40.00,CNY,2025-09-14,2027-09-14
2026-09-03 17:33:50,395686,zhxzjzx.com,40.00,CNY,2025-09-15,2027-09-15
2026-09-03 17:33:50,395686,qxxjxx.com,40.00,CNY,2025-09-14,2027-09-14
2026-09-03 17:33:50,395686,dhtlx.com,40.00,CNY,2025-09-12,2027-09-12
2026-09-03 17:34:07,395686,xunibbz-usdt.com,60.00,CNY,2024-06-23,2027-06-23
2026-09-03 17:34:07,395686,menong99.com,60.00,CNY,2023-09-11,2027-09-11
2026-09-03 17:34:07,395686,zaizou66.com,60.00,CNY,2023-09-11,2027-09-11
2026-09-03 17:34:07,395686,maoxuan123.com,60.00,CNY,2023-09-11,2027-09-11
2026-09-03 17:34:07,395686,fomai5.com,60.00,CNY,2023-09-11,2027-09-11
2026-09-03 17:34:07,395686,huaman88.com,60.00,CNY,2023-09-11,2027-09-11
2026-09-03 17:34:07,395686,weizhen88.com,60.00,CNY,2023-09-11,2027-09-11
2026-09-03 17:34:07,395686,92yichou.com,60.00,CNY,2023-09-11,2027-09-11
2026-09-03 17:34:07,395686,dianshen99.com,60.00,CNY,2023-09-11,2027-09-11
2026-09-03 17:34:07,395686,uinnpay.com,60.00,CNY,2018-02-02,2027-02-02
2026-09-03 17:34:07,395686,dtszcg.com,60.00,CNY,2024-08-19,2027-08-19
2026-09-03 17:34:07,395686,xysqyg.com,60.00,CNY,2024-08-19,2027-08-19
2026-09-03 17:34:07,395686,gzmgyk.com,60.00,CNY,2023-10-03,2026-10-03
2026-09-03 17:34:07,395686,pajsjxx.com,60.00,CNY,2023-10-03,2026-10-03
2026-09-03 17:34:07,395686,zytqb.com,60.00,CNY,2017-10-11,2026-10-11
2026-09-03 17:34:07,395686,yryclyw.com,60.00,CNY,2023-10-09,2026-10-09
2026-09-03 17:34:07,395686,rcpublic.com,60.00,CNY,2023-10-22,2026-10-22
2026-09-03 17:34:07,395686,lygfusheng.com,60.00,CNY,2019-10-23,2026-10-23
2026-09-03 17:34:07,395686,hdbqxh.com,60.00,CNY,2023-10-03,2026-10-03
2026-09-03 17:34:07,395686,dangshun3.com,60.00,CNY,2023-10-07,2026-10-07
2026-09-03 17:34:07,395686,scjkgl.com,60.00,CNY,2023-10-09,2026-10-09
2026-09-03 17:34:07,395686,yanjinly.com,60.00,CNY,2023-10-22,2026-10-22
2026-09-03 17:34:07,395686,lmcgj.com,60.00,CNY,2023-10-03,2026-10-03
2026-09-03 17:34:07,395686,byscqb.com,60.00,CNY,2023-10-19,2026-10-19
2026-09-03 17:34:07,395686,zzyipinfang.com,60.00,CNY,2020-10-10,2026-10-10
2026-09-03 17:34:07,395686,hnklw.com,60.00,CNY,2020-10-12,2026-10-12
2026-09-03 17:34:07,395686,szqzgh.com,60.00,CNY,2023-10-05,2026-10-05
2026-09-03 17:34:07,395686,jianlingchengdalawfirm.com,60.00,CNY,2023-10-17,2026-10-17
2026-09-03 17:34:07,395686,nmnkyy.com,60.00,CNY,2023-10-27,2026-10-27
2026-09-03 17:34:07,395686,lnxsmxx.com,60.00,CNY,2023-10-25,2026-10-25
2026-09-03 17:34:07,395686,jsjrmsh.com,60.00,CNY,2023-10-26,2026-10-26
2026-09-03 17:34:07,395686,clxzx.com,60.00,CNY,2023-10-06,2026-10-06
2026-09-03 17:34:07,395686,ywhzxx.com,60.00,CNY,2023-10-07,2026-10-07
2026-09-03 17:34:07,395686,sqgaw.com,60.00,CNY,2023-10-03,2026-10-03
2026-09-03 17:34:07,395686,lddygl.com,60.00,CNY,2023-10-05,2026-10-05
2026-09-03 17:34:07,395686,zgjzgcsc.com,60.00,CNY,2017-10-08,2026-10-08
2026-09-03 17:34:07,395686,yyxmyzxwsy.com,60.00,CNY,2023-10-03,2026-10-03
2026-09-03 17:34:07,395686,slblxx.com,60.00,CNY,2023-10-05,2026-10-05
2026-09-03 17:34:07,395686,huangheshequ.com,60.00,CNY,2023-10-05,2026-10-05
2026-09-03 17:34:07,395686,0791xbw.com,60.00,CNY,2022-10-26,2026-10-26
2026-09-03 17:34:07,395686,hxnjxx.com,60.00,CNY,2023-10-22,2026-10-22
2026-09-03 17:34:07,395686,zhqiaohu.com,60.00,CNY,2023-10-03,2026-10-03
2026-09-03 17:34:07,395686,srsfly.com,60.00,CNY,2023-10-30,2026-10-30
2026-09-03 17:34:07,395686,scxnjj.com,60.00,CNY,2023-10-31,2026-10-31
2026-09-03 17:34:07,395686,smqx0912.com,60.00,CNY,2023-11-05,2026-11-05
2026-09-03 17:34:07,395686,henan-apple.com,60.00,CNY,2023-11-04,2026-11-04
2026-09-03 17:34:07,395686,jintangsiyou.com,60.00,CNY,2023-11-05,2026-11-05
2026-09-03 17:34:07,395686,bjgjtfyy.com,60.00,CNY,2023-11-03,2026-11-03
2026-09-03 17:34:07,395686,gdjiadi.com,60.00,CNY,2023-11-05,2026-11-05
2026-09-03 17:34:07,395686,jjskxx.com,60.00,CNY,2023-11-03,2026-11-03
2026-09-03 17:34:07,395686,cqyylt.com,60.00,CNY,2023-11-05,2026-11-05
2026-09-03 17:34:07,395686,qcxglysgls.com,60.00,CNY,2023-11-15,2026-11-15
2026-09-03 17:34:07,395686,wanliguju.com,60.00,CNY,2023-11-08,2026-11-08
2026-09-03 17:34:07,395686,csswzzx.com,60.00,CNY,2023-11-10,2026-11-10
2026-09-03 17:34:07,395686,tedafeoso.com,60.00,CNY,2004-11-14,2026-11-14
2026-09-03 17:34:07,395686,hx24y.com,60.00,CNY,2023-11-10,2026-11-10
2026-09-03 17:34:07,395686,hbydtlw.com,60.00,CNY,2023-11-08,2026-11-08
2026-09-03 17:34:07,395686,xjtpw.com,60.00,CNY,2023-11-12,2026-11-12
2026-09-03 17:34:07,395686,hjjlxx.com,60.00,CNY,2023-11-07,2026-11-07
2026-09-03 17:34:07,395686,guolvjiaqi.com,60.00,CNY,2020-11-13,2026-11-13
2026-09-03 17:34:07,395686,pdswsjdj.com,60.00,CNY,2023-11-12,2026-11-12
2026-09-03 17:34:07,395686,qygltc.com,60.00,CNY,2023-11-17,2026-11-17
2026-09-03 17:34:07,395686,tfxfda.com,60.00,CNY,2023-11-16,2026-11-16
2026-09-03 17:34:07,395686,zhongweipeixun.com,60.00,CNY,2023-11-08,2026-11-08
2026-09-03 17:34:07,395686,wenlidapower.com,60.00,CNY,2023-11-12,2026-11-12
2026-09-03 17:34:07,395686,yongguangcn.com,60.00,CNY,2020-11-14,2026-11-14
2026-09-03 17:34:07,395686,hnxnjw.com,60.00,CNY,2023-11-11,2026-11-11
2026-09-03 17:34:07,395686,shengyingdao.com,60.00,CNY,2008-11-14,2026-11-14
2026-09-03 17:34:07,395686,lnxclyw.com,60.00,CNY,2023-11-30,2026-11-30
2026-09-03 17:34:07,395686,fzrccb.com,60.00,CNY,2023-11-26,2026-11-26
2026-09-03 17:34:07,395686,sj1958.com,60.00,CNY,2023-11-22,2026-11-22
2026-09-03 17:34:07,395686,bhdzzzx.com,60.00,CNY,2023-11-21,2026-11-21
2026-09-03 17:34:07,395686,dtxx315.com,60.00,CNY,2023-11-28,2026-11-28
2026-09-03 17:34:07,395686,madecoflowers.com,60.00,CNY,2023-04-26,2027-04-26
2026-09-03 17:34:07,395686,zhunyikj.com,60.00,CNY,2018-04-26,2027-04-26
2026-09-03 17:34:07,395686,zgnuotuo.com,60.00,CNY,2019-04-30,2027-04-30
2026-09-03 17:34:07,395686,ytxfcgls.com,60.00,CNY,2024-04-29,2027-04-29
2026-09-03 17:34:07,395686,sxsfxz.com,60.00,CNY,2024-04-27,2027-04-27
2026-09-03 17:34:07,395686,zzsjgws.com,60.00,CNY,2024-05-03,2027-05-03
2026-09-03 17:34:07,395686,qzgxsx.com,60.00,CNY,2024-05-04,2027-05-04
2026-09-03 17:34:07,395686,yzqsxx.com,60.00,CNY,2024-05-07,2027-05-07
2026-09-03 17:34:07,395686,jzsyxh.com,60.00,CNY,2024-05-01,2027-05-01
2026-09-03 17:34:07,395686,whnjtg.com,60.00,CNY,2024-05-11,2027-05-11
2026-09-03 17:34:07,395686,zjktdx.com,60.00,CNY,2024-05-10,2027-05-10
2026-09-03 17:34:07,395686,zzsqstxx.com,60.00,CNY,2024-05-13,2027-05-13
2026-09-03 17:34:07,395686,ggfsp.com,60.00,CNY,2017-05-11,2027-05-11
2026-09-03 17:34:07,395686,hbxgxx.com,60.00,CNY,2024-05-11,2027-05-11
2026-09-03 17:34:07,395686,nxtyydxlglzx.com,60.00,CNY,2024-05-08,2027-05-08
2026-09-03 17:34:07,395686,nybayuanzx.com,60.00,CNY,2024-05-17,2027-05-17
2026-09-03 17:34:07,395686,jlkcwz.com,60.00,CNY,2013-05-21,2027-05-21
2026-09-03 17:34:07,395686,zzihuiben.com,60.00,CNY,2016-05-15,2027-05-15
2026-09-03 17:34:07,395686,120haoyc.com,60.00,CNY,2024-05-15,2027-05-15
2026-09-03 17:34:07,395686,hyslkj.com,60.00,CNY,2024-05-20,2027-05-20
2026-09-03 17:34:07,395686,wsxgxmtxt.com,60.00,CNY,2024-05-20,2027-05-20
2026-09-03 17:34:07,395686,jjnxmxx.com,60.00,CNY,2024-05-27,2027-05-27
2026-09-03 17:34:07,395686,gtzyzz.com,60.00,CNY,2024-05-30,2027-05-30
2026-09-03 17:34:07,395686,lpgbdst.com,60.00,CNY,2024-06-07,2027-06-07
2026-09-03 17:34:07,395686,shangdulishiwenhua.com,60.00,CNY,2024-06-08,2027-06-08
2026-09-03 17:34:07,395686,hhahqtjj.com,60.00,CNY,2024-06-06,2027-06-06
2026-09-03 17:34:07,395686,881radio.com,60.00,CNY,2024-06-05,2027-06-05
2026-09-03 17:34:07,395686,baojibzw.com,60.00,CNY,2024-06-11,2027-06-11
2026-09-03 17:34:07,395686,hnzhaoyangjiaoyu.com,60.00,CNY,2020-06-09,2027-06-09
2026-09-03 17:34:07,395686,dwqzs.com,60.00,CNY,2024-06-09,2027-06-09
2026-09-03 17:34:07,395686,yifke.com,60.00,CNY,2020-09-16,2027-09-16
2026-09-03 17:34:07,395686,gqccjj.com,60.00,CNY,2024-09-15,2027-09-15
2026-09-03 17:34:07,395686,luoyuekeji.com,60.00,CNY,2013-09-13,2027-09-13
2026-09-03 17:34:07,395686,lanyuani.com,60.00,CNY,2017-09-27,2027-09-27
2026-09-03 17:34:07,395686,cheneican.com,60.00,CNY,2015-09-22,2027-09-22
2026-09-03 17:34:07,395686,426621.com,60.00,CNY,2019-09-25,2027-09-25
2026-09-03 17:34:07,395686,bangdai58.com,60.00,CNY,2020-09-24,2027-09-24
2026-09-03 17:34:07,395686,jinriyizhe.com,60.00,CNY,2020-09-22,2027-09-22
2026-09-03 17:34:07,395686,qingtuanart.com,60.00,CNY,2019-09-22,2027-09-22
2026-09-03 17:34:07,395686,xy-rbr.com,60.00,CNY,2016-09-22,2027-09-22
2026-09-03 17:34:07,395686,meeksphotography.com,60.00,CNY,2022-09-19,2027-09-19
2026-09-03 17:34:12,395686,xddmc.com,80.00,CNY,2023-04-21,2027-04-21
2026-09-03 17:34:12,395686,contingencyofthenow.com,80.00,CNY,2022-04-18,2027-04-18
2026-09-03 17:34:12,395686,mattisoft.com,80.00,CNY,2023-04-18,2027-04-18
2026-09-03 17:34:12,395686,pmafilters.com,80.00,CNY,2023-04-18,2027-04-18
2026-09-03 17:34:12,395686,692762.com,80.00,CNY,2023-04-17,2027-04-17
2026-09-03 17:34:12,395686,squeektoy.com,80.00,CNY,2023-04-18,2027-04-18
2026-09-03 17:34:12,395686,thepetalpeddlerar.com,80.00,CNY,2017-04-17,2027-04-17
2026-09-03 17:34:12,395686,41-dt.com,80.00,CNY,2023-04-17,2027-04-17
2026-09-03 17:34:12,395686,kac139.com,80.00,CNY,2023-04-18,2027-04-18
2026-09-03 17:34:12,395686,657523.com,80.00,CNY,2023-04-17,2027-04-17
2026-09-03 17:34:12,395686,59-at.com,80.00,CNY,2023-04-17,2027-04-17
2026-09-03 17:34:12,395686,pyrowebb.com,80.00,CNY,2023-04-18,2027-04-18
2026-09-03 17:34:12,395686,26-xs.com,80.00,CNY,2023-04-17,2027-04-17
2026-09-03 17:34:12,395686,687512.com,80.00,CNY,2023-04-17,2027-04-17
2026-09-03 17:34:12,395686,687542.com,80.00,CNY,2023-04-17,2027-04-17
2026-09-03 17:34:12,395686,14-fh.com,80.00,CNY,2023-04-17,2027-04-17
2026-09-03 17:34:12,395686,npbcatalog.com,80.00,CNY,2023-04-18,2027-04-18
2026-09-03 17:34:12,395686,acidcom.com,80.00,CNY,2023-04-18,2027-04-18
2026-09-03 17:34:12,395686,yvitamin.com,80.00,CNY,2023-04-18,2027-04-18
2026-09-03 17:34:12,395686,barmizvah.com,80.00,CNY,2023-04-18,2027-04-18
2026-09-03 17:34:12,395686,usustore.com,80.00,CNY,2023-04-18,2027-04-18
2026-09-03 17:34:12,395686,despatxos.com,80.00,CNY,2023-04-18,2027-04-18
2026-09-03 17:34:12,395686,52-yu.com,80.00,CNY,2023-04-17,2027-04-17
2026-09-03 17:34:12,395686,677252.com,80.00,CNY,2023-04-17,2027-04-17
2026-09-03 17:34:12,395686,52-yh.com,80.00,CNY,2023-04-18,2027-04-18
2026-09-03 17:34:12,395686,muppetware.com,80.00,CNY,2023-04-18,2027-04-18
2026-09-03 17:34:12,395686,682362.com,80.00,CNY,2023-04-17,2027-04-17
2026-09-03 17:34:12,395686,679582.com,80.00,CNY,2023-04-17,2027-04-17
2026-09-03 17:34:12,395686,395217.com,80.00,CNY,2023-04-17,2027-04-17
2026-09-03 17:34:12,395686,57-mu.com,80.00,CNY,2023-04-18,2027-04-18
2026-09-03 17:34:12,395686,92-us.com,80.00,CNY,2023-04-17,2027-04-17
2026-09-03 17:34:12,395686,ftf298.com,80.00,CNY,2023-04-18,2027-04-18
2026-09-03 17:34:12,395686,679132.com,80.00,CNY,2023-04-17,2027-04-17
2026-09-03 17:34:12,395686,23-hd.com,80.00,CNY,2023-04-18,2027-04-18
2026-09-03 17:34:12,395686,85-th.com,80.00,CNY,2023-04-18,2027-04-18
2026-09-03 17:34:12,395686,81-ha.com,80.00,CNY,2023-04-17,2027-04-17
2026-09-03 17:34:12,395686,zahraquranacademy.com,80.00,CNY,2023-04-18,2027-04-18
2026-09-03 17:34:12,395686,695270.com,80.00,CNY,2023-04-18,2027-04-18
2026-09-03 17:34:12,395686,691862.com,80.00,CNY,2023-04-17,2027-04-17
2026-09-03 17:34:12,395686,682852.com,80.00,CNY,2023-04-17,2027-04-17
2026-09-03 17:34:12,395686,geekypunkylife.com,80.00,CNY,2015-04-18,2027-04-18
2026-09-03 17:34:12,395686,679182.com,80.00,CNY,2023-04-17,2027-04-17
2026-09-03 17:34:12,395686,yumusicamp3.com,80.00,CNY,2022-04-18,2027-04-18
2026-09-03 17:34:12,395686,billhutto.com,80.00,CNY,2023-04-18,2027-04-18
2026-09-03 17:34:12,395686,scemkenya.com,80.00,CNY,2023-04-18,2027-04-18
2026-09-03 17:34:12,395686,oyk145.com,80.00,CNY,2023-04-18,2027-04-18
2026-09-03 17:34:12,395686,692252.com,80.00,CNY,2023-04-17,2027-04-17
2026-09-03 17:34:12,395686,junctioncityfit.com,80.00,CNY,2022-04-20,2027-04-20
2026-09-03 17:34:12,395686,vaalnetwork.com,80.00,CNY,2023-04-29,2027-04-29
2026-09-03 17:34:12,395686,jinhuaimiao.com,80.00,CNY,2015-04-26,2027-04-26
2026-09-03 17:34:12,395686,dttxcn2.com,80.00,CNY,2022-04-23,2027-04-23
2026-09-03 17:34:12,395686,bbcfy.com,80.00,CNY,2023-04-25,2027-04-25
2026-09-03 17:34:12,395686,clickcalella.com,80.00,CNY,2022-04-26,2027-04-26
2026-09-03 17:34:12,395686,7711el.com,80.00,CNY,2023-04-28,2027-04-28
2026-09-03 17:34:12,395686,zerrutti.com,80.00,CNY,2023-04-18,2027-04-18
2026-09-03 17:34:12,395686,sdn638.com,80.00,CNY,2023-04-27,2027-04-27
2026-09-03 17:34:12,395686,oficenterchipiona.com,80.00,CNY,2022-04-22,2027-04-22
2026-09-03 17:34:12,395686,morrislockandsafeflorida.com,80.00,CNY,2017-04-26,2027-04-26
2026-09-03 17:34:12,395686,gvtszb.com,80.00,CNY,2023-04-19,2027-04-19
2026-09-03 17:34:12,395686,cuartetomozartarequipa.com,80.00,CNY,2022-04-22,2027-04-22
2026-09-03 17:34:12,395686,hfssehdzx.com,80.00,CNY,2023-04-25,2027-04-25
2026-09-03 17:34:12,395686,xfr850.com,80.00,CNY,2023-04-27,2027-04-27
2026-09-03 17:34:12,395686,icemachinediscount.com,80.00,CNY,2022-04-23,2027-04-23
2026-09-03 17:34:12,395686,wbfji.com,80.00,CNY,2023-04-25,2027-04-25
2026-09-03 17:34:12,395686,dtygxzs.com,80.00,CNY,2023-04-27,2027-04-27
2026-09-03 17:34:12,395686,nbdqxx.com,80.00,CNY,2023-04-28,2027-04-28
2026-09-03 17:34:12,395686,vnh496.com,80.00,CNY,2023-04-26,2027-04-26
2026-09-03 17:34:12,395686,xjtcsf.com,80.00,CNY,2023-04-30,2027-04-30
2026-09-03 17:34:12,395686,sns761.com,80.00,CNY,2023-04-26,2027-04-26
2026-09-03 17:34:12,395686,euler-prepa.com,80.00,CNY,2022-04-24,2027-04-24
2026-09-03 17:34:12,395686,duan-diving.com,80.00,CNY,2023-04-20,2027-04-20
2026-09-03 17:34:12,395686,xiheqiqiao.com,80.00,CNY,2023-04-25,2027-04-25
2026-09-03 17:34:12,395686,sa-re-ga-ma.com,80.00,CNY,2023-04-23,2027-04-23
2026-09-03 17:34:12,395686,khj78ew.com,80.00,CNY,2023-04-19,2027-04-19
2026-09-03 17:34:12,395686,jualanpcgame.com,80.00,CNY,2015-04-19,2027-04-19
2026-09-03 17:34:12,395686,ahnlabwallet.com,80.00,CNY,2022-04-22,2027-04-22
2026-09-03 17:34:12,395686,kkwej.com,80.00,CNY,2023-04-25,2027-04-25
2026-09-03 17:34:12,395686,guamtroikatours.com,80.00,CNY,2022-04-25,2027-04-25
2026-09-03 17:34:12,395686,yfxwsy.com,80.00,CNY,2023-04-19,2027-04-19
2026-09-03 17:34:12,395686,blokessportbike.com,80.00,CNY,2022-04-27,2027-04-27
2026-09-03 17:34:12,395686,hekouqurenminfayuan.com,80.00,CNY,2023-04-24,2027-04-24
2026-09-03 17:34:12,395686,brentwoodsurvey.com,80.00,CNY,2022-04-21,2027-04-21
2026-09-03 17:34:12,395686,ukh972.com,80.00,CNY,2023-04-20,2027-04-20
2026-09-03 17:34:12,395686,izzyroberts-orr.com,80.00,CNY,2022-04-21,2027-04-21
2026-09-03 17:34:12,395686,boshancoop.com,80.00,CNY,2023-04-24,2027-04-24
2026-09-03 17:34:12,395686,yichangxinwen.com,80.00,CNY,2017-04-23,2027-04-23
2026-09-03 17:34:12,395686,hanaakhozam.com,80.00,CNY,2017-04-20,2027-04-20
2026-09-03 17:34:12,395686,it-hair.com,80.00,CNY,2017-04-19,2027-04-19
2026-09-03 17:34:12,395686,gtc597.com,80.00,CNY,2023-04-20,2027-04-20
2026-09-03 17:34:12,395686,fzt461.com,80.00,CNY,2023-04-28,2027-04-28
2026-09-03 17:34:12,395686,ckh435.com,80.00,CNY,2023-04-30,2027-04-30
2026-09-03 17:34:12,395686,535188.com,80.00,CNY,2012-04-26,2027-04-26
2026-09-03 17:34:12,395686,133bob0.com,80.00,CNY,2023-04-19,2027-04-19
2026-09-03 17:34:12,395686,haraldseneiendom.com,80.00,CNY,2022-04-24,2027-04-24
2026-09-03 17:34:12,395686,gensderiviere.com,80.00,CNY,2022-04-26,2027-04-26
2026-09-03 17:34:12,395686,culturazoom.com,80.00,CNY,2022-04-25,2027-04-25
2026-09-03 17:34:12,395686,bbchq.com,80.00,CNY,2023-04-25,2027-04-25
2026-09-03 17:34:12,395686,521788.com,80.00,CNY,2013-04-25,2027-04-25
2026-09-03 17:34:12,395686,dlylldz.com,80.00,CNY,2019-04-23,2027-04-23
2026-09-03 17:34:12,395686,ahi727.com,80.00,CNY,2023-04-29,2027-04-29
2026-09-03 17:34:12,395686,jwiam.com,80.00,CNY,2023-04-25,2027-04-25
2026-09-03 17:34:12,395686,elixirnacional.com,80.00,CNY,2023-05-10,2027-05-10
2026-09-03 17:34:12,395686,brc21market.com,80.00,CNY,2023-05-08,2027-05-08
2026-09-03 17:34:12,395686,dongfengcun.com,80.00,CNY,2023-05-01,2027-05-01
2026-09-03 17:34:12,395686,parandshaya.com,80.00,CNY,2023-05-01,2027-05-01
2026-09-03 17:34:12,395686,vokalairani.com,80.00,CNY,2023-05-03,2027-05-03
2026-09-03 17:34:12,395686,jjw0.com,80.00,CNY,2023-05-02,2027-05-02
2026-09-03 17:34:12,395686,kns839.com,80.00,CNY,2023-05-01,2027-05-01
2026-09-03 17:34:12,395686,mychristianissue.com,80.00,CNY,2022-05-03,2027-05-03
2026-09-03 17:34:12,395686,lckjcgzh.com,80.00,CNY,2023-05-03,2027-05-03
2026-09-03 17:34:12,395686,cdzhzz.com,80.00,CNY,2023-05-03,2027-05-03
2026-09-03 17:34:12,395686,jhjjzx.com,80.00,CNY,2023-05-03,2027-05-03
2026-09-03 17:34:12,395686,staysafebro.com,80.00,CNY,2023-05-03,2027-05-03
2026-09-03 17:34:12,395686,jingyingxiu.com,80.00,CNY,2023-05-01,2027-05-01
2026-09-03 17:34:12,395686,xaydungchienthang.com,80.00,CNY,2022-05-02,2027-05-02
2026-09-03 17:34:12,395686,littlesproutsdk.com,80.00,CNY,2023-05-02,2027-05-02
2026-09-03 17:34:12,395686,muagachblock.com,80.00,CNY,2023-05-02,2027-05-02
2026-09-03 17:34:12,395686,mmglobalpainting.com,80.00,CNY,2017-05-03,2027-05-03
2026-09-03 17:34:12,395686,estitching.com,80.00,CNY,2023-05-01,2027-05-01
2026-09-03 17:34:12,395686,chatsworthelectrical.com,80.00,CNY,2022-05-03,2027-05-03
2026-09-03 17:34:12,395686,sexovideosxxx.com,80.00,CNY,2022-05-20,2027-05-20
2026-09-03 17:34:12,395686,qfcxy.com,80.00,CNY,2023-05-07,2027-05-07
2026-09-03 17:34:12,395686,dnmph.com,80.00,CNY,2023-05-05,2027-05-05
2026-09-03 17:34:12,395686,bbnkh.com,80.00,CNY,2023-05-06,2027-05-06
2026-09-03 17:34:12,395686,yj2244.com,80.00,CNY,2023-05-04,2027-05-04
2026-09-03 17:34:12,395686,simdienthoaididong.com,80.00,CNY,2022-05-04,2027-05-04
2026-09-03 17:34:12,395686,itehadproperties.com,80.00,CNY,2023-05-06,2027-05-06
2026-09-03 17:34:12,395686,qftzf.com,80.00,CNY,2023-05-07,2027-05-07
2026-09-03 17:34:12,395686,dbydg.com,80.00,CNY,2023-05-04,2027-05-04
2026-09-03 17:34:12,395686,zznng.com,80.00,CNY,2023-05-06,2027-05-06
2026-09-03 17:34:12,395686,yqmsg.com,80.00,CNY,2023-05-05,2027-05-05
2026-09-03 17:34:12,395686,djyhh.com,80.00,CNY,2023-05-05,2027-05-05
2026-09-03 17:34:12,395686,bcgqh.com,80.00,CNY,2023-05-06,2027-05-06
2026-09-03 17:34:12,395686,238161.com,80.00,CNY,2023-05-05,2027-05-05
2026-09-03 17:34:12,395686,bbnph.com,80.00,CNY,2023-05-06,2027-05-06
2026-09-03 17:34:12,395686,qrypf.com,80.00,CNY,2023-05-07,2027-05-07
2026-09-03 17:34:12,395686,mt-91.com,80.00,CNY,2023-05-06,2027-05-06
2026-09-03 17:34:12,395686,brc20book.com,80.00,CNY,2023-05-07,2027-05-07
2026-09-03 17:34:12,395686,258947.com,80.00,CNY,2023-05-07,2027-05-07
2026-09-03 17:34:12,395686,ykryg.com,80.00,CNY,2023-05-05,2027-05-05
2026-09-03 17:34:12,395686,qmpgf.com,80.00,CNY,2023-05-07,2027-05-07
2026-09-03 17:34:12,395686,ylgng.com,80.00,CNY,2023-05-05,2027-05-05
2026-09-03 17:34:12,395686,qxnwf.com,80.00,CNY,2023-05-07,2027-05-07
2026-09-03 17:34:12,395686,fjllb.com,80.00,CNY,2023-05-04,2027-05-04
2026-09-03 17:34:12,395686,shopluminousroses.com,80.00,CNY,2023-05-06,2027-05-06
2026-09-03 17:34:12,395686,bbnmh.com,80.00,CNY,2023-05-06,2027-05-06
2026-09-03 17:34:12,395686,426505.com,80.00,CNY,2023-05-07,2027-05-07
2026-09-03 17:34:12,395686,yxgwg.com,80.00,CNY,2023-05-05,2027-05-05
2026-09-03 17:34:12,395686,mqbsd.com,80.00,CNY,2023-05-04,2027-05-04
2026-09-03 17:34:12,395686,studioartstalker.com,80.00,CNY,2023-05-06,2027-05-06
2026-09-03 17:34:12,395686,brc20home.com,80.00,CNY,2023-05-07,2027-05-07
2026-09-03 17:34:12,395686,dlhlh.com,80.00,CNY,2023-05-05,2027-05-05
2026-09-03 17:34:12,395686,bdgph.com,80.00,CNY,2023-05-07,2027-05-07
2026-09-03 17:34:12,395686,ysdqg.com,80.00,CNY,2023-05-05,2027-05-05
2026-09-03 17:34:12,395686,djkzh.com,80.00,CNY,2023-05-05,2027-05-05
2026-09-03 17:34:12,395686,th7711.com,80.00,CNY,2023-05-04,2027-05-04
2026-09-03 17:34:12,395686,qqbbf.com,80.00,CNY,2023-05-07,2027-05-07
2026-09-03 17:34:12,395686,lnryg.com,80.00,CNY,2023-05-04,2027-05-04
2026-09-03 17:34:12,395686,dgbzg.com,80.00,CNY,2023-05-04,2027-05-04
2026-09-03 17:34:12,395686,lmgdg.com,80.00,CNY,2023-05-04,2027-05-04
2026-09-03 17:34:12,395686,bkfiresecurity.com,80.00,CNY,2023-05-04,2027-05-04
2026-09-03 17:34:12,395686,sgwyshl668.com,80.00,CNY,2023-05-04,2027-05-04
2026-09-03 17:34:12,395686,bdkfh.com,80.00,CNY,2023-05-07,2027-05-07
2026-09-03 17:34:12,395686,brc20network.com,80.00,CNY,2023-05-07,2027-05-07
2026-09-03 17:34:12,395686,jxcjg.com,80.00,CNY,2023-05-04,2027-05-04
2026-09-03 17:34:12,395686,djgzh.com,80.00,CNY,2023-05-05,2027-05-05
2026-09-03 17:34:12,395686,dgkcg.com,80.00,CNY,2023-05-04,2027-05-04
2026-09-03 17:34:12,395686,ypnkg.com,80.00,CNY,2023-05-05,2027-05-05
2026-09-03 17:34:12,395686,cqqhg.com,80.00,CNY,2023-05-04,2027-05-04
2026-09-03 17:34:12,395686,mqhrd.com,80.00,CNY,2023-05-04,2027-05-04
2026-09-03 17:34:12,395686,yrhlg.com,80.00,CNY,2023-05-05,2027-05-05
2026-09-03 17:34:12,395686,hz-91.com,80.00,CNY,2023-05-06,2027-05-06
2026-09-03 17:34:12,395686,dqklh.com,80.00,CNY,2023-05-05,2027-05-05
2026-09-03 17:34:12,395686,8jcs.com,80.00,CNY,2017-05-05,2027-05-05
2026-09-03 17:34:12,395686,yjzyg.com,80.00,CNY,2023-05-05,2027-05-05
2026-09-03 17:34:12,395686,bcggh.com,80.00,CNY,2023-05-06,2027-05-06
2026-09-03 17:34:12,395686,nonfictionality.com,80.00,CNY,2023-05-06,2027-05-06
2026-09-03 17:34:12,395686,cfrgg.com,80.00,CNY,2023-05-04,2027-05-04
2026-09-03 17:34:12,395686,therubylithband.com,80.00,CNY,2022-05-06,2027-05-06
2026-09-03 17:34:12,395686,ctzqg.com,80.00,CNY,2023-05-04,2027-05-04
2026-09-03 17:34:12,395686,hghcg.com,80.00,CNY,2023-05-04,2027-05-04
2026-09-03 17:34:12,395686,ec-91.com,80.00,CNY,2023-05-06,2027-05-06
2026-09-03 17:34:12,395686,ma-69.com,80.00,CNY,2023-05-06,2027-05-06
2026-09-03 17:34:12,395686,lmhxg.com,80.00,CNY,2023-05-04,2027-05-04
2026-09-03 17:34:12,395686,fbjjh.com,80.00,CNY,2023-05-05,2027-05-05
2026-09-03 17:34:12,395686,qyhyf.com,80.00,CNY,2023-05-07,2027-05-07
2026-09-03 17:34:12,395686,dggxh.com,80.00,CNY,2023-05-05,2027-05-05
2026-09-03 17:34:12,395686,brc20earn.com,80.00,CNY,2023-05-07,2027-05-07
2026-09-03 17:34:12,395686,asinella-training.com,80.00,CNY,2021-05-06,2027-05-06
2026-09-03 17:34:12,395686,brc21dao.com,80.00,CNY,2023-05-08,2027-05-08
2026-09-03 17:34:12,395686,brc20digital.com,80.00,CNY,2023-05-07,2027-05-07
2026-09-03 17:34:12,395686,450737.com,80.00,CNY,2023-05-07,2027-05-07
2026-09-03 17:34:12,395686,wfhepingyy.com,80.00,CNY,2023-05-08,2027-05-08
2026-09-03 17:34:12,395686,mariscoselconchal.com,80.00,CNY,2020-05-08,2027-05-08
2026-09-03 17:34:12,395686,brc21lab.com,80.00,CNY,2023-05-08,2027-05-08
2026-09-03 17:34:12,395686,brc21games.com,80.00,CNY,2023-05-08,2027-05-08
2026-09-03 17:34:12,395686,bdkch.com,80.00,CNY,2023-05-07,2027-05-07
2026-09-03 17:34:12,395686,brc20plus.com,80.00,CNY,2023-05-07,2027-05-07
2026-09-03 17:34:12,395686,7711tk.com,80.00,CNY,2023-05-07,2027-05-07
2026-09-03 17:34:12,395686,246258.com,80.00,CNY,2023-05-08,2027-05-08
2026-09-03 17:34:12,395686,nnhhbh.com,80.00,CNY,2023-05-08,2027-05-08
2026-09-03 17:34:12,395686,brc21verse.com,80.00,CNY,2023-05-08,2027-05-08
2026-09-03 17:34:12,395686,brc21bet.com,80.00,CNY,2023-05-08,2027-05-08
2026-09-03 17:34:12,395686,bjdtjyjdphyds.com,80.00,CNY,2023-05-08,2027-05-08
2026-09-03 17:34:12,395686,firelilyevents.com,80.00,CNY,2008-05-07,2027-05-07
2026-09-03 17:34:12,395686,zhzxpt.com,80.00,CNY,2023-05-09,2027-05-09
2026-09-03 17:34:12,395686,brc20pro.com,80.00,CNY,2023-05-07,2027-05-07
2026-09-03 17:34:12,395686,1155wf.com,80.00,CNY,2023-05-07,2027-05-07
2026-09-03 17:34:12,395686,brc21auction.com,80.00,CNY,2023-05-08,2027-05-08
2026-09-03 17:34:12,395686,7755fn.com,80.00,CNY,2023-05-07,2027-05-07
2026-09-03 17:34:12,395686,259413.com,80.00,CNY,2023-05-08,2027-05-08
2026-09-03 17:34:12,395686,693707.com,80.00,CNY,2023-05-08,2027-05-08
2026-09-03 17:34:12,395686,2kpromotional.com,80.00,CNY,2023-05-08,2027-05-08
2026-09-03 17:34:12,395686,1133cj.com,80.00,CNY,2023-05-07,2027-05-07
2026-09-03 17:34:12,395686,bcmmh.com,80.00,CNY,2023-05-07,2027-05-07
2026-09-03 17:34:12,395686,huaxingjcfj.com,80.00,CNY,2020-05-08,2027-05-08
2026-09-03 17:34:12,395686,bdbrh.com,80.00,CNY,2023-05-07,2027-05-07
2026-09-03 17:34:12,395686,bdbph.com,80.00,CNY,2023-05-07,2027-05-07
2026-09-03 17:34:12,395686,mediacomtradecity.com,80.00,CNY,2010-05-07,2027-05-07
2026-09-03 17:34:12,395686,781495.com,80.00,CNY,2023-05-08,2027-05-08
2026-09-03 17:34:12,395686,xywc120.com,80.00,CNY,2023-05-08,2027-05-08
2026-09-03 17:34:12,395686,bdhph.com,80.00,CNY,2023-05-07,2027-05-07
2026-09-03 17:34:12,395686,533667.com,80.00,CNY,2023-05-07,2027-05-07
2026-09-03 17:34:12,395686,brc20data.com,80.00,CNY,2023-05-07,2027-05-07
2026-09-03 17:34:12,395686,leg573.com,80.00,CNY,2023-05-09,2027-05-09
2026-09-03 17:34:12,395686,saloncarecs.com,80.00,CNY,2022-05-09,2027-05-09
2026-09-03 17:34:12,395686,shroomsboutique.com,80.00,CNY,2023-05-10,2027-05-10
2026-09-03 17:34:12,395686,sarkariearth.com,80.00,CNY,2023-05-10,2027-05-10
2026-09-03 17:34:12,395686,owrvouoay.com,80.00,CNY,2023-05-10,2027-05-10
2026-09-03 17:34:12,395686,lysjgwx.com,80.00,CNY,2023-05-10,2027-05-10
2026-09-03 17:34:12,395686,7744qr.com,80.00,CNY,2023-05-09,2027-05-09
2026-09-03 17:34:12,395686,tuktakmarket.com,80.00,CNY,2023-05-10,2027-05-10
2026-09-03 17:34:12,395686,827813.com,80.00,CNY,2023-05-10,2027-05-10
2026-09-03 17:34:12,395686,purplemarcom.com,80.00,CNY,2023-05-09,2027-05-09
2026-09-03 17:34:12,395686,piroozanshop.com,80.00,CNY,2023-05-09,2027-05-09
2026-09-03 17:34:12,395686,fybjoyasenplata.com,80.00,CNY,2023-05-09,2027-05-09
2026-09-03 17:34:12,395686,6688ac.com,80.00,CNY,2023-05-09,2027-05-09
2026-09-03 17:34:12,395686,pjptb.com,80.00,CNY,2023-05-11,2027-05-11
2026-09-03 17:34:12,395686,physicsindies.com,80.00,CNY,2022-05-09,2027-05-09
2026-09-03 17:34:12,395686,nurdugunsalonu.com,80.00,CNY,2022-05-10,2027-05-10
2026-09-03 17:34:12,395686,hrbbishuizhuangyuan.com,80.00,CNY,2023-05-09,2027-05-09
2026-09-03 17:34:12,395686,uebwodmbu.com,80.00,CNY,2023-05-10,2027-05-10
2026-09-03 17:34:12,395686,atlqhnodq.com,80.00,CNY,2023-05-10,2027-05-10
2026-09-03 17:34:12,395686,hollypainterpoetry.com,80.00,CNY,2022-05-10,2027-05-10
2026-09-03 17:34:12,395686,suzienotebooks.com,80.00,CNY,2023-05-10,2027-05-10
2026-09-03 17:34:12,395686,pixelodesigns.com,80.00,CNY,2023-05-10,2027-05-10
2026-09-03 17:34:12,395686,mzbrassemrealty.com,80.00,CNY,2023-05-10,2027-05-10
2026-09-03 17:34:12,395686,increasingfans.com,80.00,CNY,2022-05-09,2027-05-09
2026-09-03 17:34:12,395686,wxc01.com,80.00,CNY,2023-05-09,2027-05-09
2026-09-03 17:34:12,395686,grandunionbr.com,80.00,CNY,2023-05-10,2027-05-10
2026-09-03 17:34:12,395686,oludenizhostel.com,80.00,CNY,2023-05-09,2027-05-09
2026-09-03 17:34:12,395686,rickycampinggear.com,80.00,CNY,2023-05-10,2027-05-10
2026-09-03 17:34:12,395686,relativitysells.com,80.00,CNY,2023-05-09,2027-05-09
2026-09-03 17:34:12,395686,mazeretimsiirdir.com,80.00,CNY,2022-05-10,2027-05-10
2026-09-03 17:34:12,395686,ishuiba.com,80.00,CNY,2014-05-09,2027-05-09
2026-09-03 17:34:12,395686,ldmrb.com,80.00,CNY,2023-05-10,2027-05-10
2026-09-03 17:34:12,395686,nmzrb.com,80.00,CNY,2023-05-11,2027-05-11
2026-09-03 17:34:12,395686,ipdage.com,80.00,CNY,2023-05-12,2027-05-12
2026-09-03 17:34:12,395686,abroadtreatments.com,80.00,CNY,2023-05-12,2027-05-12
2026-09-03 17:34:12,395686,votzen-tube.com,80.00,CNY,2022-05-12,2027-05-12
2026-09-03 17:34:12,395686,tzxzyy.com,80.00,CNY,2023-05-13,2027-05-13
2026-09-03 17:34:12,395686,qfdlb.com,80.00,CNY,2023-05-11,2027-05-11
2026-09-03 17:34:12,395686,8866ly.com,80.00,CNY,2023-05-11,2027-05-11
2026-09-03 17:34:12,395686,staffometer.com,80.00,CNY,2022-05-13,2027-05-13
2026-09-03 17:34:12,395686,bjtmhzs.com,80.00,CNY,2023-05-12,2027-05-12
2026-09-03 17:34:12,395686,com-dqq.com,80.00,CNY,2023-05-12,2027-05-12
2026-09-03 17:34:12,395686,ahzhiye.com,80.00,CNY,2023-05-12,2027-05-12
2026-09-03 17:34:12,395686,mmxcymxoc.com,80.00,CNY,2023-05-11,2027-05-11
2026-09-03 17:34:12,395686,com-dkw.com,80.00,CNY,2023-05-12,2027-05-12
2026-09-03 17:34:12,395686,robonixx.com,80.00,CNY,2022-05-11,2027-05-11
2026-09-03 17:34:12,395686,ywbzc.com,80.00,CNY,2023-05-12,2027-05-12
2026-09-03 17:34:12,395686,pzjbb.com,80.00,CNY,2023-05-11,2027-05-11
2026-09-03 17:34:12,395686,com-bky.com,80.00,CNY,2023-05-12,2027-05-12
2026-09-03 17:34:12,395686,qhddb.com,80.00,CNY,2023-05-11,2027-05-11
2026-09-03 17:34:12,395686,qdylb.com,80.00,CNY,2023-05-11,2027-05-11
2026-09-03 17:34:12,395686,brookebaronmakeup.com,80.00,CNY,2022-05-13,2027-05-13
2026-09-03 17:34:12,395686,pktlb.com,80.00,CNY,2023-05-11,2027-05-11
2026-09-03 17:34:12,395686,pqbwb.com,80.00,CNY,2023-05-11,2027-05-11
2026-09-03 17:34:12,395686,qfbtb.com,80.00,CNY,2023-05-11,2027-05-11
2026-09-03 17:34:12,395686,ehonor-sh.com,80.00,CNY,2023-05-12,2027-05-12
2026-09-03 17:34:12,395686,besthomecomforts.com,80.00,CNY,2020-05-11,2027-05-11
2026-09-03 17:34:12,395686,successwang.com,80.00,CNY,2023-05-15,2027-05-15
2026-09-03 17:34:12,395686,srjhb.com,80.00,CNY,2023-05-14,2027-05-14
2026-09-03 17:34:12,395686,sxtlb.com,80.00,CNY,2023-05-14,2027-05-14
2026-09-03 17:34:12,395686,xgljb.com,80.00,CNY,2023-05-14,2027-05-14
2026-09-03 17:34:12,395686,402315.com,80.00,CNY,2023-05-15,2027-05-15
2026-09-03 17:34:12,395686,xsngb.com,80.00,CNY,2023-05-14,2027-05-14
2026-09-03 17:34:12,395686,xdfpb.com,80.00,CNY,2023-05-14,2027-05-14
2026-09-03 17:34:12,395686,ynzdb.com,80.00,CNY,2023-05-15,2027-05-15
2026-09-03 17:34:12,395686,ywtyb.com,80.00,CNY,2023-05-15,2027-05-15
2026-09-03 17:34:12,395686,wardsurplus.com,80.00,CNY,2022-05-16,2027-05-16
2026-09-03 17:34:12,395686,synkb.com,80.00,CNY,2023-05-14,2027-05-14
2026-09-03 17:34:12,395686,xhszb.com,80.00,CNY,2023-05-14,2027-05-14
2026-09-03 17:34:12,395686,tzjjb.com,80.00,CNY,2023-05-14,2027-05-14
2026-09-03 17:34:12,395686,tfrtb.com,80.00,CNY,2023-05-14,2027-05-14
2026-09-03 17:34:12,395686,zglbb.com,80.00,CNY,2023-05-15,2027-05-15
2026-09-03 17:34:12,395686,whklb.com,80.00,CNY,2023-05-14,2027-05-14
2026-09-03 17:34:12,395686,tzzrb.com,80.00,CNY,2023-05-14,2027-05-14
2026-09-03 17:34:12,395686,wmyjb.com,80.00,CNY,2023-05-14,2027-05-14
2026-09-03 17:34:12,395686,ordosmzgwjy.com,80.00,CNY,2023-05-15,2027-05-15
2026-09-03 17:34:12,395686,yfhibjmlk.com,80.00,CNY,2023-05-15,2027-05-15
2026-09-03 17:34:12,395686,ykylb.com,80.00,CNY,2023-05-15,2027-05-15
2026-09-03 17:34:12,395686,wlkjb.com,80.00,CNY,2023-05-14,2027-05-14
2026-09-03 17:34:12,395686,swllb.com,80.00,CNY,2023-05-14,2027-05-14
2026-09-03 17:34:12,395686,kwalkerbookkeeping.com,80.00,CNY,2022-05-14,2027-05-14
2026-09-03 17:34:12,395686,18-42.com,80.00,CNY,2023-05-16,2027-05-16
2026-09-03 17:34:12,395686,vallenatostore.com,80.00,CNY,2022-05-16,2027-05-16
2026-09-03 17:34:12,395686,218587.com,80.00,CNY,2023-05-14,2027-05-14
2026-09-03 17:34:12,395686,ttrrb.com,80.00,CNY,2023-05-14,2027-05-14
2026-09-03 17:34:12,395686,swxnb.com,80.00,CNY,2023-05-14,2027-05-14
2026-09-03 17:34:12,395686,953894.com,80.00,CNY,2023-05-14,2027-05-14
2026-09-03 17:34:12,395686,hermesnslave.com,80.00,CNY,2022-05-16,2027-05-16
2026-09-03 17:34:12,395686,kyxctxx.com,80.00,CNY,2023-05-16,2027-05-16
2026-09-03 17:34:12,395686,caren-anne-poe.com,80.00,CNY,2022-05-14,2027-05-14
2026-09-03 17:34:12,395686,wbxhb.com,80.00,CNY,2023-05-14,2027-05-14
2026-09-03 17:34:12,395686,hbksh.com,80.00,CNY,2023-05-17,2027-05-17
2026-09-03 17:34:12,395686,wgjkb.com,80.00,CNY,2023-05-14,2027-05-14
2026-09-03 17:34:12,395686,zdgjb.com,80.00,CNY,2023-05-15,2027-05-15
2026-09-03 17:34:12,395686,ypssb.com,80.00,CNY,2023-05-15,2027-05-15
2026-09-03 17:34:12,395686,gt12315.com,80.00,CNY,2023-05-14,2027-05-14
2026-09-03 17:34:12,395686,875107.com,80.00,CNY,2023-05-15,2027-05-15
2026-09-03 17:34:12,395686,zgdmb.com,80.00,CNY,2023-05-15,2027-05-15
2026-09-03 17:34:12,395686,sfljb.com,80.00,CNY,2023-05-14,2027-05-14
2026-09-03 17:34:12,395686,9955qd.com,80.00,CNY,2023-05-16,2027-05-16
2026-09-03 17:34:12,395686,19aizheng.com,80.00,CNY,2023-05-14,2027-05-14
2026-09-03 17:34:12,395686,fincaslevante.com,80.00,CNY,2021-05-13,2027-05-13
2026-09-03 17:34:12,395686,xijiaowolong.com,80.00,CNY,2023-05-15,2027-05-15
2026-09-03 17:34:12,395686,tyfhb.com,80.00,CNY,2023-05-14,2027-05-14
2026-09-03 17:34:12,395686,wslbb.com,80.00,CNY,2023-05-14,2027-05-14
2026-09-03 17:34:12,395686,sxljb.com,80.00,CNY,2023-05-14,2027-05-14
2026-09-03 17:34:12,395686,snxyb.com,80.00,CNY,2023-05-14,2027-05-14
2026-09-03 17:34:12,395686,hdpzh.com,80.00,CNY,2023-05-17,2027-05-17
2026-09-03 17:34:12,395686,xstdb.com,80.00,CNY,2023-05-14,2027-05-14
2026-09-03 17:34:12,395686,therealoregon.com,80.00,CNY,2022-05-17,2027-05-17
2026-09-03 17:34:12,395686,sakaryafatihdamper.com,80.00,CNY,2022-05-19,2027-05-19
2026-09-03 17:34:12,395686,gyjfh.com,80.00,CNY,2023-05-17,2027-05-17
2026-09-03 17:34:12,395686,httnh.com,80.00,CNY,2023-05-17,2027-05-17
2026-09-03 17:34:12,395686,ptbftvznr.com,80.00,CNY,2023-05-17,2027-05-17
2026-09-03 17:34:12,395686,hzzwh.com,80.00,CNY,2023-05-17,2027-05-17
2026-09-03 17:34:12,395686,htqyh.com,80.00,CNY,2023-05-17,2027-05-17
2026-09-03 17:34:12,395686,jbqsh.com,80.00,CNY,2023-05-17,2027-05-17
2026-09-03 17:34:12,395686,livinghappygroup.com,80.00,CNY,2022-05-17,2027-05-17
2026-09-03 17:34:12,395686,hhljh.com,80.00,CNY,2023-05-17,2027-05-17
2026-09-03 17:34:12,395686,nhamvai.com,80.00,CNY,2022-05-18,2027-05-18
2026-09-03 17:34:12,395686,hddxh.com,80.00,CNY,2023-05-17,2027-05-17
2026-09-03 17:34:12,395686,gygxh.com,80.00,CNY,2023-05-17,2027-05-17
2026-09-03 17:34:12,395686,hmtjh.com,80.00,CNY,2023-05-17,2027-05-17
2026-09-03 17:34:12,395686,shamanichairstyling.com,80.00,CNY,2022-05-19,2027-05-19
2026-09-03 17:34:12,395686,garyhillphoto.com,80.00,CNY,2022-05-19,2027-05-19
2026-09-03 17:34:12,395686,ybxcdc.com,80.00,CNY,2023-05-18,2027-05-18
2026-09-03 17:34:12,395686,thebungalowpoorva.com,80.00,CNY,2022-05-19,2027-05-19
2026-09-03 17:34:12,395686,jswjyjy.com,80.00,CNY,2023-05-17,2027-05-17
2026-09-03 17:34:12,395686,hdxhh.com,80.00,CNY,2023-05-17,2027-05-17
2026-09-03 17:34:12,395686,sheltonclublambs.com,80.00,CNY,2022-05-20,2027-05-20
2026-09-03 17:34:12,395686,lcrrh.com,80.00,CNY,2023-05-20,2027-05-20
2026-09-03 17:34:12,395686,xxsawb.com,80.00,CNY,2023-05-22,2027-05-22
2026-09-03 17:34:12,395686,ryljb.com,80.00,CNY,2023-05-21,2027-05-21
2026-09-03 17:34:12,395686,khddh.com,80.00,CNY,2023-05-20,2027-05-20
2026-09-03 17:34:12,395686,27wei.com,80.00,CNY,2023-05-21,2027-05-21
2026-09-03 17:34:12,395686,kmfyh.com,80.00,CNY,2023-05-20,2027-05-20
2026-09-03 17:34:12,395686,qcwunbsyz.com,80.00,CNY,2023-05-19,2027-05-19
2026-09-03 17:34:12,395686,cellierdegraman.com,80.00,CNY,2022-05-21,2027-05-21
2026-09-03 17:34:12,395686,carlynschooluniforms.com,80.00,CNY,2022-05-20,2027-05-20
2026-09-03 17:34:12,395686,txgjgs.com,80.00,CNY,2023-05-22,2027-05-22
2026-09-03 17:34:12,395686,tgxdb.com,80.00,CNY,2023-05-21,2027-05-21
2026-09-03 17:34:12,395686,sdhdwz.com,80.00,CNY,2023-05-22,2027-05-22
2026-09-03 17:34:12,395686,lhxtb.com,80.00,CNY,2023-05-21,2027-05-21
2026-09-03 17:34:12,395686,ldnwh.com,80.00,CNY,2023-05-20,2027-05-20
2026-09-03 17:34:12,395686,signetbd.com,80.00,CNY,2022-05-23,2027-05-23
2026-09-03 17:34:12,395686,hocdjcuonglost.com,80.00,CNY,2022-05-20,2027-05-20
2026-09-03 17:34:12,395686,habileconseil.com,80.00,CNY,2022-05-23,2027-05-23
2026-09-03 17:34:12,395686,quangduonghp.com,80.00,CNY,2022-05-21,2027-05-21
2026-09-03 17:34:12,395686,lbndh.com,80.00,CNY,2023-05-20,2027-05-20
2026-09-03 17:34:12,395686,naraycard.com,80.00,CNY,2021-05-20,2027-05-20
2026-09-03 17:34:12,395686,rydsb.com,80.00,CNY,2023-05-21,2027-05-21
2026-09-03 17:34:12,395686,qzzjb.com,80.00,CNY,2023-05-21,2027-05-21
2026-09-03 17:34:12,395686,qsnmb.com,80.00,CNY,2023-05-21,2027-05-21
2026-09-03 17:34:12,395686,kyyhb.com,80.00,CNY,2023-05-21,2027-05-21
2026-09-03 17:34:12,395686,kybzh.com,80.00,CNY,2023-05-20,2027-05-20
2026-09-03 17:34:12,395686,kmjhh.com,80.00,CNY,2023-05-20,2027-05-20
2026-09-03 17:34:12,395686,ycbvfjujf.com,80.00,CNY,2023-05-19,2027-05-19
2026-09-03 17:34:12,395686,fzqceqahjb.com,80.00,CNY,2023-05-21,2027-05-21
2026-09-03 17:34:12,395686,noithatbinhdan.com,80.00,CNY,2022-05-21,2027-05-21
2026-09-03 17:34:12,395686,marciblicher.com,80.00,CNY,2022-05-23,2027-05-23
2026-09-03 17:34:12,395686,rxqtb.com,80.00,CNY,2023-05-21,2027-05-21
2026-09-03 17:34:12,395686,rstgb.com,80.00,CNY,2023-05-21,2027-05-21
2026-09-03 17:34:12,395686,spiraliwebstudio.com,80.00,CNY,2022-05-23,2027-05-23
2026-09-03 17:34:12,395686,lifechangeartists.com,80.00,CNY,2022-05-23,2027-05-23
2026-09-03 17:34:12,395686,kjsyh.com,80.00,CNY,2023-05-20,2027-05-20
2026-09-03 17:34:12,395686,shdmfdc.com,80.00,CNY,2019-05-21,2027-05-21
2026-09-03 17:34:12,395686,945751.com,80.00,CNY,2023-05-19,2027-05-19
2026-09-03 17:34:12,395686,kxcyh.com,80.00,CNY,2023-05-20,2027-05-20
2026-09-03 17:34:12,395686,danspavenwoodworks.com,80.00,CNY,2022-05-20,2027-05-20
2026-09-03 17:34:12,395686,kwwteydnwj.com,80.00,CNY,2023-05-22,2027-05-22
2026-09-03 17:34:12,395686,fjbkbwjpo.com,80.00,CNY,2023-05-19,2027-05-19
2026-09-03 17:34:12,395686,typ196.com,80.00,CNY,2023-05-19,2027-05-19
2026-09-03 17:34:12,395686,taartwinkeltje.com,80.00,CNY,2022-05-20,2027-05-20
2026-09-03 17:34:12,395686,sedotwcsurabaya-f.com,80.00,CNY,2022-05-20,2027-05-20
2026-09-03 17:34:12,395686,sa1226.com,80.00,CNY,2016-05-22,2027-05-22
2026-09-03 17:34:12,395686,ljdzb.com,80.00,CNY,2023-05-21,2027-05-21
2026-09-03 17:34:12,395686,cahayarempahmakmur.com,80.00,CNY,2022-05-20,2027-05-20
2026-09-03 17:34:12,395686,chjgd.com,80.00,CNY,2023-05-21,2027-05-21
2026-09-03 17:34:12,395686,kddhh.com,80.00,CNY,2023-05-20,2027-05-20
2026-09-03 17:34:12,395686,merchantshipbrokers.com,80.00,CNY,2022-05-22,2027-05-22
2026-09-03 17:34:12,395686,qqxrb.com,80.00,CNY,2023-05-21,2027-05-21
2026-09-03 17:34:12,395686,ghenergysolutions.com,80.00,CNY,2022-05-20,2027-05-20
2026-09-03 17:34:12,395686,zidiqvrzbg.com,80.00,CNY,2023-05-21,2027-05-21
2026-09-03 17:34:12,395686,vbvgnfragx.com,80.00,CNY,2023-05-22,2027-05-22
2026-09-03 17:34:12,395686,xhvmgcywd.com,80.00,CNY,2023-05-20,2027-05-20
2026-09-03 17:34:12,395686,kynmh.com,80.00,CNY,2023-05-20,2027-05-20
2026-09-03 17:34:12,395686,calaguasislandtour.com,80.00,CNY,2022-05-22,2027-05-22
2026-09-03 17:34:12,395686,rxjkb.com,80.00,CNY,2023-05-21,2027-05-21
2026-09-03 17:34:12,395686,zhenghanwujin.com,80.00,CNY,2017-05-22,2027-05-22
2026-09-03 17:34:12,395686,durvankurhospital.com,80.00,CNY,2022-05-20,2027-05-20
2026-09-03 17:34:12,395686,couplacafe.com,80.00,CNY,2022-05-22,2027-05-22
2026-09-03 17:34:12,395686,qjsbwg.com,80.00,CNY,2023-05-20,2027-05-20
2026-09-03 17:34:12,395686,dermatoplastika.com,80.00,CNY,2022-05-22,2027-05-22
2026-09-03 17:34:12,395686,714720.com,80.00,CNY,2023-05-19,2027-05-19
2026-09-03 17:34:12,395686,479651.com,80.00,CNY,2023-05-19,2027-05-19
2026-09-03 17:34:12,395686,jygnh.com,80.00,CNY,2023-05-20,2027-05-20
2026-09-03 17:34:12,395686,timelessmusicproject.com,80.00,CNY,2022-05-21,2027-05-21
2026-09-03 17:34:12,395686,l1y5.com,80.00,CNY,2023-05-22,2027-05-22
2026-09-03 17:34:12,395686,kfjjh.com,80.00,CNY,2023-05-20,2027-05-20
2026-09-03 17:34:12,395686,jsczzfhszx.com,80.00,CNY,2023-05-23,2027-05-23
2026-09-03 17:34:12,395686,bilingualvideos.com,80.00,CNY,2020-05-25,2027-05-25
2026-09-03 17:34:12,395686,wuhancelou.com,80.00,CNY,2020-05-24,2027-05-24
2026-09-03 17:34:12,395686,kongtiaojia.com,80.00,CNY,2020-05-25,2027-05-25
2026-09-03 17:34:12,395686,zjjzzk.com,80.00,CNY,2023-05-26,2027-05-26
2026-09-03 17:34:12,395686,chmielowadolina.com,80.00,CNY,2022-05-24,2027-05-24
2026-09-03 17:34:12,395686,jsdczx.com,80.00,CNY,2023-05-24,2027-05-24
2026-09-03 17:34:12,395686,leqpsxixam.com,80.00,CNY,2023-05-25,2027-05-25
2026-09-03 17:34:12,395686,dwgbxjkmbb.com,80.00,CNY,2023-05-25,2027-05-25
2026-09-03 17:34:12,395686,busty-tits.com,80.00,CNY,2021-05-24,2027-05-24
2026-09-03 17:34:16,395686,yshlzrmzf.com,80.00,CNY,2023-05-26,2027-05-26
2026-09-03 17:34:16,395686,lsjczbhibu.com,80.00,CNY,2023-05-25,2027-05-25
2026-09-03 17:34:16,395686,rapidgaragedoorrepair.com,80.00,CNY,2011-05-24,2027-05-24
2026-09-03 17:34:16,395686,hh-mm.com,80.00,CNY,2023-06-06,2027-06-06
2026-09-03 17:34:16,395686,0851wgk.com,80.00,CNY,2023-06-06,2027-06-06
2026-09-03 17:34:16,395686,2rmyyebhk.com,80.00,CNY,2023-06-06,2027-06-06
2026-09-03 17:34:16,395686,msjdaj.com,80.00,CNY,2017-06-07,2027-06-07
2026-09-03 17:34:16,395686,gdpublic.com,80.00,CNY,2023-06-08,2027-06-08
2026-09-03 17:34:16,395686,lvyuanjz.com,80.00,CNY,2017-06-07,2027-06-07
2026-09-03 17:34:16,395686,sqzyypf.com,80.00,CNY,2023-06-07,2027-06-07
2026-09-03 17:34:16,395686,zsdfsxx.com,80.00,CNY,2023-06-09,2027-06-09
2026-09-03 17:34:16,395686,ikhlassmasjid.com,80.00,CNY,2022-06-09,2027-06-09
2026-09-03 17:34:16,395686,sxxysme.com,80.00,CNY,2023-06-08,2027-06-08
2026-09-03 17:34:16,395686,hrsrz.com,80.00,CNY,2023-06-08,2027-06-08
2026-09-03 17:34:16,395686,as43z.com,80.00,CNY,2023-06-07,2027-06-07
2026-09-03 17:34:16,395686,cqjzlaw.com,80.00,CNY,2023-06-09,2027-06-09
2026-09-03 17:34:16,395686,managingmiscarriage.com,80.00,CNY,2022-06-07,2027-06-07
2026-09-03 17:34:16,395686,lzjsjx.com,80.00,CNY,2023-06-08,2027-06-08
2026-09-03 17:34:16,395686,lfnyzf.com,80.00,CNY,2023-06-09,2027-06-09
2026-09-03 17:34:16,395686,hadidinstruments.com,80.00,CNY,2022-06-08,2027-06-08
2026-09-03 17:34:16,395686,stcnddb.com,80.00,CNY,2023-06-09,2027-06-09
2026-09-03 17:34:16,395686,huihaidai.com,80.00,CNY,2020-06-08,2027-06-08
2026-09-03 17:34:16,395686,cxskzx.com,80.00,CNY,2023-06-12,2027-06-12
2026-09-03 17:34:16,395686,33ee22.com,80.00,CNY,2023-06-11,2027-06-11
2026-09-03 17:34:16,395686,fireworksstandard.com,80.00,CNY,2023-06-10,2027-06-10
2026-09-03 17:34:16,395686,huijiangong.com,80.00,CNY,2018-06-10,2027-06-10
2026-09-03 17:34:16,395686,hbxf3yy.com,80.00,CNY,2023-06-12,2027-06-12
2026-09-03 17:34:16,395686,sz-rs-marathon.com,80.00,CNY,2023-06-12,2027-06-12
2026-09-03 17:34:16,395686,hbshuidian.com,80.00,CNY,2023-06-11,2027-06-11
2026-09-03 17:34:16,395686,cddy120.com,80.00,CNY,2023-06-11,2027-06-11
2026-09-03 17:34:16,395686,dxsdlgs.com,80.00,CNY,2018-06-09,2027-06-09
2026-09-03 17:34:16,395686,sgsjyjczx.com,80.00,CNY,2023-06-12,2027-06-12
2026-09-03 17:34:16,395686,swzxc.com,80.00,CNY,2020-06-10,2027-06-10
2026-09-03 17:34:16,395686,seo-xiaoxu.com,80.00,CNY,2020-06-10,2027-06-10
2026-09-03 17:34:16,395686,go-ec.com,80.00,CNY,2023-06-12,2027-06-12
2026-09-03 17:34:16,395686,pzhxqzjj.com,80.00,CNY,2023-06-12,2027-06-12
2026-09-03 17:34:16,395686,wq2010.com,80.00,CNY,2023-06-11,2027-06-11
2026-09-03 17:34:16,395686,werbopbop.com,80.00,CNY,2022-06-09,2027-06-09
2026-09-03 17:34:16,395686,sosolke.com,80.00,CNY,2023-06-11,2027-06-11
2026-09-03 17:34:16,395686,lylsrlzy.com,80.00,CNY,2023-06-12,2027-06-12
2026-09-03 17:34:16,395686,katieandken.com,80.00,CNY,2023-06-13,2027-06-13
2026-09-03 17:34:16,395686,0517hn.com,80.00,CNY,2023-06-13,2027-06-13
2026-09-03 17:34:16,395686,httphbyzx.com,80.00,CNY,2023-06-13,2027-06-13
2026-09-03 17:34:16,395686,3535150.com,80.00,CNY,2022-06-13,2027-06-13
2026-09-03 17:34:16,395686,yingdestone.com,80.00,CNY,2023-06-12,2027-06-12
2026-09-03 17:34:16,395686,huimingyu.com,80.00,CNY,2020-06-14,2027-06-14
2026-09-03 17:34:16,395686,mtv87.com,80.00,CNY,2020-06-16,2027-06-16
2026-09-03 17:34:16,395686,184school.com,80.00,CNY,2023-06-14,2027-06-14
2026-09-03 17:34:16,395686,odbxm.com,80.00,CNY,2019-06-13,2027-06-13
2026-09-03 17:34:16,395686,huixundian.com,80.00,CNY,2020-06-14,2027-06-14
2026-09-03 17:34:16,395686,askdrvelvet.com,80.00,CNY,2022-06-14,2027-06-14
2026-09-03 17:34:16,395686,vizesfalszigeteles.com,80.00,CNY,2022-06-14,2027-06-14
2026-09-03 17:34:16,395686,huixunshi.com,80.00,CNY,2020-06-14,2027-06-14
2026-09-03 17:34:16,395686,huifengxiong.com,80.00,CNY,2020-06-13,2027-06-13
2026-09-03 17:34:16,395686,tjhyyx.com,80.00,CNY,2023-06-14,2027-06-14
2026-09-03 17:34:16,395686,dehlindesign.com,80.00,CNY,2022-06-14,2027-06-14
2026-09-03 17:34:16,395686,0510zxy.com,80.00,CNY,2023-06-15,2027-06-15
2026-09-03 17:34:16,395686,organized2succeed.com,80.00,CNY,2022-06-15,2027-06-15
2026-09-03 17:34:16,395686,822083.com,80.00,CNY,2023-06-18,2027-06-18
2026-09-03 17:34:16,395686,rqzdbaf.com,80.00,CNY,2016-06-22,2027-06-22
2026-09-03 17:34:16,395686,828921.com,80.00,CNY,2023-06-17,2027-06-17
2026-09-03 17:34:16,395686,eyewearnmore.com,80.00,CNY,2022-06-19,2027-06-19
2026-09-03 17:34:16,395686,wbujjue.com,80.00,CNY,2022-06-19,2027-06-19
2026-09-03 17:34:16,395686,csfzhggj.com,80.00,CNY,2023-06-20,2027-06-20
2026-09-03 17:34:16,395686,paodfkuai.com,80.00,CNY,2022-06-19,2027-06-19
2026-09-03 17:34:16,395686,lbujitao.com,80.00,CNY,2022-06-19,2027-06-19
2026-09-03 17:34:16,395686,islandpaintparty.com,80.00,CNY,2022-06-15,2027-06-15
2026-09-03 17:34:16,395686,nixymshenm.com,80.00,CNY,2022-06-19,2027-06-19
2026-09-03 17:34:16,395686,4001641640.com,80.00,CNY,2023-06-21,2027-06-21
2026-09-03 17:34:16,395686,xkoudbiw.com,80.00,CNY,2022-06-19,2027-06-19
2026-09-03 17:34:16,395686,hnx9x.com,80.00,CNY,2023-06-23,2027-06-23
2026-09-03 17:34:16,395686,152512.com,80.00,CNY,2022-06-15,2027-06-15
2026-09-03 17:34:16,395686,ynxinyujiancai.com,80.00,CNY,2019-06-20,2027-06-20
2026-09-03 17:34:16,395686,kancnidx.com,80.00,CNY,2022-06-19,2027-06-19
2026-09-03 17:34:16,395686,flushingbar.com,80.00,CNY,2014-06-25,2027-06-25
2026-09-03 17:34:16,395686,13tobo99.com,80.00,CNY,2022-06-20,2027-06-20
2026-09-03 17:34:16,395686,lsjysy.com,80.00,CNY,2023-06-15,2027-06-15
2026-09-03 17:34:16,395686,sbuswles.com,80.00,CNY,2022-06-19,2027-06-19
2026-09-03 17:34:16,395686,gfanr.com,80.00,CNY,2021-06-27,2027-06-27
2026-09-03 17:34:16,395686,mtgspjx.com,80.00,CNY,2017-06-21,2027-06-21
2026-09-03 17:34:16,395686,452824.com,80.00,CNY,2023-06-23,2027-06-23
2026-09-03 17:34:16,395686,xhytylyj.com,80.00,CNY,2023-06-16,2027-06-16
2026-09-03 17:34:16,395686,huishunxiao.com,80.00,CNY,2020-06-20,2027-06-20
2026-09-03 17:34:16,395686,qyxxjhxt.com,80.00,CNY,2023-06-21,2027-06-21
2026-09-03 17:34:16,395686,dasshuoclai.com,80.00,CNY,2022-06-19,2027-06-19
2026-09-03 17:34:16,395686,731005.com,80.00,CNY,2023-06-21,2027-06-21
2026-09-03 17:34:16,395686,hannengdianqi.com,80.00,CNY,2020-06-18,2027-06-18
2026-09-03 17:34:16,395686,096705.com,80.00,CNY,2023-06-21,2027-06-21
2026-09-03 17:34:16,395686,rzhendeag.com,80.00,CNY,2022-06-19,2027-06-19
2026-09-03 17:34:16,395686,dshaocyuel.com,80.00,CNY,2022-06-19,2027-06-19
2026-09-03 17:34:16,395686,zjdscl.com,80.00,CNY,2023-06-16,2027-06-16
2026-09-03 17:34:16,395686,jn-jiaodai.com,80.00,CNY,2019-06-26,2027-06-26
2026-09-03 17:34:16,395686,shwhyc.com,80.00,CNY,2023-06-23,2027-06-23
2026-09-03 17:34:16,395686,144283.com,80.00,CNY,2023-06-19,2027-06-19
2026-09-03 17:34:16,395686,spxhyy.com,80.00,CNY,2014-06-17,2027-06-17
2026-09-03 17:34:16,395686,hplyx.com,80.00,CNY,2023-06-15,2027-06-15
2026-09-03 17:34:16,395686,jsyuanchang.com,80.00,CNY,2022-06-27,2027-06-27
2026-09-03 17:34:16,395686,saikaishi.com,80.00,CNY,2022-06-27,2027-06-27
2026-09-03 17:34:16,395686,500bcevolve.com,80.00,CNY,2022-06-19,2027-06-19
2026-09-03 17:34:16,395686,theoutdoorvideo.com,80.00,CNY,2023-06-15,2027-06-15
2026-09-03 17:34:16,395686,nealmcdonald.com,80.00,CNY,2022-06-19,2027-06-19
2026-09-03 17:34:16,395686,285442.com,80.00,CNY,2023-06-18,2027-06-18
2026-09-03 17:34:16,395686,zchongmyd.com,80.00,CNY,2022-06-19,2027-06-19
2026-09-03 17:34:16,395686,081803.com,80.00,CNY,2023-06-21,2027-06-21
2026-09-03 17:34:16,395686,tnbjiaoyu.com,80.00,CNY,2023-06-23,2027-06-23
2026-09-03 17:34:16,395686,447730.com,80.00,CNY,2023-06-20,2027-06-20
2026-09-03 17:34:16,395686,kafdian.com,80.00,CNY,2022-06-19,2027-06-19
2026-09-03 17:34:16,395686,pyxdezx.com,80.00,CNY,2023-06-22,2027-06-22
2026-09-03 17:34:16,395686,0760nizi.com,80.00,CNY,2020-06-22,2027-06-22
2026-09-03 17:34:16,395686,191066.com,80.00,CNY,2023-06-21,2027-06-21
2026-09-03 17:34:16,395686,nanhucredit.com,80.00,CNY,2023-06-23,2027-06-23
2026-09-03 17:34:16,395686,yyf51.com,80.00,CNY,2023-06-15,2027-06-15
2026-09-03 17:34:16,395686,deguanhuai.com,80.00,CNY,2022-06-19,2027-06-19
2026-09-03 17:34:16,395686,gaitildbzz.com,80.00,CNY,2022-06-19,2027-06-19
2026-09-03 17:34:16,395686,097216.com,80.00,CNY,2023-06-20,2027-06-20
2026-09-03 17:34:16,395686,zzganjue.com,80.00,CNY,2022-06-19,2027-06-19
2026-09-03 17:34:16,395686,fz1969.com,80.00,CNY,2023-06-23,2027-06-23
2026-09-03 17:34:16,395686,shcapathology.com,80.00,CNY,2023-06-16,2027-06-16
2026-09-03 17:34:16,395686,wujiajing.com,80.00,CNY,2020-06-27,2027-06-27
2026-09-03 17:34:16,395686,scmxzs.com,80.00,CNY,2020-06-24,2027-06-24
2026-09-03 17:34:16,395686,822067.com,80.00,CNY,2023-06-18,2027-06-18
2026-09-03 17:34:16,395686,waybackwhengames.com,80.00,CNY,2022-06-19,2027-06-19
2026-09-03 17:34:16,395686,839248.com,80.00,CNY,2023-06-21,2027-06-21
2026-09-03 17:34:16,395686,233134.com,80.00,CNY,2023-06-21,2027-06-21
2026-09-03 17:34:16,395686,glzzgh.com,80.00,CNY,2023-06-21,2027-06-21
2026-09-03 17:34:16,395686,0318bus.com,80.00,CNY,2023-06-20,2027-06-20
2026-09-03 17:34:16,395686,praktisya.com,80.00,CNY,2022-06-16,2027-06-16
2026-09-03 17:34:16,395686,20crestwood.com,80.00,CNY,2023-06-28,2027-06-28
2026-09-03 17:34:16,395686,askjcxfw.com,80.00,CNY,2023-06-30,2027-06-30
2026-09-03 17:34:16,395686,jydiaoche.com,80.00,CNY,2021-06-27,2027-06-27
2026-09-03 17:34:16,395686,longhaitao.com,80.00,CNY,2020-06-27,2027-06-27
2026-09-03 17:34:16,395686,2lu8.com,80.00,CNY,2019-06-29,2027-06-29
2026-09-03 17:34:16,395686,limingguo.com,80.00,CNY,2022-06-27,2027-06-27
2026-09-03 17:34:16,395686,qyyemz.com,80.00,CNY,2023-06-30,2027-06-30
2026-09-03 17:34:16,395686,zhaohonghao.com,80.00,CNY,2021-06-28,2027-06-28
2026-09-03 17:34:16,395686,lzbyzx.com,80.00,CNY,2023-06-30,2027-06-30
2026-09-03 17:34:16,395686,jinluoyishu.com,80.00,CNY,2014-06-27,2027-06-27
2026-09-03 17:34:16,395686,hexiaxiang.com,80.00,CNY,2022-06-27,2027-06-27
2026-09-03 17:34:16,395686,1haoxian.com,80.00,CNY,2022-06-28,2027-06-28
2026-09-03 17:34:16,395686,msxfp.com,80.00,CNY,2023-06-30,2027-06-30
2026-09-03 17:34:16,395686,xz-minjia.com,80.00,CNY,2020-06-30,2027-06-30
2026-09-03 17:34:16,395686,chengdijiaoyu.com,80.00,CNY,2019-06-28,2027-06-28
2026-09-03 17:34:16,395686,tdjinyin.com,80.00,CNY,2022-06-27,2027-06-27
2026-09-03 17:34:16,395686,10000moyu.com,80.00,CNY,2015-06-28,2027-06-28
2026-09-03 17:34:16,395686,jjsenyuan.com,80.00,CNY,2020-06-27,2027-06-27
2026-09-03 17:34:16,395686,224327.com,80.00,CNY,2023-06-28,2027-06-28
2026-09-03 17:34:16,395686,409967.com,80.00,CNY,2023-06-28,2027-06-28
2026-09-03 17:34:16,395686,fei-lu.com,80.00,CNY,2022-06-27,2027-06-27
2026-09-03 17:34:16,395686,songcanke.com,80.00,CNY,2022-06-27,2027-06-27
2026-09-03 17:34:16,395686,huijiangtang.com,80.00,CNY,2014-06-27,2027-06-27
2026-09-03 17:34:16,395686,sz-tslx.com,80.00,CNY,2017-06-29,2027-06-29
2026-09-03 17:34:16,395686,412967.com,80.00,CNY,2023-06-28,2027-06-28
2026-09-03 17:34:16,395686,aklyg.com,80.00,CNY,2023-06-26,2027-06-26
2026-09-03 17:34:16,395686,wnwuliu.com,80.00,CNY,2023-07-02,2027-07-02
2026-09-03 17:34:16,395686,aywgj.com,80.00,CNY,2023-07-01,2027-07-01
2026-09-03 17:34:16,395686,wfttjx.com,80.00,CNY,2020-07-02,2027-07-02
2026-09-03 17:34:16,395686,qxjjf.com,80.00,CNY,2023-06-26,2027-06-26
2026-09-03 17:34:16,395686,eipsv.com,80.00,CNY,2023-06-26,2027-06-26
2026-09-03 17:34:16,395686,928690.com,80.00,CNY,2023-06-27,2027-06-27
2026-09-03 17:34:16,395686,xlxqgj.com,80.00,CNY,2023-07-02,2027-07-02
2026-09-03 17:34:16,395686,cdpsb.com,80.00,CNY,2023-06-26,2027-06-26
2026-09-03 17:34:16,395686,bjcoo.com,80.00,CNY,2023-06-26,2027-06-26
2026-09-03 17:34:16,395686,jzgxljxx.com,80.00,CNY,2023-07-02,2027-07-02
2026-09-03 17:34:16,395686,hscasq.com,80.00,CNY,2023-07-01,2027-07-01
2026-09-03 17:34:16,395686,628780.com,80.00,CNY,2023-06-27,2027-06-27
2026-09-03 17:34:16,395686,ccjunhua.com,80.00,CNY,2013-07-02,2027-07-02
2026-09-03 17:34:16,395686,ztzyz.com,80.00,CNY,2023-07-02,2027-07-02
2026-09-03 17:34:16,395686,llbeilei.com,80.00,CNY,2023-07-01,2027-07-01
2026-09-03 17:34:16,395686,jtzgj.com,80.00,CNY,2023-06-26,2027-06-26
2026-09-03 17:34:16,395686,hkmlb.com,80.00,CNY,2023-06-26,2027-06-26
2026-09-03 17:34:16,395686,dxwjy.com,80.00,CNY,2023-06-26,2027-06-26
2026-09-03 17:34:16,395686,zghsrj.com,80.00,CNY,2023-07-02,2027-07-02
2026-09-03 17:34:16,395686,ttzaa.com,80.00,CNY,2023-06-26,2027-06-26
2026-09-03 17:34:16,395686,627860.com,80.00,CNY,2023-06-27,2027-06-27
2026-09-03 17:34:16,395686,mfjml.com,80.00,CNY,2023-06-26,2027-06-26
2026-09-03 17:34:16,395686,tylxn.com,80.00,CNY,2023-06-26,2027-06-26
2026-09-03 17:34:16,395686,hhjyd.com,80.00,CNY,2023-06-26,2027-06-26
2026-09-03 17:34:16,395686,hlrnkl.com,80.00,CNY,2023-07-02,2027-07-02
2026-09-03 17:34:16,395686,warwickppm.com,80.00,CNY,2023-07-01,2027-07-01
2026-09-03 17:34:16,395686,yqdfy.com,80.00,CNY,2023-06-26,2027-06-26
2026-09-03 17:34:16,395686,chinazmsn.com,80.00,CNY,2015-07-17,2027-07-17
2026-09-03 17:34:16,395686,lsxjpxzxxx.com,80.00,CNY,2023-07-19,2027-07-19
2026-09-03 17:34:16,395686,fqglzxxx.com,80.00,CNY,2023-07-25,2027-07-25
2026-09-03 17:34:16,395686,doubt-beat.com,80.00,CNY,2023-07-04,2027-07-04
2026-09-03 17:34:16,395686,sytc8.com,80.00,CNY,2023-07-04,2027-07-04
2026-09-03 17:34:16,395686,fszhaopin.com,80.00,CNY,2022-07-05,2027-07-05
2026-09-03 17:34:16,395686,cylzxxx.com,80.00,CNY,2023-07-04,2027-07-04
2026-09-03 17:34:16,395686,wyggjy.com,80.00,CNY,2023-07-04,2027-07-04
2026-09-03 17:34:16,395686,zghxkjc.com,80.00,CNY,2023-07-04,2027-07-04
2026-09-03 17:34:16,395686,ccsw122.com,80.00,CNY,2023-07-04,2027-07-04
2026-09-03 17:34:16,395686,dzxkx.com,80.00,CNY,2023-07-05,2027-07-05
2026-09-03 17:34:16,395686,sdgjwh.com,80.00,CNY,2023-07-03,2027-07-03
2026-09-03 17:34:16,395686,gushiqiang.com,80.00,CNY,2020-07-03,2027-07-03
2026-09-03 17:34:16,395686,zwczs.com,80.00,CNY,2023-07-03,2027-07-03
2026-09-03 17:34:16,395686,fdsaizensen.com,80.00,CNY,2022-07-03,2027-07-03
2026-09-03 17:34:16,395686,zgdaga.com,80.00,CNY,2023-07-04,2027-07-04
2026-09-03 17:34:16,395686,pxiangcar.com,80.00,CNY,2020-07-05,2027-07-05
2026-09-03 17:34:16,395686,guoruihuanbao.com,80.00,CNY,2020-07-05,2027-07-05
2026-09-03 17:34:16,395686,shyongbei.com,80.00,CNY,2022-07-05,2027-07-05
2026-09-03 17:34:16,395686,shikisanjin.com,80.00,CNY,2022-07-05,2027-07-05
2026-09-03 17:34:16,395686,sanling021.com,80.00,CNY,2020-07-05,2027-07-05
2026-09-03 17:34:16,395686,gxkdfswx.com,80.00,CNY,2023-07-05,2027-07-05
2026-09-03 17:34:16,395686,jyxyyzx.com,80.00,CNY,2023-07-05,2027-07-05
2026-09-03 17:34:16,395686,shshangzhi.com,80.00,CNY,2021-07-05,2027-07-05
2026-09-03 17:34:16,395686,lgsmw.com,80.00,CNY,2020-07-05,2027-07-05
2026-09-03 17:34:16,395686,zhjqcy.com,80.00,CNY,2020-07-05,2027-07-05
2026-09-03 17:34:16,395686,tyfhjq.com,80.00,CNY,2023-07-05,2027-07-05
2026-09-03 17:34:16,395686,lhgzc.com,80.00,CNY,2023-07-07,2027-07-07
2026-09-03 17:34:16,395686,hndxzkedu.com,80.00,CNY,2023-07-12,2027-07-12
2026-09-03 17:34:16,395686,csdfhs.com,80.00,CNY,2023-07-07,2027-07-07
2026-09-03 17:34:16,395686,shoujiweixiu-peixun.com,80.00,CNY,2023-07-12,2027-07-12
2026-09-03 17:34:16,395686,dl-sunbaby.com,80.00,CNY,2023-07-15,2027-07-15
2026-09-03 17:34:16,395686,xahtshy.com,80.00,CNY,2023-07-13,2027-07-13
2026-09-03 17:34:16,395686,sqxbwg.com,80.00,CNY,2023-07-09,2027-07-09
2026-09-03 17:34:16,395686,wfdhwfb.com,80.00,CNY,2017-07-10,2027-07-10
2026-09-03 17:34:16,395686,xaruitang.com,80.00,CNY,2020-07-14,2027-07-14
2026-09-03 17:34:16,395686,bdsdhxx.com,80.00,CNY,2023-07-13,2027-07-13
2026-09-03 17:34:16,395686,cn-zenghui.com,80.00,CNY,2022-07-14,2027-07-14
2026-09-03 17:34:16,395686,jimowuzhong.com,80.00,CNY,2023-07-06,2027-07-06
2026-09-03 17:34:16,395686,ban-can-ho.com,80.00,CNY,2022-07-06,2027-07-06
2026-09-03 17:34:16,395686,tianjinfolkmuseum.com,80.00,CNY,2023-07-14,2027-07-14
2026-09-03 17:34:16,395686,csfxhrfx.com,80.00,CNY,2023-07-13,2027-07-13
2026-09-03 17:34:16,395686,gnqzl.com,80.00,CNY,2023-07-14,2027-07-14
2026-09-03 17:34:16,395686,haitongfm.com,80.00,CNY,2020-07-15,2027-07-15
2026-09-03 17:34:16,395686,sxpdc.com,80.00,CNY,2023-07-15,2027-07-15
2026-09-03 17:34:16,395686,ysxtxx.com,80.00,CNY,2023-07-12,2027-07-12
2026-09-03 17:34:16,395686,jsdeyy.com,80.00,CNY,2023-07-14,2027-07-14
2026-09-03 17:34:16,395686,shleikong.com,80.00,CNY,2021-07-07,2027-07-07
2026-09-03 17:34:16,395686,cqnqzx.com,80.00,CNY,2023-07-09,2027-07-09
2026-09-03 17:34:16,395686,jtsqedu.com,80.00,CNY,2023-07-12,2027-07-12
2026-09-03 17:34:16,395686,huidoulong.com,80.00,CNY,2020-07-08,2027-07-08
2026-09-03 17:34:16,395686,nnqxjy.com,80.00,CNY,2023-07-14,2027-07-14
2026-09-03 17:34:16,395686,intshnk.com,80.00,CNY,2023-07-06,2027-07-06
2026-09-03 17:34:16,395686,yidu65.com,80.00,CNY,2020-07-06,2027-07-06
2026-09-03 17:34:16,395686,ftnxx.com,80.00,CNY,2023-07-14,2027-07-14
2026-09-03 17:34:16,395686,zlbyby.com,80.00,CNY,2023-07-06,2027-07-06
2026-09-03 17:34:16,395686,jycsyey.com,80.00,CNY,2023-07-13,2027-07-13
2026-09-03 17:34:16,395686,hubenjun.com,80.00,CNY,2021-07-15,2027-07-15
2026-09-03 17:34:16,395686,ksjzjzx.com,80.00,CNY,2019-07-12,2027-07-12
2026-09-03 17:34:16,395686,hbfjy.com,80.00,CNY,2023-07-14,2027-07-14
2026-09-03 17:34:16,395686,letao828.com,80.00,CNY,2023-07-06,2027-07-06
2026-09-03 17:34:16,395686,fzspzx.com,80.00,CNY,2023-07-06,2027-07-06
2026-09-03 17:34:16,395686,qixianzhaoshangju.com,80.00,CNY,2023-07-11,2027-07-11
2026-09-03 17:34:16,395686,cbjxjdd.com,80.00,CNY,2023-07-15,2027-07-15
2026-09-03 17:34:16,395686,bhtcyl.com,80.00,CNY,2017-07-07,2027-07-07
2026-09-03 17:34:16,395686,jiangsushagang.com,80.00,CNY,2020-07-15,2027-07-15
2026-09-03 17:34:16,395686,minghaoqingjie.com,80.00,CNY,2022-07-13,2027-07-13
2026-09-03 17:34:16,395686,gzcgjjkfq.com,80.00,CNY,2023-07-12,2027-07-12
2026-09-03 17:34:16,395686,hrb95zx.com,80.00,CNY,2023-07-19,2027-07-19
2026-09-03 17:34:16,395686,dao-cn.com,80.00,CNY,2021-07-17,2027-07-17
2026-09-03 17:34:16,395686,ywxdyzx.com,80.00,CNY,2023-07-17,2027-07-17
2026-09-03 17:34:16,395686,lnwxzwfwzx.com,80.00,CNY,2023-07-16,2027-07-16
2026-09-03 17:34:16,395686,xjxdaj.com,80.00,CNY,2023-07-16,2027-07-16
2026-09-03 17:34:16,395686,gdqszx.com,80.00,CNY,2023-07-17,2027-07-17
2026-09-03 17:34:16,395686,ebqsnxyhdzx.com,80.00,CNY,2023-07-16,2027-07-16
2026-09-03 17:34:16,395686,duanwenmei.com,80.00,CNY,2022-07-17,2027-07-17
2026-09-03 17:34:16,395686,qingqianliu86.com,80.00,CNY,2020-07-17,2027-07-17
2026-09-03 17:34:16,395686,dgzx60.com,80.00,CNY,2023-07-18,2027-07-18
2026-09-03 17:34:16,395686,scsrxx.com,80.00,CNY,2023-07-17,2027-07-17
2026-09-03 17:34:16,395686,xfs120yy.com,80.00,CNY,2023-07-19,2027-07-19
2026-09-03 17:34:16,395686,pigatlas.com,80.00,CNY,2023-07-16,2027-07-16
2026-09-03 17:34:16,395686,hongganlu.com,80.00,CNY,2021-07-16,2027-07-16
2026-09-03 17:34:16,395686,ylssjjd.com,80.00,CNY,2023-07-19,2027-07-19
2026-09-03 17:34:16,395686,dawubhxx.com,80.00,CNY,2023-07-17,2027-07-17
2026-09-03 17:34:16,395686,dqqsyxx.com,80.00,CNY,2023-07-17,2027-07-17
2026-09-03 17:34:16,395686,xlglmqyg.com,80.00,CNY,2023-07-18,2027-07-18
2026-09-03 17:34:16,395686,gpkangjian.com,80.00,CNY,2023-07-18,2027-07-18
2026-09-03 17:34:16,395686,sh-fangjun.com,80.00,CNY,2021-07-16,2027-07-16
2026-09-03 17:34:16,395686,qxlzwh.com,80.00,CNY,2023-07-17,2027-07-17
2026-09-03 17:34:16,395686,njlbzf.com,80.00,CNY,2023-07-17,2027-07-17
2026-09-03 17:34:16,395686,nxyfxx.com,80.00,CNY,2023-07-21,2027-07-21
2026-09-03 17:34:16,395686,zzxlzy.com,80.00,CNY,2020-07-21,2027-07-21
2026-09-03 17:34:16,395686,xjgyds.com,80.00,CNY,2023-07-21,2027-07-21
2026-09-03 17:34:16,395686,szmdsg.com,80.00,CNY,2023-07-21,2027-07-21
2026-09-03 17:34:16,395686,bjqq110.com,80.00,CNY,2023-07-27,2027-07-27
2026-09-03 17:34:16,395686,jdygsn.com,80.00,CNY,2023-07-25,2027-07-25
2026-09-03 17:34:16,395686,0371xzrmyy.com,80.00,CNY,2023-07-25,2027-07-25
2026-09-03 17:34:16,395686,dnyouth.com,80.00,CNY,2023-07-22,2027-07-22
2026-09-03 17:34:16,395686,ahlachmp.com,80.00,CNY,2020-07-23,2027-07-23
2026-09-03 17:34:16,395686,ijiwang.com,80.00,CNY,2022-07-23,2027-07-23
2026-09-03 17:34:16,395686,yceblocks.com,80.00,CNY,2023-07-27,2027-07-27
2026-09-03 17:34:16,395686,lishiwei.com,80.00,CNY,2012-07-27,2027-07-27
2026-09-03 17:34:16,395686,69361092.com,80.00,CNY,2023-07-25,2027-07-25
2026-09-03 17:34:16,395686,xhnmtl.com,80.00,CNY,2023-07-26,2027-07-26
2026-09-03 17:34:16,395686,cnmxsy.com,80.00,CNY,2023-07-27,2027-07-27
2026-09-03 17:34:16,395686,hxbdyxx.com,80.00,CNY,2023-07-26,2027-07-26
2026-09-03 17:34:16,395686,3915ff.com,80.00,CNY,2019-07-23,2027-07-23
2026-09-03 17:34:16,395686,fjznlib.com,80.00,CNY,2023-07-26,2027-07-26
2026-09-03 17:34:16,395686,lsxhlxxx.com,80.00,CNY,2023-08-10,2027-08-10
2026-09-03 17:34:16,395686,lq24x.com,80.00,CNY,2023-07-28,2027-07-28
2026-09-03 17:34:16,395686,dyldzhzm.com,80.00,CNY,2023-07-29,2027-07-29
2026-09-03 17:34:16,395686,unima2012.com,80.00,CNY,2023-07-29,2027-07-29
2026-09-03 17:34:16,395686,yangzhoujoint.com,80.00,CNY,2023-07-28,2027-07-28
2026-09-03 17:34:16,395686,sxthgc.com,80.00,CNY,2023-07-29,2027-07-29
2026-09-03 17:34:16,395686,nkjssc.com,80.00,CNY,2023-07-28,2027-07-28
2026-09-03 17:34:16,395686,xjxfg.com,80.00,CNY,2023-07-31,2027-07-31
2026-09-03 17:34:16,395686,ypstx.com,80.00,CNY,2023-07-28,2027-07-28
2026-09-03 17:34:16,395686,lqynxh.com,80.00,CNY,2023-07-30,2027-07-30
2026-09-03 17:34:16,395686,hdqmxxw.com,80.00,CNY,2023-07-30,2027-07-30
2026-09-03 17:34:16,395686,thznl.com,80.00,CNY,2023-07-30,2027-07-30
2026-09-03 17:34:16,395686,bhzzxxx.com,80.00,CNY,2023-07-28,2027-07-28
2026-09-03 17:34:16,395686,nsdgyfz.com,80.00,CNY,2023-07-30,2027-07-30
2026-09-03 17:34:16,395686,zzxzwfwzx.com,80.00,CNY,2023-07-28,2027-07-28
2026-09-03 17:34:16,395686,gtxdyxx.com,80.00,CNY,2023-07-29,2027-07-29
2026-09-03 17:34:16,395686,plyhg.com,80.00,CNY,2023-08-01,2027-08-01
2026-09-03 17:34:16,395686,zhjszx.com,80.00,CNY,2023-08-01,2027-08-01
2026-09-03 17:34:16,395686,nnnmgzj.com,80.00,CNY,2023-08-02,2027-08-02
2026-09-03 17:34:16,395686,laqyzx.com,80.00,CNY,2023-08-02,2027-08-02
2026-09-03 17:34:16,395686,xmdxbbs.com,80.00,CNY,2023-08-02,2027-08-02
2026-09-03 17:34:16,395686,mlwcmuseum.com,80.00,CNY,2023-08-04,2027-08-04
2026-09-03 17:34:16,395686,lwszszy.com,80.00,CNY,2023-08-07,2027-08-07
2026-09-03 17:34:16,395686,txzhaoshang.com,80.00,CNY,2023-08-04,2027-08-04
2026-09-03 17:34:16,395686,byxazxrmzf.com,80.00,CNY,2023-08-05,2027-08-05
2026-09-03 17:34:16,395686,t000008.com,80.00,CNY,2023-08-05,2027-08-05
2026-09-03 17:34:16,395686,fjerqing.com,80.00,CNY,2023-08-05,2027-08-05
2026-09-03 17:34:16,395686,jjmuseum.com,80.00,CNY,2023-08-05,2027-08-05
2026-09-03 17:34:16,395686,dtsdxx.com,80.00,CNY,2023-08-07,2027-08-07
2026-09-03 17:34:16,395686,sqqnmyj.com,80.00,CNY,2023-08-05,2027-08-05
2026-09-03 17:34:16,395686,zjxltzxwsy.com,80.00,CNY,2023-08-05,2027-08-05
2026-09-03 17:34:16,395686,821dianxian.com,80.00,CNY,2023-08-05,2027-08-05
2026-09-03 17:34:16,395686,etc36.com,80.00,CNY,2023-08-03,2027-08-03
2026-09-03 17:34:16,395686,yxlhbhqglj.com,80.00,CNY,2023-08-06,2027-08-06
2026-09-03 17:34:16,395686,nxsrmyy.com,80.00,CNY,2023-08-07,2027-08-07
2026-09-03 17:34:16,395686,zjgxsxx.com,80.00,CNY,2023-08-07,2027-08-07
2026-09-03 17:34:16,395686,sqsmxy.com,80.00,CNY,2023-08-05,2027-08-05
2026-09-03 17:34:16,395686,4865343.com,80.00,CNY,2023-08-06,2027-08-06
2026-09-03 17:34:16,395686,zlncpjy.com,80.00,CNY,2023-08-05,2027-08-05
2026-09-03 17:34:16,395686,qwttc.com,80.00,CNY,2023-08-05,2027-08-05
2026-09-03 17:34:16,395686,ccqintonglian.com,80.00,CNY,2018-08-03,2027-08-03
2026-09-03 17:34:16,395686,aqyjlj.com,80.00,CNY,2023-08-03,2027-08-03
2026-09-03 17:34:16,395686,szlgwlxx.com,80.00,CNY,2023-08-09,2027-08-09
2026-09-03 17:34:16,395686,sndhi.com,80.00,CNY,2023-08-09,2027-08-09
2026-09-03 17:34:16,395686,hssgz.com,80.00,CNY,2023-08-08,2027-08-08
2026-09-03 17:34:16,395686,dzxpbxwsy.com,80.00,CNY,2023-08-08,2027-08-08
2026-09-03 17:34:16,395686,sxctzcjzx.com,80.00,CNY,2023-08-08,2027-08-08
2026-09-03 17:34:16,395686,gtfqwclzx.com,80.00,CNY,2023-08-09,2027-08-09
2026-09-03 17:34:16,395686,hsba68.com,80.00,CNY,2023-08-08,2027-08-08
2026-09-03 17:34:16,395686,yahyxlyj.com,80.00,CNY,2023-08-08,2027-08-08
2026-09-03 17:34:16,395686,qtymb.com,80.00,CNY,2023-08-09,2027-08-09
2026-09-03 17:34:16,395686,cmbzyy.com,80.00,CNY,2023-08-07,2027-08-07
2026-09-03 17:34:16,395686,centipcn.com,80.00,CNY,2023-08-08,2027-08-08
2026-09-03 17:34:16,395686,qingshanyucun.com,80.00,CNY,2023-08-08,2027-08-08
2026-09-03 17:34:16,395686,cnzhixun.com,80.00,CNY,2022-08-08,2027-08-08
2026-09-03 17:34:16,395686,jxyckpw.com,80.00,CNY,2023-08-09,2027-08-09
2026-09-03 17:34:16,395686,helishu.com,80.00,CNY,2023-08-07,2027-08-07
2026-09-03 17:34:16,395686,yunchouweiwo.com,80.00,CNY,2022-08-08,2027-08-08
2026-09-03 17:34:16,395686,lczpxx.com,80.00,CNY,2023-08-08,2027-08-08
2026-09-03 17:34:16,395686,scisv.com,80.00,CNY,2023-08-08,2027-08-08
2026-09-03 17:34:16,395686,25400062.com,80.00,CNY,2023-08-10,2027-08-10
2026-09-03 17:34:16,395686,whswcqwsjds.com,80.00,CNY,2023-08-09,2027-08-09
2026-09-03 17:34:16,395686,hablzx.com,80.00,CNY,2023-08-09,2027-08-09
2026-09-03 17:34:16,395686,xyzhongxin.com,80.00,CNY,2022-08-10,2027-08-10
2026-09-03 17:34:16,395686,mediamaira.com,80.00,CNY,2023-08-11,2027-08-11
2026-09-03 17:34:16,395686,rpetie.com,80.00,CNY,2023-08-11,2027-08-11
2026-09-03 17:34:16,395686,gpzamj.com,80.00,CNY,2023-08-11,2027-08-11
2026-09-03 17:34:16,395686,wangouhui.com,80.00,CNY,2022-08-11,2027-08-11
2026-09-03 17:34:16,395686,jls12348.com,80.00,CNY,2023-08-10,2027-08-10
2026-09-03 17:34:16,395686,w0021.com,80.00,CNY,2023-08-12,2027-08-12
2026-09-03 17:34:16,395686,027hls.com,80.00,CNY,2023-08-11,2027-08-11
2026-09-03 17:34:16,395686,jjxyzs.com,80.00,CNY,2023-08-11,2027-08-11
2026-09-03 17:34:16,395686,kaixc.com,80.00,CNY,2022-08-10,2027-08-10
2026-09-03 17:34:16,395686,fftyh.com,80.00,CNY,2023-08-10,2027-08-10
2026-09-03 17:34:16,395686,lubianshecaijing.com,80.00,CNY,2022-08-11,2027-08-11
2026-09-03 17:34:16,395686,cahayarezeki.com,80.00,CNY,2023-08-11,2027-08-11
2026-09-03 17:34:16,395686,qunjiantong.com,80.00,CNY,2020-08-11,2027-08-11
2026-09-03 17:34:16,395686,cnkdiamond.com,80.00,CNY,2023-08-11,2027-08-11
2026-09-03 17:34:16,395686,lysszssglc.com,80.00,CNY,2023-08-11,2027-08-11
2026-09-03 17:34:16,395686,wwwxnews.com,80.00,CNY,2023-08-12,2027-08-12
2026-09-03 17:34:16,395686,bcuipnf.com,80.00,CNY,2023-08-11,2027-08-11
2026-09-03 17:34:16,395686,bhhfx.com,80.00,CNY,2023-08-12,2027-08-12
2026-09-03 17:34:16,395686,ywxgaojizhx.com,80.00,CNY,2023-08-12,2027-08-12
2026-09-03 17:34:16,395686,mingyue-zhu.com,80.00,CNY,2022-08-10,2027-08-10
2026-09-03 17:34:16,395686,tongzhouban.com,80.00,CNY,2023-08-12,2027-08-12
2026-09-03 17:34:16,395686,abb-saga.com,80.00,CNY,2023-08-11,2027-08-11
2026-09-03 17:34:16,395686,hbzjxf.com,80.00,CNY,2023-08-12,2027-08-12
2026-09-03 17:34:16,395686,gtyingguangdeng.com,80.00,CNY,2023-08-12,2027-08-12
2026-09-03 17:34:16,395686,hnxnctdlzfwpt.com,80.00,CNY,2023-08-13,2027-08-13
2026-09-03 17:34:16,395686,xuanzangtattoo.com,80.00,CNY,2015-08-14,2027-08-14
2026-09-03 17:34:16,395686,kmrongyuda.com,80.00,CNY,2023-08-12,2027-08-12
2026-09-03 17:34:16,395686,pnlyco.com,80.00,CNY,2023-08-16,2027-08-16
2026-09-03 17:34:16,395686,okbtcl.com,80.00,CNY,2023-08-15,2027-08-15
2026-09-03 17:34:16,395686,todaypitch.com,80.00,CNY,2023-08-12,2027-08-12
2026-09-03 17:34:16,395686,agingupnet.com,80.00,CNY,2023-08-12,2027-08-12
2026-09-03 17:34:16,395686,dcryzx.com,80.00,CNY,2023-08-12,2027-08-12
2026-09-03 17:34:16,395686,netosoares.com,80.00,CNY,2023-08-12,2027-08-12
2026-09-03 17:34:16,395686,jlgov-lvdibaby.com,80.00,CNY,2023-08-16,2027-08-16
2026-09-03 17:34:16,395686,globefrost.com,80.00,CNY,2023-08-12,2027-08-12
2026-09-03 17:34:16,395686,rockpearltile.com,80.00,CNY,2023-08-12,2027-08-12
2026-09-03 17:34:16,395686,rugerfan.com,80.00,CNY,2023-08-14,2027-08-14
2026-09-03 17:34:16,395686,zywymy.com,80.00,CNY,2022-08-13,2027-08-13
2026-09-03 17:34:16,395686,qdswskjxcg.com,80.00,CNY,2023-08-12,2027-08-12
2026-09-03 17:34:16,395686,jinsaishanzhuang.com,80.00,CNY,2020-08-14,2027-08-14
2026-09-03 17:34:16,395686,erikaayala.com,80.00,CNY,2023-08-12,2027-08-12
2026-09-03 17:34:16,395686,lzzyaz.com,80.00,CNY,2023-08-16,2027-08-16
2026-09-03 17:34:16,395686,592788.com,80.00,CNY,2023-08-16,2027-08-16
2026-09-03 17:34:16,395686,03953399555.com,80.00,CNY,2023-08-12,2027-08-12
2026-09-03 17:34:16,395686,dalatchips.com,80.00,CNY,2023-08-12,2027-08-12
2026-09-03 17:34:16,395686,jonerall.com,80.00,CNY,2017-08-14,2027-08-14
2026-09-03 17:34:16,395686,yyxjgyey.com,80.00,CNY,2023-08-15,2027-08-15
2026-09-03 17:34:16,395686,tzsisx.com,80.00,CNY,2023-08-16,2027-08-16
2026-09-03 17:34:16,395686,zghbss.com,80.00,CNY,2023-08-16,2027-08-16
2026-09-03 17:34:16,395686,7mixtv.com,80.00,CNY,2023-08-16,2027-08-16
2026-09-03 17:34:16,395686,nbhaocai.com,80.00,CNY,2023-08-15,2027-08-15
2026-09-03 17:34:16,395686,qyhzzx.com,80.00,CNY,2023-08-14,2027-08-14
2026-09-03 17:34:16,395686,cztxl05.com,80.00,CNY,2023-08-16,2027-08-16
2026-09-03 17:34:16,395686,jingluyu.com,80.00,CNY,2023-08-15,2027-08-15
2026-09-03 17:34:16,395686,qgicz.com,80.00,CNY,2023-08-13,2027-08-13
2026-09-03 17:34:16,395686,0019w.com,80.00,CNY,2023-08-15,2027-08-15
2026-09-03 17:34:16,395686,talentengr.com,80.00,CNY,2023-08-12,2027-08-12
2026-09-03 17:34:16,395686,qhhnxnh.com,80.00,CNY,2023-08-13,2027-08-13
2026-09-03 17:34:16,395686,fhrmyy.com,80.00,CNY,2023-08-13,2027-08-13
2026-09-03 17:34:16,395686,devrimyolu.com,80.00,CNY,2023-08-12,2027-08-12
2026-09-03 17:34:16,395686,heralegacy.com,80.00,CNY,2023-08-12,2027-08-12
2026-09-03 17:34:16,395686,daftdriver.com,80.00,CNY,2023-08-12,2027-08-12
2026-09-03 17:34:16,395686,xascxx.com,80.00,CNY,2023-08-12,2027-08-12
2026-09-03 17:34:16,395686,sahamerica.com,80.00,CNY,2023-08-12,2027-08-12
2026-09-03 17:34:16,395686,donghai521.com,80.00,CNY,2023-08-12,2027-08-12
2026-09-03 17:34:16,395686,pumpkin-seed.com,80.00,CNY,2023-08-12,2027-08-12
2026-09-03 17:34:16,395686,51rivergroup.com,80.00,CNY,2023-08-12,2027-08-12
2026-09-03 17:34:16,395686,cxdz518.com,80.00,CNY,2023-08-12,2027-08-12
2026-09-03 17:34:16,395686,ycepit.com,80.00,CNY,2023-08-13,2027-08-13
2026-09-03 17:34:16,395686,jimtedesco.com,80.00,CNY,2023-08-12,2027-08-12
2026-09-03 17:34:16,395686,ajanscrm.com,80.00,CNY,2023-08-17,2027-08-17
2026-09-03 17:34:16,395686,gxwsjdw.com,80.00,CNY,2023-08-18,2027-08-18
2026-09-03 17:34:16,395686,rea-snow.com,80.00,CNY,2023-08-17,2027-08-17
2026-09-03 17:34:16,395686,0eiw.com,80.00,CNY,2023-08-18,2027-08-18
2026-09-03 17:34:16,395686,6lqp.com,80.00,CNY,2023-08-16,2027-08-16
2026-09-03 17:34:16,395686,blueweihai.com,80.00,CNY,2023-08-18,2027-08-18
2026-09-03 17:34:16,395686,xsjsc68.com,80.00,CNY,2023-08-18,2027-08-18
2026-09-03 17:34:16,395686,wcxmmzzf.com,80.00,CNY,2023-08-18,2027-08-18
2026-09-03 17:34:16,395686,idietblog.com,80.00,CNY,2023-08-18,2027-08-18
2026-09-03 17:34:16,395686,sdjqlkj.com,80.00,CNY,2023-08-18,2027-08-18
2026-09-03 17:34:16,395686,al-jojo.com,80.00,CNY,2023-08-17,2027-08-17
2026-09-03 17:34:16,395686,aurubi.com,80.00,CNY,2023-08-17,2027-08-17
2026-09-03 17:34:16,395686,estaramu.com,80.00,CNY,2023-08-18,2027-08-18
2026-09-03 17:34:16,395686,utbwnmhc.com,80.00,CNY,2023-08-18,2027-08-18
2026-09-03 17:34:16,395686,vein-hz3y.com,80.00,CNY,2023-08-18,2027-08-18
2026-09-03 17:34:16,395686,hg4gotn2.com,80.00,CNY,2023-08-18,2027-08-18
2026-09-03 17:34:16,395686,szhishi.com,80.00,CNY,2023-08-17,2027-08-17
2026-09-03 17:34:16,395686,dbswlw.com,80.00,CNY,2023-08-18,2027-08-18
2026-09-03 17:34:16,395686,lktjxxw.com,80.00,CNY,2023-08-17,2027-08-17
2026-09-03 17:34:16,395686,casanaima.com,80.00,CNY,2023-08-18,2027-08-18
2026-09-03 17:34:16,395686,980285.com,80.00,CNY,2023-08-18,2027-08-18
2026-09-03 17:34:16,395686,910656.com,80.00,CNY,2023-08-18,2027-08-18
2026-09-03 17:34:16,395686,973697.com,80.00,CNY,2023-08-18,2027-08-18
2026-09-03 17:34:16,395686,967036.com,80.00,CNY,2023-08-18,2027-08-18
2026-09-03 17:34:16,395686,978096.com,80.00,CNY,2023-08-18,2027-08-18
2026-09-03 17:34:16,395686,951978.com,80.00,CNY,2023-08-18,2027-08-18
2026-09-03 17:34:16,395686,908846.com,80.00,CNY,2023-08-18,2027-08-18
2026-09-03 17:34:16,395686,928127.com,80.00,CNY,2023-08-18,2027-08-18
2026-09-03 17:34:16,395686,976059.com,80.00,CNY,2023-08-18,2027-08-18
2026-09-03 17:34:16,395686,968082.com,80.00,CNY,2023-08-18,2027-08-18
2026-09-03 17:34:16,395686,937812.com,80.00,CNY,2023-08-18,2027-08-18
2026-09-03 17:34:16,395686,975773.com,80.00,CNY,2023-08-18,2027-08-18
2026-09-03 17:34:16,395686,936615.com,80.00,CNY,2023-08-18,2027-08-18
2026-09-03 17:34:16,395686,981075.com,80.00,CNY,2023-08-18,2027-08-18
2026-09-03 17:34:16,395686,959487.com,80.00,CNY,2023-08-18,2027-08-18
2026-09-03 17:34:16,395686,975886.com,80.00,CNY,2023-08-18,2027-08-18
2026-09-03 17:34:16,395686,990536.com,80.00,CNY,2023-08-18,2027-08-18
2026-09-03 17:34:16,395686,877202.com,80.00,CNY,2023-08-18,2027-08-18
2026-09-03 17:34:16,395686,981282.com,80.00,CNY,2023-08-18,2027-08-18
2026-09-03 17:34:16,395686,971607.com,80.00,CNY,2023-08-18,2027-08-18
2026-09-03 17:34:16,395686,982632.com,80.00,CNY,2023-08-18,2027-08-18
2026-09-03 17:34:16,395686,973662.com,80.00,CNY,2023-08-18,2027-08-18
2026-09-03 17:34:16,395686,883147.com,80.00,CNY,2023-08-18,2027-08-18
2026-09-03 17:34:16,395686,977692.com,80.00,CNY,2023-08-18,2027-08-18
2026-09-03 17:34:16,395686,938067.com,80.00,CNY,2023-08-18,2027-08-18
2026-09-03 17:34:16,395686,917497.com,80.00,CNY,2023-08-18,2027-08-18
2026-09-03 17:34:16,395686,979018.com,80.00,CNY,2023-08-18,2027-08-18
2026-09-03 17:34:16,395686,972351.com,80.00,CNY,2023-08-18,2027-08-18
2026-09-03 17:34:16,395686,u-mori.com,80.00,CNY,2023-08-18,2027-08-18
2026-09-03 17:34:16,395686,980382.com,80.00,CNY,2023-08-18,2027-08-18
2026-09-03 17:34:16,395686,915072.com,80.00,CNY,2023-08-18,2027-08-18
2026-09-03 17:34:16,395686,953367.com,80.00,CNY,2023-08-18,2027-08-18
2026-09-03 17:34:16,395686,982776.com,80.00,CNY,2023-08-18,2027-08-18
2026-09-03 17:34:16,395686,928135.com,80.00,CNY,2023-08-18,2027-08-18
2026-09-03 17:34:16,395686,932115.com,80.00,CNY,2023-08-18,2027-08-18
2026-09-03 17:34:16,395686,965595.com,80.00,CNY,2023-08-18,2027-08-18
2026-09-03 17:34:16,395686,918197.com,80.00,CNY,2023-08-18,2027-08-18
2026-09-03 17:34:16,395686,959045.com,80.00,CNY,2023-08-18,2027-08-18
2026-09-03 17:34:16,395686,921812.com,80.00,CNY,2023-08-18,2027-08-18
2026-09-03 17:34:16,395686,980061.com,80.00,CNY,2023-08-18,2027-08-18
2026-09-03 17:34:16,395686,947990.com,80.00,CNY,2023-08-18,2027-08-18
2026-09-03 17:34:16,395686,971371.com,80.00,CNY,2023-08-18,2027-08-18
2026-09-03 17:34:16,395686,935219.com,80.00,CNY,2023-08-18,2027-08-18
2026-09-03 17:34:16,395686,872793.com,80.00,CNY,2023-08-18,2027-08-18
2026-09-03 17:34:16,395686,672773.com,80.00,CNY,2023-08-18,2027-08-18
2026-09-03 17:34:16,395686,861711.com,80.00,CNY,2023-08-18,2027-08-18
2026-09-03 17:34:16,395686,693215.com,80.00,CNY,2023-08-18,2027-08-18
2026-09-03 17:34:16,395686,810173.com,80.00,CNY,2023-08-18,2027-08-18
2026-09-03 17:34:16,395686,750931.com,80.00,CNY,2023-08-18,2027-08-18
2026-09-03 17:34:16,395686,837592.com,80.00,CNY,2023-08-18,2027-08-18
2026-09-03 17:34:16,395686,616675.com,80.00,CNY,2023-08-18,2027-08-18
2026-09-03 17:34:16,395686,838623.com,80.00,CNY,2023-08-18,2027-08-18
2026-09-03 17:34:16,395686,679962.com,80.00,CNY,2023-08-18,2027-08-18
2026-09-03 17:34:16,395686,761553.com,80.00,CNY,2023-08-18,2027-08-18
2026-09-03 17:34:16,395686,simonitoring.com,80.00,CNY,2016-08-18,2027-08-18
2026-09-03 17:34:16,395686,672375.com,80.00,CNY,2023-08-18,2027-08-18
2026-09-03 17:34:16,395686,849284.com,80.00,CNY,2023-08-18,2027-08-18
2026-09-03 17:34:16,395686,625836.com,80.00,CNY,2023-08-18,2027-08-18
2026-09-03 17:34:21,395686,859116.com,80.00,CNY,2023-08-18,2027-08-18
2026-09-03 17:34:21,395686,857323.com,80.00,CNY,2023-08-18,2027-08-18
2026-09-03 17:34:21,395686,783551.com,80.00,CNY,2023-08-18,2027-08-18
2026-09-03 17:34:21,395686,753959.com,80.00,CNY,2023-08-18,2027-08-18
2026-09-03 17:34:21,395686,691761.com,80.00,CNY,2023-08-18,2027-08-18
2026-09-03 17:34:21,395686,682775.com,80.00,CNY,2023-08-18,2027-08-18
2026-09-03 17:34:21,395686,672512.com,80.00,CNY,2023-08-18,2027-08-18
2026-09-03 17:34:21,395686,859782.com,80.00,CNY,2023-08-18,2027-08-18
2026-09-03 17:34:21,395686,793997.com,80.00,CNY,2023-08-18,2027-08-18
2026-09-03 17:34:21,395686,900971.com,80.00,CNY,2023-08-18,2027-08-18
2026-09-03 17:34:21,395686,809621.com,80.00,CNY,2023-08-18,2027-08-18
2026-09-03 17:34:21,395686,859397.com,80.00,CNY,2023-08-18,2027-08-18
2026-09-03 17:34:21,395686,682357.com,80.00,CNY,2023-08-18,2027-08-18
2026-09-03 17:34:21,395686,846054.com,80.00,CNY,2023-08-18,2027-08-18
2026-09-03 17:34:21,395686,826073.com,80.00,CNY,2023-08-18,2027-08-18
2026-09-03 17:34:21,395686,628067.com,80.00,CNY,2023-08-18,2027-08-18
2026-09-03 17:34:21,395686,dljstedu.com,80.00,CNY,2023-08-21,2027-08-21
2026-09-03 17:34:21,395686,872275.com,80.00,CNY,2023-08-18,2027-08-18
2026-09-03 17:34:21,395686,bmwle.com,80.00,CNY,2023-08-22,2027-08-22
2026-09-03 17:34:21,395686,760818.com,80.00,CNY,2023-08-18,2027-08-18
2026-09-03 17:34:21,395686,czxtvip.com,80.00,CNY,2023-08-19,2027-08-19
2026-09-03 17:34:21,395686,gx120w.com,80.00,CNY,2023-08-21,2027-08-21
2026-09-03 17:34:21,395686,778759.com,80.00,CNY,2023-08-18,2027-08-18
2026-09-03 17:34:21,395686,bfxcl.com,80.00,CNY,2023-08-22,2027-08-22
2026-09-03 17:34:21,395686,613921.com,80.00,CNY,2023-08-18,2027-08-18
2026-09-03 17:34:21,395686,792393.com,80.00,CNY,2023-08-18,2027-08-18
2026-09-03 17:34:21,395686,697526.com,80.00,CNY,2023-08-18,2027-08-18
2026-09-03 17:34:21,395686,620383.com,80.00,CNY,2023-08-18,2027-08-18
2026-09-03 17:34:21,395686,952841.com,80.00,CNY,2023-08-20,2027-08-20
2026-09-03 17:34:21,395686,825385.com,80.00,CNY,2023-08-18,2027-08-18
2026-09-03 17:34:21,395686,770516.com,80.00,CNY,2023-08-18,2027-08-18
2026-09-03 17:34:21,395686,907738.com,80.00,CNY,2023-08-18,2027-08-18
2026-09-03 17:34:21,395686,637339.com,80.00,CNY,2023-08-18,2027-08-18
2026-09-03 17:34:21,395686,923945.com,80.00,CNY,2023-08-18,2027-08-18
2026-09-03 17:34:21,395686,923691.com,80.00,CNY,2023-08-18,2027-08-18
2026-09-03 17:34:21,395686,779736.com,80.00,CNY,2023-08-18,2027-08-18
2026-09-03 17:34:21,395686,841201.com,80.00,CNY,2023-08-18,2027-08-18
2026-09-03 17:34:21,395686,812650.com,80.00,CNY,2023-08-18,2027-08-18
2026-09-03 17:34:21,395686,840336.com,80.00,CNY,2023-08-18,2027-08-18
2026-09-03 17:34:21,395686,751773.com,80.00,CNY,2023-08-18,2027-08-18
2026-09-03 17:34:21,395686,659027.com,80.00,CNY,2023-08-18,2027-08-18
2026-09-03 17:34:21,395686,655973.com,80.00,CNY,2023-08-18,2027-08-18
2026-09-03 17:34:21,395686,wlmq93xx.com,80.00,CNY,2023-08-22,2027-08-22
2026-09-03 17:34:21,395686,911595.com,80.00,CNY,2023-08-18,2027-08-18
2026-09-03 17:34:21,395686,863696.com,80.00,CNY,2023-08-18,2027-08-18
2026-09-03 17:34:21,395686,900272.com,80.00,CNY,2023-08-18,2027-08-18
2026-09-03 17:34:21,395686,739501.com,80.00,CNY,2023-08-18,2027-08-18
2026-09-03 17:34:21,395686,852436.com,80.00,CNY,2023-08-18,2027-08-18
2026-09-03 17:34:21,395686,906255.com,80.00,CNY,2023-08-18,2027-08-18
2026-09-03 17:34:21,395686,837861.com,80.00,CNY,2023-08-18,2027-08-18
2026-09-03 17:34:21,395686,623371.com,80.00,CNY,2023-08-18,2027-08-18
2026-09-03 17:34:21,395686,857055.com,80.00,CNY,2023-08-18,2027-08-18
2026-09-03 17:34:21,395686,879236.com,80.00,CNY,2023-08-18,2027-08-18
2026-09-03 17:34:21,395686,883614.com,80.00,CNY,2023-08-18,2027-08-18
2026-09-03 17:34:21,395686,857682.com,80.00,CNY,2023-08-18,2027-08-18
2026-09-03 17:34:21,395686,859186.com,80.00,CNY,2023-08-18,2027-08-18
2026-09-03 17:34:21,395686,673757.com,80.00,CNY,2023-08-18,2027-08-18
2026-09-03 17:34:21,395686,627391.com,80.00,CNY,2023-08-18,2027-08-18
2026-09-03 17:34:21,395686,ikagr.com,80.00,CNY,2023-08-20,2027-08-20
2026-09-03 17:34:21,395686,627430.com,80.00,CNY,2023-08-18,2027-08-18
2026-09-03 17:34:21,395686,844042.com,80.00,CNY,2023-08-18,2027-08-18
2026-09-03 17:34:21,395686,770356.com,80.00,CNY,2023-08-18,2027-08-18
2026-09-03 17:34:21,395686,855816.com,80.00,CNY,2023-08-18,2027-08-18
2026-09-03 17:34:21,395686,819947.com,80.00,CNY,2023-08-18,2027-08-18
2026-09-03 17:34:21,395686,816203.com,80.00,CNY,2023-08-18,2027-08-18
2026-09-03 17:34:21,395686,625726.com,80.00,CNY,2023-08-18,2027-08-18
2026-09-03 17:34:21,395686,825215.com,80.00,CNY,2023-08-18,2027-08-18
2026-09-03 17:34:21,395686,738291.com,80.00,CNY,2023-08-18,2027-08-18
2026-09-03 17:34:21,395686,621172.com,80.00,CNY,2023-08-18,2027-08-18
2026-09-03 17:34:21,395686,819023.com,80.00,CNY,2023-08-18,2027-08-18
2026-09-03 17:34:21,395686,815035.com,80.00,CNY,2023-08-18,2027-08-18
2026-09-03 17:34:21,395686,695007.com,80.00,CNY,2023-08-18,2027-08-18
2026-09-03 17:34:21,395686,740952.com,80.00,CNY,2023-08-18,2027-08-18
2026-09-03 17:34:21,395686,852672.com,80.00,CNY,2023-08-18,2027-08-18
2026-09-03 17:34:21,395686,709838.com,80.00,CNY,2023-08-18,2027-08-18
2026-09-03 17:34:21,395686,839269.com,80.00,CNY,2023-08-18,2027-08-18
2026-09-03 17:34:21,395686,776513.com,80.00,CNY,2023-08-18,2027-08-18
2026-09-03 17:34:21,395686,613125.com,80.00,CNY,2023-08-18,2027-08-18
2026-09-03 17:34:21,395686,703527.com,80.00,CNY,2023-08-18,2027-08-18
2026-09-03 17:34:21,395686,865607.com,80.00,CNY,2023-08-18,2027-08-18
2026-09-03 17:34:21,395686,zfjlqv.com,80.00,CNY,2023-08-20,2027-08-20
2026-09-03 17:34:21,395686,691625.com,80.00,CNY,2023-08-18,2027-08-18
2026-09-03 17:34:21,395686,615169.com,80.00,CNY,2023-08-18,2027-08-18
2026-09-03 17:34:21,395686,872612.com,80.00,CNY,2023-08-18,2027-08-18
2026-09-03 17:34:21,395686,676253.com,80.00,CNY,2023-08-18,2027-08-18
2026-09-03 17:34:21,395686,275169.com,80.00,CNY,2023-08-20,2027-08-20
2026-09-03 17:34:21,395686,753846.com,80.00,CNY,2023-08-18,2027-08-18
2026-09-03 17:34:21,395686,856157.com,80.00,CNY,2023-08-18,2027-08-18
2026-09-03 17:34:21,395686,673585.com,80.00,CNY,2023-08-18,2027-08-18
2026-09-03 17:34:21,395686,712373.com,80.00,CNY,2023-08-18,2027-08-18
2026-09-03 17:34:21,395686,873756.com,80.00,CNY,2023-08-18,2027-08-18
2026-09-03 17:34:21,395686,675597.com,80.00,CNY,2023-08-18,2027-08-18
2026-09-03 17:34:21,395686,673179.com,80.00,CNY,2023-08-18,2027-08-18
2026-09-03 17:34:21,395686,657851.com,80.00,CNY,2023-08-18,2027-08-18
2026-09-03 17:34:21,395686,bgylw.com,80.00,CNY,2023-08-22,2027-08-22
2026-09-03 17:34:21,395686,814586.com,80.00,CNY,2023-08-18,2027-08-18
2026-09-03 17:34:21,395686,609772.com,80.00,CNY,2023-08-18,2027-08-18
2026-09-03 17:34:21,395686,750059.com,80.00,CNY,2023-08-18,2027-08-18
2026-09-03 17:34:21,395686,817385.com,80.00,CNY,2023-08-18,2027-08-18
2026-09-03 17:34:21,395686,610368.com,80.00,CNY,2023-08-18,2027-08-18
2026-09-03 17:34:21,395686,851697.com,80.00,CNY,2023-08-18,2027-08-18
2026-09-03 17:34:21,395686,926287.com,80.00,CNY,2023-08-18,2027-08-18
2026-09-03 17:34:21,395686,900592.com,80.00,CNY,2023-08-18,2027-08-18
2026-09-03 17:34:21,395686,zlxwsclglzx.com,80.00,CNY,2023-08-20,2027-08-20
2026-09-03 17:34:21,395686,872157.com,80.00,CNY,2023-08-18,2027-08-18
2026-09-03 17:34:21,395686,wcqxx315.com,80.00,CNY,2023-08-20,2027-08-20
2026-09-03 17:34:21,395686,700174.com,80.00,CNY,2023-08-18,2027-08-18
2026-09-03 17:34:21,395686,782501.com,80.00,CNY,2023-08-18,2027-08-18
2026-09-03 17:34:21,395686,622975.com,80.00,CNY,2023-08-18,2027-08-18
2026-09-03 17:34:21,395686,791030.com,80.00,CNY,2023-08-18,2027-08-18
2026-09-03 17:34:21,395686,677439.com,80.00,CNY,2023-08-18,2027-08-18
2026-09-03 17:34:21,395686,883417.com,80.00,CNY,2023-08-18,2027-08-18
2026-09-03 17:34:21,395686,811769.com,80.00,CNY,2023-08-18,2027-08-18
2026-09-03 17:34:21,395686,lxhtzjng.com,80.00,CNY,2023-08-22,2027-08-22
2026-09-03 17:34:21,395686,839187.com,80.00,CNY,2023-08-18,2027-08-18
2026-09-03 17:34:21,395686,627826.com,80.00,CNY,2023-08-18,2027-08-18
2026-09-03 17:34:21,395686,bgawtzx.com,80.00,CNY,2023-08-19,2027-08-19
2026-09-03 17:34:21,395686,872556.com,80.00,CNY,2023-08-18,2027-08-18
2026-09-03 17:34:21,395686,827812.com,80.00,CNY,2023-08-18,2027-08-18
2026-09-03 17:34:21,395686,675963.com,80.00,CNY,2023-08-18,2027-08-18
2026-09-03 17:34:21,395686,631627.com,80.00,CNY,2023-08-18,2027-08-18
2026-09-03 17:34:21,395686,857235.com,80.00,CNY,2023-08-18,2027-08-18
2026-09-03 17:34:21,395686,724823.com,80.00,CNY,2023-08-18,2027-08-18
2026-09-03 17:34:21,395686,9125683.com,80.00,CNY,2023-08-20,2027-08-20
2026-09-03 17:34:21,395686,619727.com,80.00,CNY,2023-08-18,2027-08-18
2026-09-03 17:34:21,395686,guanshizh.com,80.00,CNY,2023-08-19,2027-08-19
2026-09-03 17:34:21,395686,693172.com,80.00,CNY,2023-08-18,2027-08-18
2026-09-03 17:34:21,395686,935216.com,80.00,CNY,2023-08-18,2027-08-18
2026-09-03 17:34:21,395686,673975.com,80.00,CNY,2023-08-18,2027-08-18
2026-09-03 17:34:21,395686,859617.com,80.00,CNY,2023-08-18,2027-08-18
2026-09-03 17:34:21,395686,700143.com,80.00,CNY,2023-08-18,2027-08-18
2026-09-03 17:34:21,395686,857369.com,80.00,CNY,2023-08-18,2027-08-18
2026-09-03 17:34:21,395686,857829.com,80.00,CNY,2023-08-18,2027-08-18
2026-09-03 17:34:21,395686,883454.com,80.00,CNY,2023-08-18,2027-08-18
2026-09-03 17:34:21,395686,871823.com,80.00,CNY,2023-08-18,2027-08-18
2026-09-03 17:34:21,395686,839862.com,80.00,CNY,2023-08-18,2027-08-18
2026-09-03 17:34:21,395686,675197.com,80.00,CNY,2023-08-18,2027-08-18
2026-09-03 17:34:21,395686,924439.com,80.00,CNY,2023-08-18,2027-08-18
2026-09-03 17:34:21,395686,871262.com,80.00,CNY,2023-08-18,2027-08-18
2026-09-03 17:34:21,395686,704513.com,80.00,CNY,2023-08-18,2027-08-18
2026-09-03 17:34:21,395686,758626.com,80.00,CNY,2023-08-18,2027-08-18
2026-09-03 17:34:21,395686,859156.com,80.00,CNY,2023-08-18,2027-08-18
2026-09-03 17:34:21,395686,863522.com,80.00,CNY,2023-08-18,2027-08-18
2026-09-03 17:34:21,395686,5687142.com,80.00,CNY,2023-08-20,2027-08-20
2026-09-03 17:34:21,395686,eqcgzx.com,80.00,CNY,2023-08-21,2027-08-21
2026-09-03 17:34:21,395686,628206.com,80.00,CNY,2023-08-18,2027-08-18
2026-09-03 17:34:21,395686,908395.com,80.00,CNY,2023-08-18,2027-08-18
2026-09-03 17:34:21,395686,857295.com,80.00,CNY,2023-08-18,2027-08-18
2026-09-03 17:34:21,395686,823527.com,80.00,CNY,2023-08-18,2027-08-18
2026-09-03 17:34:21,395686,783085.com,80.00,CNY,2023-08-18,2027-08-18
2026-09-03 17:34:21,395686,883287.com,80.00,CNY,2023-08-18,2027-08-18
2026-09-03 17:34:21,395686,907236.com,80.00,CNY,2023-08-18,2027-08-18
2026-09-03 17:34:21,395686,766394.com,80.00,CNY,2023-08-18,2027-08-18
2026-09-03 17:34:21,395686,858769.com,80.00,CNY,2023-08-18,2027-08-18
2026-09-03 17:34:21,395686,865126.com,80.00,CNY,2023-08-18,2027-08-18
2026-09-03 17:34:21,395686,709683.com,80.00,CNY,2023-08-18,2027-08-18
2026-09-03 17:34:21,395686,615769.com,80.00,CNY,2023-08-18,2027-08-18
2026-09-03 17:34:21,395686,709855.com,80.00,CNY,2023-08-18,2027-08-18
2026-09-03 17:34:21,395686,610197.com,80.00,CNY,2023-08-18,2027-08-18
2026-09-03 17:34:21,395686,657369.com,80.00,CNY,2023-08-18,2027-08-18
2026-09-03 17:34:21,395686,786651.com,80.00,CNY,2023-08-18,2027-08-18
2026-09-03 17:34:21,395686,830509.com,80.00,CNY,2023-08-18,2027-08-18
2026-09-03 17:34:21,395686,876682.com,80.00,CNY,2023-08-18,2027-08-18
2026-09-03 17:34:21,395686,cxmxnz.com,80.00,CNY,2023-08-19,2027-08-19
2026-09-03 17:34:21,395686,bccyw.com,80.00,CNY,2023-08-22,2027-08-22
2026-09-03 17:34:21,395686,691063.com,80.00,CNY,2023-08-18,2027-08-18
2026-09-03 17:34:21,395686,770763.com,80.00,CNY,2023-08-18,2027-08-18
2026-09-03 17:34:21,395686,923837.com,80.00,CNY,2023-08-18,2027-08-18
2026-09-03 17:34:21,395686,871782.com,80.00,CNY,2023-08-18,2027-08-18
2026-09-03 17:34:21,395686,627856.com,80.00,CNY,2023-08-18,2027-08-18
2026-09-03 17:34:21,395686,700154.com,80.00,CNY,2023-08-18,2027-08-18
2026-09-03 17:34:21,395686,931552.com,80.00,CNY,2023-08-18,2027-08-18
2026-09-03 17:34:21,395686,691937.com,80.00,CNY,2023-08-18,2027-08-18
2026-09-03 17:34:21,395686,817960.com,80.00,CNY,2023-08-18,2027-08-18
2026-09-03 17:34:21,395686,857048.com,80.00,CNY,2023-08-18,2027-08-18
2026-09-03 17:34:21,395686,755176.com,80.00,CNY,2023-08-18,2027-08-18
2026-09-03 17:34:21,395686,859172.com,80.00,CNY,2023-08-18,2027-08-18
2026-09-03 17:34:21,395686,692169.com,80.00,CNY,2023-08-18,2027-08-18
2026-09-03 17:34:21,395686,872562.com,80.00,CNY,2023-08-18,2027-08-18
2026-09-03 17:34:21,395686,5129863.com,80.00,CNY,2023-08-20,2027-08-20
2026-09-03 17:34:21,395686,807302.com,80.00,CNY,2023-08-18,2027-08-18
2026-09-03 17:34:21,395686,673196.com,80.00,CNY,2023-08-18,2027-08-18
2026-09-03 17:34:21,395686,7215463.com,80.00,CNY,2023-08-20,2027-08-20
2026-09-03 17:34:21,395686,763969.com,80.00,CNY,2023-08-18,2027-08-18
2026-09-03 17:34:21,395686,672537.com,80.00,CNY,2023-08-18,2027-08-18
2026-09-03 17:34:21,395686,679537.com,80.00,CNY,2023-08-18,2027-08-18
2026-09-03 17:34:21,395686,845978.com,80.00,CNY,2023-08-18,2027-08-18
2026-09-03 17:34:21,395686,792543.com,80.00,CNY,2023-08-18,2027-08-18
2026-09-03 17:34:21,395686,679513.com,80.00,CNY,2023-08-18,2027-08-18
2026-09-03 17:34:21,395686,925185.com,80.00,CNY,2023-08-18,2027-08-18
2026-09-03 17:34:21,395686,852793.com,80.00,CNY,2023-08-18,2027-08-18
2026-09-03 17:34:21,395686,676129.com,80.00,CNY,2023-08-18,2027-08-18
2026-09-03 17:34:21,395686,823793.com,80.00,CNY,2023-08-18,2027-08-18
2026-09-03 17:34:21,395686,687802.com,80.00,CNY,2023-08-18,2027-08-18
2026-09-03 17:34:21,395686,652380.com,80.00,CNY,2023-08-18,2027-08-18
2026-09-03 17:34:21,395686,754529.com,80.00,CNY,2023-08-18,2027-08-18
2026-09-03 17:34:21,395686,lytpzx.com,80.00,CNY,2023-08-22,2027-08-22
2026-09-03 17:34:21,395686,861320.com,80.00,CNY,2023-08-18,2027-08-18
2026-09-03 17:34:21,395686,675927.com,80.00,CNY,2023-08-18,2027-08-18
2026-09-03 17:34:21,395686,871776.com,80.00,CNY,2023-08-18,2027-08-18
2026-09-03 17:34:21,395686,852957.com,80.00,CNY,2023-08-18,2027-08-18
2026-09-03 17:34:21,395686,871827.com,80.00,CNY,2023-08-18,2027-08-18
2026-09-03 17:34:21,395686,881784.com,80.00,CNY,2023-08-18,2027-08-18
2026-09-03 17:34:21,395686,683927.com,80.00,CNY,2023-08-18,2027-08-18
2026-09-03 17:34:21,395686,697225.com,80.00,CNY,2023-08-18,2027-08-18
2026-09-03 17:34:21,395686,871752.com,80.00,CNY,2023-08-18,2027-08-18
2026-09-03 17:34:21,395686,871852.com,80.00,CNY,2023-08-18,2027-08-18
2026-09-03 17:34:21,395686,672869.com,80.00,CNY,2023-08-18,2027-08-18
2026-09-03 17:34:21,395686,813282.com,80.00,CNY,2023-08-18,2027-08-18
2026-09-03 17:34:21,395686,628307.com,80.00,CNY,2023-08-18,2027-08-18
2026-09-03 17:34:21,395686,762572.com,80.00,CNY,2023-08-18,2027-08-18
2026-09-03 17:34:21,395686,859162.com,80.00,CNY,2023-08-18,2027-08-18
2026-09-03 17:34:21,395686,837851.com,80.00,CNY,2023-08-18,2027-08-18
2026-09-03 17:34:21,395686,857965.com,80.00,CNY,2023-08-18,2027-08-18
2026-09-03 17:34:21,395686,818042.com,80.00,CNY,2023-08-18,2027-08-18
2026-09-03 17:34:21,395686,611951.com,80.00,CNY,2023-08-18,2027-08-18
2026-09-03 17:34:21,395686,628605.com,80.00,CNY,2023-08-18,2027-08-18
2026-09-03 17:34:21,395686,692718.com,80.00,CNY,2023-08-18,2027-08-18
2026-09-03 17:34:21,395686,613725.com,80.00,CNY,2023-08-18,2027-08-18
2026-09-03 17:34:21,395686,813353.com,80.00,CNY,2023-08-18,2027-08-18
2026-09-03 17:34:21,395686,817203.com,80.00,CNY,2023-08-18,2027-08-18
2026-09-03 17:34:21,395686,685515.com,80.00,CNY,2023-08-18,2027-08-18
2026-09-03 17:34:21,395686,857615.com,80.00,CNY,2023-08-18,2027-08-18
2026-09-03 17:34:21,395686,852539.com,80.00,CNY,2023-08-18,2027-08-18
2026-09-03 17:34:21,395686,715636.com,80.00,CNY,2023-08-18,2027-08-18
2026-09-03 17:34:21,395686,781501.com,80.00,CNY,2023-08-18,2027-08-18
2026-09-03 17:34:21,395686,859526.com,80.00,CNY,2023-08-18,2027-08-18
2026-09-03 17:34:21,395686,862502.com,80.00,CNY,2023-08-18,2027-08-18
2026-09-03 17:34:21,395686,hzdywwjj.com,80.00,CNY,2023-08-19,2027-08-19
2026-09-03 17:34:21,395686,673291.com,80.00,CNY,2023-08-18,2027-08-18
2026-09-03 17:34:21,395686,884508.com,80.00,CNY,2023-08-18,2027-08-18
2026-09-03 17:34:21,395686,qlmlzx.com,80.00,CNY,2023-08-24,2027-08-24
2026-09-03 17:34:21,395686,szhpyygl.com,80.00,CNY,2023-08-24,2027-08-24
2026-09-03 17:34:21,395686,blsmw.com,80.00,CNY,2023-08-23,2027-08-23
2026-09-03 17:34:21,395686,bkqcw.com,80.00,CNY,2023-08-23,2027-08-23
2026-09-03 17:34:21,395686,bhsmw.com,80.00,CNY,2023-08-23,2027-08-23
2026-09-03 17:34:21,395686,bnzyw.com,80.00,CNY,2023-08-23,2027-08-23
2026-09-03 17:34:21,395686,jncqzyzz.com,80.00,CNY,2023-08-24,2027-08-24
2026-09-03 17:34:21,395686,bsyzglj.com,80.00,CNY,2023-08-24,2027-08-24
2026-09-03 17:34:21,395686,hljii.com,80.00,CNY,2023-08-24,2027-08-24
2026-09-03 17:34:21,395686,brsmw.com,80.00,CNY,2023-08-23,2027-08-23
2026-09-03 17:34:21,395686,kmshklc.com,80.00,CNY,2023-08-25,2027-08-25
2026-09-03 17:34:21,395686,bhggw.com,80.00,CNY,2023-08-23,2027-08-23
2026-09-03 17:34:21,395686,sxsszslzx.com,80.00,CNY,2023-08-24,2027-08-24
2026-09-03 17:34:21,395686,bljkw.com,80.00,CNY,2023-08-23,2027-08-23
2026-09-03 17:34:21,395686,hhxlyzxw.com,80.00,CNY,2023-08-25,2027-08-25
2026-09-03 17:34:21,395686,scxfbh.com,80.00,CNY,2023-08-24,2027-08-24
2026-09-03 17:34:21,395686,bklsw.com,80.00,CNY,2023-08-23,2027-08-23
2026-09-03 17:34:21,395686,mfwhk.com,80.00,CNY,2023-08-23,2027-08-23
2026-09-03 17:34:21,395686,xwxshbxj.com,80.00,CNY,2023-08-25,2027-08-25
2026-09-03 17:34:21,395686,wcffp.com,80.00,CNY,2023-08-23,2027-08-23
2026-09-03 17:34:21,395686,zslijingschool.com,80.00,CNY,2023-08-27,2027-08-27
2026-09-03 17:34:21,395686,jpdmr.com,80.00,CNY,2023-08-27,2027-08-27
2026-09-03 17:34:21,395686,yingbolawyer.com,80.00,CNY,2023-08-26,2027-08-26
2026-09-03 17:34:21,395686,qdexj.com,80.00,CNY,2023-08-27,2027-08-27
2026-09-03 17:34:21,395686,ltyjzx.com,80.00,CNY,2023-08-26,2027-08-26
2026-09-03 17:34:21,395686,pvzaw.com,80.00,CNY,2023-08-27,2027-08-27
2026-09-03 17:34:21,395686,tpdrr.com,80.00,CNY,2023-08-27,2027-08-27
2026-09-03 17:34:21,395686,qkjrb.com,80.00,CNY,2023-08-27,2027-08-27
2026-09-03 17:34:21,395686,wefqd.com,80.00,CNY,2023-08-27,2027-08-27
2026-09-03 17:34:21,395686,gensurgj.com,80.00,CNY,2023-08-26,2027-08-26
2026-09-03 17:34:21,395686,yishuilanxiang.com,80.00,CNY,2023-08-27,2027-08-27
2026-09-03 17:34:21,395686,axfxq.com,80.00,CNY,2023-08-27,2027-08-27
2026-09-03 17:34:21,395686,pbslg.com,80.00,CNY,2023-08-27,2027-08-27
2026-09-03 17:34:21,395686,lvbsu.com,80.00,CNY,2023-08-28,2027-08-28
2026-09-03 17:34:21,395686,qdaiq.com,80.00,CNY,2023-08-27,2027-08-27
2026-09-03 17:34:21,395686,ayylkys.com,80.00,CNY,2023-08-28,2027-08-28
2026-09-03 17:34:21,395686,oznnl.com,80.00,CNY,2023-08-28,2027-08-28
2026-09-03 17:34:21,395686,jgpxb.com,80.00,CNY,2023-08-27,2027-08-27
2026-09-03 17:34:21,395686,qdyng.com,80.00,CNY,2023-08-27,2027-08-27
2026-09-03 17:34:21,395686,xtjingzhunfupin.com,80.00,CNY,2023-08-29,2027-08-29
2026-09-03 17:34:21,395686,lraao.com,80.00,CNY,2023-08-28,2027-08-28
2026-09-03 17:34:21,395686,kvzfw.com,80.00,CNY,2023-08-28,2027-08-28
2026-09-03 17:34:21,395686,agvxo.com,80.00,CNY,2023-08-27,2027-08-27
2026-09-03 17:34:21,395686,cxzwfwzx.com,80.00,CNY,2023-08-29,2027-08-29
2026-09-03 17:34:21,395686,oteqk.com,80.00,CNY,2023-08-28,2027-08-28
2026-09-03 17:34:21,395686,oaamr.com,80.00,CNY,2023-08-27,2027-08-27
2026-09-03 17:34:21,395686,hongqiaodianqi.com,80.00,CNY,2023-08-29,2027-08-29
2026-09-03 17:34:21,395686,yayef.com,80.00,CNY,2023-08-27,2027-08-27
2026-09-03 17:34:21,395686,cljqh.com,80.00,CNY,2023-08-28,2027-08-28
2026-09-03 17:34:21,395686,qnkeb.com,80.00,CNY,2023-08-28,2027-08-28
2026-09-03 17:34:21,395686,mttdm.com,80.00,CNY,2023-08-28,2027-08-28
2026-09-03 17:34:21,395686,xdlie.com,80.00,CNY,2023-08-28,2027-08-28
2026-09-03 17:34:21,395686,pqoxd.com,80.00,CNY,2023-08-27,2027-08-27
2026-09-03 17:34:21,395686,zyymn120.com,80.00,CNY,2023-08-28,2027-08-28
2026-09-03 17:34:21,395686,uhjgi.com,80.00,CNY,2023-08-27,2027-08-27
2026-09-03 17:34:21,395686,htqme.com,80.00,CNY,2023-08-27,2027-08-27
2026-09-03 17:34:21,395686,jrlmq.com,80.00,CNY,2023-08-27,2027-08-27
2026-09-03 17:34:21,395686,lctyj.com,80.00,CNY,2023-08-29,2027-08-29
2026-09-03 17:34:21,395686,hbgpy.com,80.00,CNY,2023-08-27,2027-08-27
2026-09-03 17:34:21,395686,jtlrb.com,80.00,CNY,2023-08-28,2027-08-28
2026-09-03 17:34:21,395686,pmofq.com,80.00,CNY,2023-08-27,2027-08-27
2026-09-03 17:34:21,395686,cnzbu.com,80.00,CNY,2023-08-29,2027-08-29
2026-09-03 17:34:21,395686,glm97.com,80.00,CNY,2023-08-29,2027-08-29
2026-09-03 17:34:21,395686,053239.com,80.00,CNY,2023-08-30,2027-08-30
2026-09-03 17:34:21,395686,596163.com,80.00,CNY,2023-08-31,2027-08-31
2026-09-03 17:34:21,395686,029522.com,80.00,CNY,2023-08-31,2027-08-31
2026-09-03 17:34:21,395686,039259.com,80.00,CNY,2023-08-30,2027-08-30
2026-09-03 17:34:21,395686,clover-paint.com,80.00,CNY,2011-08-30,2027-08-30
2026-09-03 17:34:21,395686,035622.com,80.00,CNY,2023-08-30,2027-08-30
2026-09-03 17:34:21,395686,059650.com,80.00,CNY,2023-08-30,2027-08-30
2026-09-03 17:34:21,395686,012653.com,80.00,CNY,2023-08-31,2027-08-31
2026-09-03 17:34:21,395686,050383.com,80.00,CNY,2023-08-30,2027-08-30
2026-09-03 17:34:21,395686,ypqni.com,80.00,CNY,2023-08-29,2027-08-29
2026-09-03 17:34:21,395686,bzuhe.com,80.00,CNY,2023-08-29,2027-08-29
2026-09-03 17:34:21,395686,keymq.com,80.00,CNY,2023-08-29,2027-08-29
2026-09-03 17:34:21,395686,birhj.com,80.00,CNY,2023-08-29,2027-08-29
2026-09-03 17:34:21,395686,mnluc.com,80.00,CNY,2023-08-29,2027-08-29
2026-09-03 17:34:21,395686,rzh591.com,80.00,CNY,2023-08-31,2027-08-31
2026-09-03 17:34:21,395686,xqquf.com,80.00,CNY,2023-08-30,2027-08-30
2026-09-03 17:34:21,395686,tqmmg.com,80.00,CNY,2023-08-29,2027-08-29
2026-09-03 17:34:21,395686,dbf4321.com,80.00,CNY,2023-08-31,2027-08-31
2026-09-03 17:34:21,395686,eyvuo.com,80.00,CNY,2023-08-29,2027-08-29
2026-09-03 17:34:21,395686,020591.com,80.00,CNY,2023-08-31,2027-08-31
2026-09-03 17:34:21,395686,057375.com,80.00,CNY,2023-08-30,2027-08-30
2026-09-03 17:34:21,395686,027516.com,80.00,CNY,2023-08-31,2027-08-31
2026-09-03 17:34:21,395686,ejvuq.com,80.00,CNY,2023-08-29,2027-08-29
2026-09-03 17:34:21,395686,059739.com,80.00,CNY,2023-08-30,2027-08-30
2026-09-03 17:34:21,395686,nxusc.com,80.00,CNY,2023-08-29,2027-08-29
2026-09-03 17:34:21,395686,gqhra.com,80.00,CNY,2023-08-30,2027-08-30
2026-09-03 17:34:21,395686,012903.com,80.00,CNY,2023-08-31,2027-08-31
2026-09-03 17:34:21,395686,wpizf.com,80.00,CNY,2023-08-29,2027-08-29
2026-09-03 17:34:21,395686,125mtt.com,80.00,CNY,2023-08-31,2027-08-31
2026-09-03 17:34:21,395686,023739.com,80.00,CNY,2023-08-31,2027-08-31
2026-09-03 17:34:21,395686,029813.com,80.00,CNY,2023-08-31,2027-08-31
2026-09-03 17:34:21,395686,052359.com,80.00,CNY,2023-08-30,2027-08-30
2026-09-03 17:34:21,395686,mlrye.com,80.00,CNY,2023-08-30,2027-08-30
2026-09-03 17:34:21,395686,ooyjf.com,80.00,CNY,2023-08-30,2027-08-30
2026-09-03 17:34:21,395686,qlevx.com,80.00,CNY,2023-08-29,2027-08-29
2026-09-03 17:34:21,395686,vojib.com,80.00,CNY,2023-08-30,2027-08-30
2026-09-03 17:34:21,395686,iyaau.com,80.00,CNY,2023-08-30,2027-08-30
2026-09-03 17:34:21,395686,010869.com,80.00,CNY,2023-08-31,2027-08-31
2026-09-03 17:34:21,395686,007665.com,80.00,CNY,2023-08-31,2027-08-31
2026-09-03 17:34:21,395686,mvjvb.com,80.00,CNY,2023-08-29,2027-08-29
2026-09-03 17:34:21,395686,033381.com,80.00,CNY,2023-08-30,2027-08-30
2026-09-03 17:34:21,395686,1251122.com,80.00,CNY,2023-08-31,2027-08-31
2026-09-03 17:34:21,395686,tykzp.com,80.00,CNY,2023-08-30,2027-08-30
2026-09-03 17:34:21,395686,059269.com,80.00,CNY,2023-08-30,2027-08-30
2026-09-03 17:34:21,395686,uqstc.com,80.00,CNY,2023-08-29,2027-08-29
2026-09-03 17:34:21,395686,047458.com,80.00,CNY,2023-08-30,2027-08-30
2026-09-03 17:34:21,395686,052326.com,80.00,CNY,2023-08-30,2027-08-30
2026-09-03 17:34:21,395686,1251120.com,80.00,CNY,2023-08-31,2027-08-31
2026-09-03 17:34:21,395686,igsvq.com,80.00,CNY,2023-08-29,2027-08-29
2026-09-03 17:34:21,395686,046665.com,80.00,CNY,2023-08-30,2027-08-30
2026-09-03 17:34:21,395686,026177.com,80.00,CNY,2023-08-31,2027-08-31
2026-09-03 17:34:21,395686,051796.com,80.00,CNY,2023-08-30,2027-08-30
2026-09-03 17:34:21,395686,059526.com,80.00,CNY,2023-08-30,2027-08-30
2026-09-03 17:34:21,395686,pbwwk.com,80.00,CNY,2023-08-30,2027-08-30
2026-09-03 17:34:21,395686,057659.com,80.00,CNY,2023-08-30,2027-08-30
2026-09-03 17:34:21,395686,cqnng.com,80.00,CNY,2023-08-29,2027-08-29
2026-09-03 17:34:21,395686,zukyh.com,80.00,CNY,2023-08-29,2027-08-29
2026-09-03 17:34:21,395686,ykcac.com,80.00,CNY,2023-08-30,2027-08-30
2026-09-03 17:34:21,395686,160912.com,80.00,CNY,2023-08-31,2027-08-31
2026-09-03 17:34:21,395686,069011.com,80.00,CNY,2023-08-31,2027-08-31
2026-09-03 17:34:21,395686,083828.com,80.00,CNY,2023-08-31,2027-08-31
2026-09-03 17:34:21,395686,075306.com,80.00,CNY,2023-08-31,2027-08-31
2026-09-03 17:34:21,395686,069599.com,80.00,CNY,2023-08-31,2027-08-31
2026-09-03 17:34:21,395686,071665.com,80.00,CNY,2023-08-31,2027-08-31
2026-09-03 17:34:21,395686,157856.com,80.00,CNY,2023-08-31,2027-08-31
2026-09-03 17:34:21,395686,066328.com,80.00,CNY,2023-08-31,2027-08-31
2026-09-03 17:34:21,395686,073233.com,80.00,CNY,2023-08-31,2027-08-31
2026-09-03 17:34:21,395686,006809.com,80.00,CNY,2023-08-31,2027-08-31
2026-09-03 17:34:21,395686,075369.com,80.00,CNY,2023-08-31,2027-08-31
2026-09-03 17:34:21,395686,082607.com,80.00,CNY,2023-08-31,2027-08-31
2026-09-03 17:34:21,395686,072977.com,80.00,CNY,2023-08-31,2027-08-31
2026-09-03 17:34:21,395686,081980.com,80.00,CNY,2023-08-31,2027-08-31
2026-09-03 17:34:21,395686,153638.com,80.00,CNY,2023-08-31,2027-08-31
2026-09-03 17:34:21,395686,160285.com,80.00,CNY,2023-08-31,2027-08-31
2026-09-03 17:34:21,395686,082919.com,80.00,CNY,2023-08-31,2027-08-31
2026-09-03 17:34:21,395686,086106.com,80.00,CNY,2023-08-31,2027-08-31
2026-09-03 17:34:21,395686,lzxddffm.com,80.00,CNY,2021-09-07,2027-09-07
2026-09-03 17:34:21,395686,cgxcbwj.com,80.00,CNY,2023-09-01,2027-09-01
2026-09-03 17:34:21,395686,150853.com,80.00,CNY,2023-09-01,2027-09-01
2026-09-03 17:34:21,395686,108619.com,80.00,CNY,2023-09-01,2027-09-01
2026-09-03 17:34:21,395686,598ri.com,80.00,CNY,2023-09-01,2027-09-01
2026-09-03 17:34:21,395686,130665.com,80.00,CNY,2023-09-01,2027-09-01
2026-09-03 17:34:21,395686,sugfd.com,80.00,CNY,2023-09-02,2027-09-02
2026-09-03 17:34:21,395686,593ri.com,80.00,CNY,2023-09-01,2027-09-01
2026-09-03 17:34:21,395686,130103.com,80.00,CNY,2023-09-01,2027-09-01
2026-09-03 17:34:21,395686,ydxzf.com,80.00,CNY,2023-09-01,2027-09-01
2026-09-03 17:34:21,395686,135261.com,80.00,CNY,2023-09-01,2027-09-01
2026-09-03 17:34:21,395686,zfjrb.com,80.00,CNY,2023-09-01,2027-09-01
2026-09-03 17:34:21,395686,jdguh.com,80.00,CNY,2023-09-03,2027-09-03
2026-09-03 17:34:21,395686,592ri.com,80.00,CNY,2023-09-01,2027-09-01
2026-09-03 17:34:21,395686,vgfjh.com,80.00,CNY,2023-09-02,2027-09-02
2026-09-03 17:34:21,395686,594ri.com,80.00,CNY,2023-09-01,2027-09-01
2026-09-03 17:34:21,395686,rfiac.com,80.00,CNY,2023-09-02,2027-09-02
2026-09-03 17:34:21,395686,114163.com,80.00,CNY,2023-09-01,2027-09-01
2026-09-03 17:34:21,395686,nanhengli.com,80.00,CNY,2007-09-04,2027-09-04
2026-09-03 17:34:21,395686,qlgcxx.com,80.00,CNY,2023-09-04,2027-09-04
2026-09-03 17:34:21,395686,fuxinjiaodai.com,80.00,CNY,2014-09-04,2027-09-04
2026-09-03 17:34:21,395686,kxulp.com,80.00,CNY,2023-09-05,2027-09-05
2026-09-03 17:34:21,395686,qbzcw.com,80.00,CNY,2023-09-05,2027-09-05
2026-09-03 17:34:21,395686,klmqm.com,80.00,CNY,2023-09-05,2027-09-05
2026-09-03 17:34:21,395686,cztow.com,80.00,CNY,2023-09-05,2027-09-05
2026-09-03 17:34:21,395686,slkoz.com,80.00,CNY,2023-09-05,2027-09-05
2026-09-03 17:34:21,395686,ccnzj.com,80.00,CNY,2023-09-05,2027-09-05
2026-09-03 17:34:21,395686,fgqca.com,80.00,CNY,2023-09-05,2027-09-05
2026-09-03 17:34:21,395686,ijlvx.com,80.00,CNY,2023-09-05,2027-09-05
2026-09-03 17:34:21,395686,pxcae.com,80.00,CNY,2023-09-05,2027-09-05
2026-09-03 17:34:21,395686,fcgfezx.com,80.00,CNY,2023-09-05,2027-09-05
2026-09-03 17:34:21,395686,fhwhr.com,80.00,CNY,2023-09-05,2027-09-05
2026-09-03 17:34:21,395686,jdglf.com,80.00,CNY,2023-09-05,2027-09-05
2026-09-03 17:34:21,395686,idllg.com,80.00,CNY,2023-09-05,2027-09-05
2026-09-03 17:34:21,395686,oafvr.com,80.00,CNY,2023-09-06,2027-09-06
2026-09-03 17:34:21,395686,yqfkl.com,80.00,CNY,2023-09-09,2027-09-09
2026-09-03 17:34:21,395686,5203888.com,80.00,CNY,2023-09-09,2027-09-09
2026-09-03 17:34:21,395686,vsxsu.com,80.00,CNY,2023-09-09,2027-09-09
2026-09-03 17:34:21,395686,hongqiaoxiuxi.com,80.00,CNY,2023-09-06,2027-09-06
2026-09-03 17:34:21,395686,ycxga.com,80.00,CNY,2023-09-07,2027-09-07
2026-09-03 17:34:21,395686,pbc0728.com,80.00,CNY,2023-09-07,2027-09-07
2026-09-03 17:34:21,395686,rjzvn.com,80.00,CNY,2023-09-06,2027-09-06
2026-09-03 17:34:21,395686,dongqiaohjzz.com,80.00,CNY,2023-09-07,2027-09-07
2026-09-03 17:34:21,395686,ra2y120.com,80.00,CNY,2023-09-08,2027-09-08
2026-09-03 17:34:21,395686,qomha.com,80.00,CNY,2023-09-06,2027-09-06
2026-09-03 17:34:21,395686,993582.com,80.00,CNY,2023-09-09,2027-09-09
2026-09-03 17:34:21,395686,srwoy.com,80.00,CNY,2023-09-06,2027-09-06
2026-09-03 17:34:21,395686,baishuipingguowang.com,80.00,CNY,2023-09-10,2027-09-10
2026-09-03 17:34:21,395686,fjnhdd.com,80.00,CNY,2023-09-08,2027-09-08
2026-09-03 17:34:21,395686,ylipz.com,80.00,CNY,2023-09-06,2027-09-06
2026-09-03 17:34:21,395686,992403.com,80.00,CNY,2023-09-09,2027-09-09
2026-09-03 17:34:21,395686,yxnysz.com,80.00,CNY,2020-09-09,2027-09-09
2026-09-03 17:34:21,395686,978635.com,80.00,CNY,2023-09-09,2027-09-09
2026-09-03 17:34:21,395686,qigjw.com,80.00,CNY,2023-09-06,2027-09-06
2026-09-03 17:34:21,395686,jinxiuxinan.com,80.00,CNY,2023-09-09,2027-09-09
2026-09-03 17:34:21,395686,tcgbxy.com,80.00,CNY,2023-09-10,2027-09-10
2026-09-03 17:34:21,395686,hengshanbinguan.com,80.00,CNY,2023-09-10,2027-09-10
2026-09-03 17:34:21,395686,ycqfy.com,80.00,CNY,2023-09-08,2027-09-08
2026-09-03 17:34:21,395686,vhqik.com,80.00,CNY,2023-09-06,2027-09-06
2026-09-03 17:34:21,395686,lzcgn.com,80.00,CNY,2023-09-06,2027-09-06
2026-09-03 17:34:21,395686,supercar0411.com,80.00,CNY,2020-09-07,2027-09-07
2026-09-03 17:34:21,395686,hccwfw.com,80.00,CNY,2020-09-07,2027-09-07
2026-09-03 17:34:21,395686,uprjs.com,80.00,CNY,2023-09-06,2027-09-06
2026-09-03 17:34:21,395686,qfulx.com,80.00,CNY,2023-09-06,2027-09-06
2026-09-03 17:34:21,395686,shenhuotuan.com,80.00,CNY,2010-09-09,2027-09-09
2026-09-03 17:34:21,395686,syxggw.com,80.00,CNY,2023-09-06,2027-09-06
2026-09-03 17:34:21,395686,qpwzh.com,80.00,CNY,2023-09-09,2027-09-09
2026-09-03 17:34:21,395686,994537.com,80.00,CNY,2023-09-09,2027-09-09
2026-09-03 17:34:21,395686,zxsmu.com,80.00,CNY,2023-09-06,2027-09-06
2026-09-03 17:34:21,395686,ayxhlz.com,80.00,CNY,2023-09-12,2027-09-12
2026-09-03 17:34:21,395686,suwcr.com,80.00,CNY,2017-09-15,2027-09-15
2026-09-03 17:34:21,395686,rjszsyzw.com,80.00,CNY,2023-09-11,2027-09-11
2026-09-03 17:34:21,395686,jcchumi.com,80.00,CNY,2022-09-11,2027-09-11
2026-09-03 17:34:21,395686,zsforward.com,80.00,CNY,2010-09-13,2027-09-13
2026-09-03 17:34:21,395686,yuanjiagou.com,80.00,CNY,2023-09-16,2027-09-16
2026-09-03 17:34:21,395686,teandmc.com,80.00,CNY,2012-09-14,2027-09-14
2026-09-03 17:34:21,395686,jhdsbhxx.com,80.00,CNY,2023-09-15,2027-09-15
2026-09-03 17:34:21,395686,05372239999.com,80.00,CNY,2023-09-13,2027-09-13
2026-09-03 17:34:21,395686,gzzkbmg.com,80.00,CNY,2023-09-12,2027-09-12
2026-09-03 17:34:21,395686,zmdrcgzw.com,80.00,CNY,2023-09-13,2027-09-13
2026-09-03 17:34:21,395686,sx-eye.com,80.00,CNY,2023-09-14,2027-09-14
2026-09-03 17:34:21,395686,jjcdsxxx.com,80.00,CNY,2023-09-12,2027-09-12
2026-09-03 17:34:21,395686,csxzyey.com,80.00,CNY,2023-09-24,2027-09-24
2026-09-03 17:34:21,395686,qjwgl.com,80.00,CNY,2023-09-23,2027-09-23
2026-09-03 17:34:21,395686,wztgfq.com,80.00,CNY,2012-09-24,2027-09-24
2026-09-03 17:34:21,395686,fcsfcdjw.com,80.00,CNY,2023-09-24,2027-09-24
2026-09-03 17:34:21,395686,sd-cysj.com,80.00,CNY,2006-09-21,2027-09-21
2026-09-03 17:34:21,395686,tianyipeixun.com,80.00,CNY,2023-09-30,2027-09-30
2026-09-03 17:34:21,395686,zhilitengda.com,80.00,CNY,2018-09-25,2027-09-25
2026-09-03 17:34:21,395686,lfsacqhbj.com,80.00,CNY,2023-09-28,2027-09-28
2026-09-03 17:34:21,395686,ydpfzx.com,80.00,CNY,2023-09-25,2027-09-25
2026-09-03 17:34:21,395686,kfqedu.com,80.00,CNY,2023-09-22,2027-09-22
2026-09-03 17:34:21,395686,zcnccq.com,80.00,CNY,2023-09-24,2027-09-24
2026-09-03 17:34:21,395686,shaoshanxiang.com,80.00,CNY,2023-09-23,2027-09-23
2026-09-03 17:34:21,395686,mttf9y.com,80.00,CNY,2023-09-23,2027-09-23
2026-09-03 17:34:21,395686,thsmyun.com,80.00,CNY,2023-09-25,2027-09-25
2026-09-03 17:34:21,395686,kongzhongjiuyuan999.com,80.00,CNY,2023-09-20,2027-09-20
2026-09-03 17:34:21,395686,hatsgypapp.com,80.00,CNY,2023-09-20,2027-09-20
2026-09-03 17:34:21,395686,sdrcrmyy.com,80.00,CNY,2023-09-27,2027-09-27
2026-09-03 17:34:21,395686,jk3366999.com,80.00,CNY,2023-09-21,2027-09-21
2026-09-03 17:34:21,395686,santangzxx.com,80.00,CNY,2023-09-26,2027-09-26
2026-09-03 17:34:21,395686,gshxfy.com,80.00,CNY,2023-09-29,2027-09-29
2026-09-03 17:34:21,395686,ycbqwsy.com,80.00,CNY,2023-09-23,2027-09-23
2026-09-03 17:34:21,395686,bjzhucelaw.com,80.00,CNY,2023-09-25,2027-09-25
2026-09-03 17:34:21,395686,piccxy.com,80.00,CNY,2023-09-28,2027-09-28
2026-09-03 17:34:21,395686,xxsqx.com,80.00,CNY,2023-09-23,2027-09-23
2026-09-03 17:34:21,395686,czsx12349.com,80.00,CNY,2023-09-26,2027-09-26
2026-09-03 17:34:21,395686,shewaijiazheng.com,80.00,CNY,2023-09-25,2027-09-25
2026-09-03 17:34:21,395686,wgsqn.com,80.00,CNY,2023-09-26,2027-09-26
2026-09-03 17:34:21,395686,czjfd.com,80.00,CNY,2020-09-25,2027-09-25
2026-09-03 17:34:21,395686,dbsszjzx.com,80.00,CNY,2023-09-28,2027-09-28
2026-09-03 17:34:21,395686,zltqxj.com,80.00,CNY,2023-09-26,2027-09-26
2026-09-03 17:34:21,395686,yhjycypt.com,80.00,CNY,2023-09-21,2027-09-21
2026-09-03 17:34:21,395686,ahsxsyzx.com,80.00,CNY,2023-09-24,2027-09-24
2026-09-03 17:34:21,395686,bhlxjt.com,80.00,CNY,2023-09-21,2027-09-21
2026-09-03 17:34:21,395686,wxxydb.com,80.00,CNY,2023-09-25,2027-09-25
2026-09-03 17:34:21,395686,qthggw.com,80.00,CNY,2023-09-30,2027-09-30
2026-09-03 17:34:21,395686,shsetfly.com,80.00,CNY,2023-09-26,2027-09-26
2026-09-03 17:34:21,395686,yikaigg.com,80.00,CNY,2018-09-25,2027-09-25
2026-09-03 17:34:21,395686,hbsznhxx.com,80.00,CNY,2023-09-22,2027-09-22
2026-09-03 17:34:21,395686,fxwxedu.com,80.00,CNY,2023-09-22,2027-09-22
2026-09-03 17:34:21,395686,hzsbwg.com,80.00,CNY,2023-09-24,2027-09-24
2026-09-03 17:34:21,395686,cqljtxx.com,80.00,CNY,2023-09-28,2027-09-28
2026-09-03 17:34:21,395686,lzlmxwsy.com,80.00,CNY,2023-09-26,2027-09-26
2026-09-03 17:34:21,395686,qycjsq.com,80.00,CNY,2023-09-28,2027-09-28
2026-09-03 17:34:21,395686,lxzqxj.com,80.00,CNY,2023-09-29,2027-09-29
2026-09-03 17:34:21,395686,xgsbs.com,80.00,CNY,2023-09-23,2027-09-23
2026-09-03 17:34:21,395686,kingleotextiles.com,80.00,CNY,2021-11-30,2026-11-30
2026-09-03 17:34:21,395686,twspgx.com,80.00,CNY,2021-11-20,2026-11-20
2026-09-03 17:34:21,395686,smartreaper.com,80.00,CNY,2021-11-30,2026-11-30
2026-09-03 17:34:25,395686,hknj88.com,80.00,CNY,2021-11-30,2026-11-30
2026-09-03 17:34:25,395686,projektenergetika.com,80.00,CNY,2021-11-27,2026-11-27
2026-09-03 17:34:25,395686,shmj0769.com,80.00,CNY,2015-11-27,2026-11-27
2026-09-03 17:34:25,395686,plzhan.com,80.00,CNY,2020-12-02,2026-12-02
2026-09-03 17:34:25,395686,shanyi2017.com,80.00,CNY,2017-12-27,2026-12-27
2026-09-03 17:34:25,395686,fjlcdp.com,80.00,CNY,2019-12-04,2026-12-04
2026-09-03 17:34:25,395686,guangzhouhuaze.com,80.00,CNY,2020-12-04,2026-12-04
2026-09-03 17:34:25,395686,szlututong.com,80.00,CNY,2019-12-04,2026-12-04
2026-09-03 17:34:25,395686,ylclove.com,80.00,CNY,2020-12-08,2026-12-08
2026-09-03 17:34:25,395686,cqshuji.com,80.00,CNY,2020-12-08,2026-12-08
2026-09-03 17:34:25,395686,heikewl.com,80.00,CNY,2020-12-11,2026-12-11
2026-09-03 17:34:25,395686,boyangshuyuan.com,80.00,CNY,2018-12-14,2026-12-14
2026-09-03 17:34:25,395686,lazyright.com,80.00,CNY,2014-12-16,2026-12-16
2026-09-03 17:34:25,395686,orovr.com,80.00,CNY,2022-01-22,2027-01-22
2026-09-03 17:34:25,395686,huafengfairy.com,80.00,CNY,2022-01-30,2027-01-30
2026-09-03 17:34:25,395686,chacheschool.com,80.00,CNY,2016-12-17,2026-12-17
2026-09-03 17:34:25,395686,judameiye.com,80.00,CNY,2018-12-17,2026-12-17
2026-09-03 17:34:25,395686,hao0567.com,80.00,CNY,2015-12-27,2026-12-27
2026-09-03 17:34:25,395686,wwbaoan.com,80.00,CNY,2023-03-18,2027-03-18
2026-09-03 17:34:25,395686,dlprxx.com,80.00,CNY,2019-03-30,2027-03-30
2026-09-03 17:34:25,395686,wsfdd.com,80.00,CNY,2023-03-19,2027-03-19
2026-09-03 17:34:25,395686,wmzkd.com,80.00,CNY,2023-03-19,2027-03-19
2026-09-03 17:34:25,395686,46786869.com,80.00,CNY,2022-03-26,2027-03-26
2026-09-03 17:34:25,395686,tigersclass.com,80.00,CNY,2018-03-30,2027-03-30
2026-09-03 17:34:25,395686,checkmao.com,80.00,CNY,2016-02-25,2027-02-25
2026-09-03 17:34:25,395686,btp-autoparts.com,80.00,CNY,2022-04-04,2027-04-04
2026-09-03 17:34:25,395686,yixinhs.com,80.00,CNY,2020-04-04,2027-04-04
2026-09-03 17:34:25,395686,mingdingbaodin.com,80.00,CNY,2020-04-04,2027-04-04
2026-09-03 17:34:25,395686,yumnyswimwear.com,80.00,CNY,2007-04-04,2027-04-04
2026-09-03 17:34:25,395686,sh-huafei.com,80.00,CNY,2018-04-04,2027-04-04
2026-09-03 17:34:25,395686,365cfv.com,80.00,CNY,2020-04-03,2027-04-03
2026-09-03 17:34:25,395686,huayangxiaocheng.com,80.00,CNY,2019-04-04,2027-04-04
2026-09-03 17:34:25,395686,sanyizhuzao.com,80.00,CNY,2018-04-03,2027-04-03
2026-09-03 17:34:25,395686,021-37516500.com,80.00,CNY,2022-04-03,2027-04-03
2026-09-03 17:34:25,395686,southelginlions.com,80.00,CNY,2003-04-03,2027-04-03
2026-09-03 17:34:25,395686,yascopipe.com,80.00,CNY,2023-04-05,2027-04-05
2026-09-03 17:34:25,395686,srxpcb.com,80.00,CNY,2020-04-13,2027-04-13
2026-09-03 17:34:25,395686,dgkuaipai.com,80.00,CNY,2019-04-14,2027-04-14
2026-09-03 17:34:25,395686,yc2727.com,80.00,CNY,2018-04-18,2027-04-18
2026-09-03 17:34:25,395686,gufangyibei.com,80.00,CNY,2020-04-13,2027-04-13
2026-09-03 17:34:25,395686,jwqst.com,80.00,CNY,2020-04-19,2027-04-19
2026-09-03 17:34:25,395686,zwhcb.com,80.00,CNY,2023-04-21,2027-04-21
2026-09-03 17:34:25,395686,mmrrb.com,80.00,CNY,2023-04-21,2027-04-21
2026-09-03 17:34:25,395686,kmlbb.com,80.00,CNY,2023-04-21,2027-04-21
2026-09-03 17:34:25,395686,klmlb.com,80.00,CNY,2023-04-21,2027-04-21
2026-09-03 17:34:25,395686,ttlqb.com,80.00,CNY,2023-04-21,2027-04-21
2026-09-03 17:34:25,395686,wrdsc.com,80.00,CNY,2023-04-21,2027-04-21
2026-09-03 17:34:25,395686,bcmqd.com,80.00,CNY,2023-04-21,2027-04-21
2026-09-03 17:34:25,395686,kmswebsite.com,80.00,CNY,2019-05-01,2027-05-01
2026-09-03 17:34:25,395686,myfavoriteathleteapparel.com,80.00,CNY,2020-05-06,2027-05-06
2026-09-03 17:34:25,395686,nqxsyxx.com,80.00,CNY,2023-12-06,2027-12-06
2026-09-03 17:34:25,395686,crossfitsex.com,80.00,CNY,2022-10-12,2027-10-12
2026-09-03 17:34:25,395686,zhensongcn.com,80.00,CNY,2018-04-16,2027-04-16
2026-09-03 17:34:25,395686,jstvfang.com,80.00,CNY,2017-04-17,2027-04-17
2026-09-03 17:34:25,395686,jhthxx.com,80.00,CNY,2023-06-25,2027-06-25
2026-09-03 17:34:25,395686,580877.com,80.00,CNY,2023-06-25,2027-06-25
2026-09-03 17:34:25,395686,81zwk.com,80.00,CNY,2023-06-24,2027-06-24
2026-09-03 17:34:25,395686,lxsgsylhh.com,80.00,CNY,2023-06-24,2027-06-24
2026-09-03 17:34:25,395686,zjkdaxx.com,80.00,CNY,2023-06-25,2027-06-25
2026-09-03 17:34:25,395686,774268.com,80.00,CNY,2023-06-24,2027-06-24
2026-09-03 17:34:25,395686,771418.com,80.00,CNY,2023-06-24,2027-06-24
2026-09-03 17:34:25,395686,774618.com,80.00,CNY,2023-06-24,2027-06-24
2026-09-03 17:34:25,395686,023229.com,80.00,CNY,2023-06-24,2027-06-24
2026-09-03 17:34:25,395686,298617.com,80.00,CNY,2023-06-24,2027-06-24
2026-09-03 17:34:25,395686,779428.com,80.00,CNY,2023-06-24,2027-06-24
2026-09-03 17:34:25,395686,744070.com,80.00,CNY,2023-06-24,2027-06-24
2026-09-03 17:34:25,395686,nksdac.com,80.00,CNY,2023-06-24,2027-06-24
2026-09-03 17:34:25,395686,494503.com,80.00,CNY,2023-06-24,2027-06-24
2026-09-03 17:34:25,395686,huiyouxiu.com,80.00,CNY,2020-06-16,2027-06-16
2026-09-03 17:34:25,395686,huiwenyin.com,80.00,CNY,2020-06-15,2027-06-15
2026-09-03 17:34:25,395686,zgenmj.com,80.00,CNY,2023-06-24,2027-06-24
2026-09-03 17:34:25,395686,zhlicc.com,80.00,CNY,2017-07-31,2027-07-31
2026-09-03 17:34:25,395686,hcejia.com,80.00,CNY,2014-07-31,2027-07-31
2026-09-03 17:34:25,395686,huizhishang.com,80.00,CNY,2018-07-23,2027-07-23
2026-09-03 17:34:25,395686,xcxfinder.com,80.00,CNY,2020-07-24,2027-07-24
2026-09-03 17:34:25,395686,huihuaiyi.com,80.00,CNY,2020-07-21,2027-07-21
2026-09-03 17:34:25,395686,ltjsgy.com,80.00,CNY,2023-06-30,2027-06-30
2026-09-03 17:34:25,395686,hfjdzbw.com,80.00,CNY,2023-06-30,2027-06-30
2026-09-03 17:34:25,395686,modengda.com,80.00,CNY,2017-07-05,2027-07-05
2026-09-03 17:34:25,395686,dgzlxh.com,80.00,CNY,2023-06-30,2027-06-30
2026-09-03 17:34:25,395686,130906.com,80.00,CNY,2023-06-30,2027-06-30
2026-09-03 17:34:25,395686,434559.com,80.00,CNY,2023-06-30,2027-06-30
2026-09-03 17:34:25,395686,nnfdcjc.com,80.00,CNY,2023-06-30,2027-06-30
2026-09-03 17:34:25,395686,fxqhjd.com,80.00,CNY,2023-06-30,2027-06-30
2026-09-03 17:34:25,395686,qydcd.com,80.00,CNY,2023-06-30,2027-06-30
2026-09-03 17:34:25,395686,zkswj.com,80.00,CNY,2023-06-30,2027-06-30
2026-09-03 17:34:25,395686,xwszj.com,80.00,CNY,2023-06-30,2027-06-30
2026-09-03 17:34:25,395686,wzzjy.com,80.00,CNY,2023-06-30,2027-06-30
2026-09-03 17:34:25,395686,lzmzxx.com,80.00,CNY,2023-06-30,2027-06-30
2026-09-03 17:34:25,395686,selepeter.com,80.00,CNY,2023-06-30,2027-06-30
2026-09-03 17:34:25,395686,165408.com,80.00,CNY,2023-06-27,2027-06-27
2026-09-03 17:34:25,395686,kcsmgc.com,80.00,CNY,2023-06-27,2027-06-27
2026-09-03 17:34:25,395686,403747.com,80.00,CNY,2023-06-27,2027-06-27
2026-09-03 17:34:25,395686,yiwujjq.com,80.00,CNY,2023-06-27,2027-06-27
2026-09-03 17:34:25,395686,863229.com,80.00,CNY,2023-06-27,2027-06-27
2026-09-03 17:34:25,395686,121327.com,80.00,CNY,2023-06-27,2027-06-27
2026-09-03 17:34:25,395686,bjftstudy.com,80.00,CNY,2023-06-30,2027-06-30
2026-09-03 17:34:25,395686,jxmsxk.com,80.00,CNY,2023-06-27,2027-06-27
2026-09-03 17:34:25,395686,082196.com,80.00,CNY,2023-06-27,2027-06-27
2026-09-03 17:34:25,395686,ymsrcw.com,80.00,CNY,2023-06-26,2027-06-26
2026-09-03 17:34:25,395686,coach-abondance.com,80.00,CNY,2023-06-26,2027-06-26
2026-09-03 17:34:25,395686,961060.com,80.00,CNY,2023-06-26,2027-06-26
2026-09-03 17:34:25,395686,976671.com,80.00,CNY,2023-06-26,2027-06-26
2026-09-03 17:34:25,395686,jcsybx.com,80.00,CNY,2023-06-26,2027-06-26
2026-09-03 17:34:25,395686,mailqy.com,80.00,CNY,2016-05-06,2027-05-06
2026-09-03 17:34:25,395686,snmchina.com,80.00,CNY,2012-05-17,2027-05-17
2026-09-03 17:34:25,395686,cqluzhiyao.com,80.00,CNY,2020-09-14,2027-09-14
2026-09-03 17:34:25,395686,boxmovil.com,80.00,CNY,2020-09-30,2027-09-30
2026-09-03 17:34:25,395686,tss-eg.com,80.00,CNY,2019-09-30,2027-09-30
2026-09-03 17:34:25,395686,am-f.com,80.00,CNY,2020-09-30,2027-09-30
2026-09-03 17:34:25,395686,klbas.com,80.00,CNY,2020-09-29,2027-09-29
2026-09-03 17:34:25,395686,043media.com,80.00,CNY,2020-09-29,2027-09-29
2026-09-03 17:34:25,395686,csi-asia.com,80.00,CNY,2020-09-28,2027-09-28
2026-09-03 17:34:25,395686,huashenggc.com,80.00,CNY,2009-09-28,2027-09-28
2026-09-03 17:34:25,395686,tixnews.com,80.00,CNY,2020-09-28,2027-09-28
2026-09-03 17:34:25,395686,alergon.com,80.00,CNY,2020-09-28,2027-09-28
2026-09-03 17:34:25,395686,generelt.com,80.00,CNY,2020-09-27,2027-09-27
2026-09-03 17:34:25,395686,56jianzhu.com,80.00,CNY,2020-09-24,2027-09-24
2026-09-03 17:34:25,395686,galblo.com,80.00,CNY,2020-09-24,2027-09-24
2026-09-03 17:34:25,395686,winnue.com,80.00,CNY,2020-09-24,2027-09-24
2026-09-03 17:34:25,395686,yuan888.com,80.00,CNY,2012-09-26,2027-09-26
2026-09-03 17:34:25,395686,cnupload.com,80.00,CNY,2020-09-25,2027-09-25
2026-09-03 17:34:25,395686,ealong.com,80.00,CNY,2020-09-25,2027-09-25
2026-09-03 17:34:25,395686,xrxyi.com,80.00,CNY,2020-09-25,2027-09-25
2026-09-03 17:34:25,395686,77jianzhu.com,80.00,CNY,2020-09-24,2027-09-24
2026-09-03 17:34:25,395686,wuxijianhao.com,80.00,CNY,2020-09-24,2027-09-24
2026-09-03 17:34:25,395686,mamraa.com,80.00,CNY,2020-09-23,2027-09-23
2026-09-03 17:34:25,395686,hcmblog.com,80.00,CNY,2020-09-23,2027-09-23
2026-09-03 17:34:25,395686,wayits.com,80.00,CNY,2020-09-23,2027-09-23
2026-09-03 17:34:25,395686,lntvc.com,80.00,CNY,2020-09-23,2027-09-23
2026-09-03 17:34:25,395686,aulastem.com,80.00,CNY,2020-09-23,2027-09-23
2026-09-03 17:34:25,395686,rv32.com,80.00,CNY,2020-09-23,2027-09-23
2026-09-03 17:34:25,395686,xunyi888.com,80.00,CNY,2020-09-23,2027-09-23
2026-09-03 17:34:25,395686,idcnz.com,80.00,CNY,2020-09-23,2027-09-23
2026-09-03 17:34:25,395686,alayare.com,80.00,CNY,2020-09-23,2027-09-23
2026-09-03 17:34:25,395686,jiudaofu.com,80.00,CNY,2020-09-21,2027-09-21
2026-09-03 17:34:25,395686,bjyxgcyy.com,80.00,CNY,2023-09-22,2027-09-22
2026-09-03 17:34:25,395686,dplsi.com,80.00,CNY,2020-09-25,2027-09-25
2026-09-03 17:34:29,395686,youngscarpetonepc.com,100.00,CNY,2014-02-02,2027-02-02
2026-09-03 17:34:29,395686,wwwdailycaller.com,100.00,CNY,2017-02-04,2027-02-04
2026-09-03 17:34:29,395686,webworkbi.com,100.00,CNY,2018-02-02,2027-02-02
2026-09-03 17:34:29,395686,vvv188.com,100.00,CNY,2022-02-03,2027-02-03
2026-09-03 17:34:29,395686,thegentlehanddogmassage.com,100.00,CNY,2013-02-02,2027-02-02
2026-09-03 17:34:29,395686,tianzixin.com,100.00,CNY,2022-02-03,2027-02-03
2026-09-03 17:34:29,395686,themabscribbler.com,100.00,CNY,2018-02-02,2027-02-02
2026-09-03 17:34:29,395686,sdxlwsgc.com,100.00,CNY,2020-02-03,2027-02-03
2026-09-03 17:34:29,395686,santechcctvbatam.com,100.00,CNY,2017-02-03,2027-02-03
2026-09-03 17:34:29,395686,scentualgoddess.com,100.00,CNY,2013-02-04,2027-02-04
2026-09-03 17:34:29,395686,ninethreebeauty.com,100.00,CNY,2016-02-04,2027-02-04
2026-09-03 17:34:29,395686,liuliangonline.com,100.00,CNY,2022-02-03,2027-02-03
2026-09-03 17:34:29,395686,mdypfs.com,100.00,CNY,2022-02-03,2027-02-03
2026-09-03 17:34:29,395686,junetxt.com,100.00,CNY,2022-02-03,2027-02-03
2026-09-03 17:34:29,395686,jksgyez.com,100.00,CNY,2020-02-03,2027-02-03
2026-09-03 17:34:29,395686,jiniee.com,100.00,CNY,2022-02-02,2027-02-02
2026-09-03 17:34:29,395686,hxbgjj.com,100.00,CNY,2022-02-03,2027-02-03
2026-09-03 17:34:29,395686,hotelsofcroatia.com,100.00,CNY,2012-02-04,2027-02-04
2026-09-03 17:34:29,395686,gbdxqzx.com,100.00,CNY,2022-02-01,2027-02-01
2026-09-03 17:34:29,395686,boselboru.com,100.00,CNY,2020-02-03,2027-02-03
2026-09-03 17:34:29,395686,eroticteenart.com,100.00,CNY,2020-02-02,2027-02-02
2026-09-03 17:34:29,395686,dinhtamangiac.com,100.00,CNY,2018-02-02,2027-02-02
2026-09-03 17:34:29,395686,diqin-fag.com,100.00,CNY,2022-02-02,2027-02-02
2026-09-03 17:34:29,395686,7788wdsc.com,100.00,CNY,2022-02-03,2027-02-03
2026-09-03 17:34:29,395686,ads4lsi.com,100.00,CNY,2011-02-02,2027-02-02
2026-09-03 17:34:29,395686,top20unitedstates.com,100.00,CNY,2001-03-30,2027-03-30
2026-09-03 17:34:29,395686,qzsas.com,100.00,CNY,2020-03-28,2027-03-28
2026-09-03 17:34:29,395686,marklucasweb.com,100.00,CNY,2003-03-28,2027-03-28
2026-09-03 17:34:29,395686,tecnologiemangusta.com,100.00,CNY,2002-03-28,2027-03-28
2026-09-03 17:34:29,395686,asianblondemoments.com,100.00,CNY,2012-03-28,2027-03-28
2026-09-03 17:34:29,395686,aodaeducation.com,100.00,CNY,2009-07-28,2027-03-28
2026-09-03 17:34:29,395686,top20vermont.com,100.00,CNY,2001-03-30,2027-03-30
2026-09-03 17:34:29,395686,top20mexico.com,100.00,CNY,2001-03-30,2027-03-30
2026-09-03 17:34:29,395686,top20guinea.com,100.00,CNY,2001-03-30,2027-03-30
2026-09-03 17:34:29,395686,top20northkorea.com,100.00,CNY,2001-03-30,2027-03-30
2026-09-03 17:34:29,395686,top20dominica.com,100.00,CNY,2001-03-30,2027-03-30
2026-09-03 17:34:29,395686,nycbridgeloan.com,100.00,CNY,2014-03-29,2027-03-29
2026-09-03 17:34:29,395686,top20tanzania.com,100.00,CNY,2001-03-30,2027-03-30
2026-09-03 17:34:29,395686,top20sanmarino.com,100.00,CNY,2001-03-30,2027-03-30
2026-09-03 17:34:29,395686,top20northcarolina.com,100.00,CNY,2001-03-30,2027-03-30
2026-09-03 17:34:29,395686,top20seychelles.com,100.00,CNY,2001-03-30,2027-03-30
2026-09-03 17:34:29,395686,top20armenia.com,100.00,CNY,2001-03-30,2027-03-30
2026-09-03 17:34:29,395686,top20maryland.com,100.00,CNY,2001-03-30,2027-03-30
2026-09-03 17:34:29,395686,bestcarincr.com,100.00,CNY,2016-03-30,2027-03-30
2026-09-03 17:34:29,395686,top20ireland.com,100.00,CNY,2001-03-30,2027-03-30
2026-09-03 17:34:29,395686,directtvsatellite.com,100.00,CNY,2002-03-30,2027-03-30
2026-09-03 17:34:29,395686,top20wisconsin.com,100.00,CNY,2001-03-30,2027-03-30
2026-09-03 17:34:29,395686,ikumouzaistyle.com,100.00,CNY,2015-03-29,2027-03-29
2026-09-03 17:34:29,395686,top20bahrain.com,100.00,CNY,2001-03-30,2027-03-30
2026-09-03 17:34:29,395686,top20elsalvador.com,100.00,CNY,2001-03-30,2027-03-30
2026-09-03 17:34:29,395686,themanlybeardsman.com,100.00,CNY,2016-03-30,2027-03-30
2026-09-03 17:34:29,395686,reddeadreporter.com,100.00,CNY,2010-03-29,2027-03-29
2026-09-03 17:34:29,395686,top20gambia.com,100.00,CNY,2001-03-30,2027-03-30
2026-09-03 17:34:29,395686,top20samoa.com,100.00,CNY,2001-03-30,2027-03-30
2026-09-03 17:34:29,395686,top20newhampshire.com,100.00,CNY,2001-03-30,2027-03-30
2026-09-03 17:34:29,395686,top20newjersey.com,100.00,CNY,2001-03-30,2027-03-30
2026-09-03 17:34:29,395686,top20peru.com,100.00,CNY,2001-03-30,2027-03-30
2026-09-03 17:34:29,395686,top20missouri.com,100.00,CNY,2001-03-30,2027-03-30
2026-09-03 17:34:29,395686,top20mongolia.com,100.00,CNY,2001-03-30,2027-03-30
2026-09-03 17:34:29,395686,top20norway.com,100.00,CNY,2001-03-30,2027-03-30
2026-09-03 17:34:29,395686,top20hawaii.com,100.00,CNY,2001-03-30,2027-03-30
2026-09-03 17:34:29,395686,top20azerbaijan.com,100.00,CNY,2001-03-30,2027-03-30
2026-09-03 17:34:29,395686,top20turkmenistan.com,100.00,CNY,2001-03-30,2027-03-30
2026-09-03 17:34:29,395686,top20grenada.com,100.00,CNY,2001-03-30,2027-03-30
2026-09-03 17:34:29,395686,xiaoaichuanmei.com,100.00,CNY,2020-03-29,2027-03-29
2026-09-03 17:34:29,395686,top20pakistan.com,100.00,CNY,2001-03-30,2027-03-30
2026-09-03 17:34:29,395686,top20colorado.com,100.00,CNY,2001-03-30,2027-03-30
2026-09-03 17:34:29,395686,top20iowa.com,100.00,CNY,2001-03-30,2027-03-30
2026-09-03 17:34:29,395686,top20massachusetts.com,100.00,CNY,2001-03-30,2027-03-30
2026-09-03 17:34:29,395686,let-me-watch-this.com,100.00,CNY,2015-04-02,2027-04-02
2026-09-03 17:34:29,395686,unblockcloud.com,100.00,CNY,2018-04-04,2027-04-04
2026-09-03 17:34:29,395686,nastycoedphonesex.com,100.00,CNY,2022-04-25,2027-04-25
2026-09-03 17:34:29,395686,pinnablerealestate.com,100.00,CNY,2022-04-27,2027-04-27
2026-09-03 17:34:29,395686,owl123.com,100.00,CNY,2020-04-21,2027-04-21
2026-09-03 17:34:29,395686,24cras.com,100.00,CNY,2020-04-18,2027-04-18
2026-09-03 17:34:29,395686,shuadanbang.com,100.00,CNY,2015-04-24,2027-04-24
2026-09-03 17:34:29,395686,huiliucun.com,100.00,CNY,2015-04-18,2027-04-18
2026-09-03 17:34:29,395686,uc990.com,100.00,CNY,2018-04-23,2027-04-23
2026-09-03 17:34:29,395686,phx-phx.com,100.00,CNY,2019-04-18,2027-04-18
2026-09-03 17:34:29,395686,huafengxb.com,100.00,CNY,2018-05-15,2027-05-15
2026-09-03 17:34:29,395686,dingzhouzhengfu.com,100.00,CNY,2023-05-31,2027-05-31
2026-09-03 17:34:29,395686,jiatian100.com,100.00,CNY,2017-05-14,2027-05-14
2026-09-03 17:34:29,395686,ldlady168.com,100.00,CNY,2020-05-31,2027-05-31
2026-09-03 17:34:29,395686,kqfzysccj.com,100.00,CNY,2014-05-29,2027-05-29
2026-09-03 17:34:29,395686,immigration88.com,100.00,CNY,2018-05-26,2027-05-26
2026-09-03 17:34:29,395686,qzjdbaoan.com,100.00,CNY,2012-05-29,2027-05-29
2026-09-03 17:34:29,395686,b8zf8sh.com,100.00,CNY,2020-05-25,2027-05-25
2026-09-03 17:34:29,395686,04536667070.com,100.00,CNY,2014-05-31,2027-05-31
2026-09-03 17:34:29,395686,d-vinehouston.com,100.00,CNY,2013-05-29,2027-05-29
2026-09-03 17:34:29,395686,bigoakkombucha.com,100.00,CNY,2015-05-29,2027-05-29
2026-09-03 17:34:29,395686,iactoncampus.com,100.00,CNY,2014-05-26,2027-05-26
2026-09-03 17:34:29,395686,jhhtdoors.com,100.00,CNY,2020-05-26,2027-05-26
2026-09-03 17:34:29,395686,szsfxyy.com,100.00,CNY,2017-05-29,2027-05-29
2026-09-03 17:34:29,395686,xmwkl.com,100.00,CNY,2020-05-31,2027-05-31
2026-09-03 17:34:29,395686,tyjdba.com,100.00,CNY,2020-05-31,2027-05-31
2026-09-03 17:34:29,395686,yxecoffeeclub.com,100.00,CNY,2012-05-24,2027-05-24
2026-09-03 17:34:29,395686,zhiyuanqg.com,100.00,CNY,2011-05-31,2027-05-31
2026-09-03 17:34:29,395686,noheadfly.com,100.00,CNY,2019-05-31,2027-05-31
2026-09-03 17:34:29,395686,kfdahua.com,100.00,CNY,2020-05-26,2027-05-26
2026-09-03 17:34:29,395686,easytogophuket.com,100.00,CNY,2016-05-30,2027-05-30
2026-09-03 17:34:29,395686,ycqydz.com,100.00,CNY,2018-05-25,2027-05-25
2026-09-03 17:34:29,395686,otslstories.com,100.00,CNY,2016-05-26,2027-05-26
2026-09-03 17:34:29,395686,shanghaihongshun.com,100.00,CNY,2020-05-24,2027-05-24
2026-09-03 17:34:29,395686,cyber-internet.com,100.00,CNY,2017-05-24,2027-05-24
2026-09-03 17:34:29,395686,gzysion.com,100.00,CNY,2017-05-25,2027-05-25
2026-09-03 17:34:29,395686,czhem.com,100.00,CNY,2018-05-26,2027-05-26
2026-09-03 17:34:29,395686,hnjbcw.com,100.00,CNY,2020-05-25,2027-05-25
2026-09-03 17:34:29,395686,alidaoyou.com,100.00,CNY,2018-05-29,2027-05-29
2026-09-03 17:34:29,395686,xifuzhuang.com,100.00,CNY,2011-05-24,2027-05-24
2026-09-03 17:34:29,395686,wellknownpsychics.com,100.00,CNY,2008-05-29,2027-05-29
2026-09-03 17:34:29,395686,otrgirls.com,100.00,CNY,2012-05-31,2027-05-31
2026-09-03 17:34:29,395686,jwchicago.com,100.00,CNY,2020-05-27,2027-05-27
2026-09-03 17:34:29,395686,popcultureonwax.com,100.00,CNY,2014-05-31,2027-05-31
2026-09-03 17:34:29,395686,jfhzvc.com,100.00,CNY,2020-05-31,2027-05-31
2026-09-03 17:34:29,395686,forestryflix.com,100.00,CNY,2016-05-24,2027-05-24
2026-09-03 17:34:29,395686,sjzccsm98.com,100.00,CNY,2020-05-25,2027-05-25
2026-09-03 17:34:29,395686,angleyoujia.com,100.00,CNY,2020-05-25,2027-05-25
2026-09-03 17:34:29,395686,linyiliangyijia.com,100.00,CNY,2020-05-30,2027-05-30
2026-09-03 17:34:29,395686,cohimgallery.com,100.00,CNY,2018-05-31,2027-05-31
2026-09-03 17:34:29,395686,anildua.com,100.00,CNY,2011-05-24,2027-05-24
2026-09-03 17:34:29,395686,chinafelon.com,100.00,CNY,2020-06-06,2027-06-06
2026-09-03 17:34:29,395686,yanqiaofei.com,100.00,CNY,2020-06-06,2027-06-06
2026-09-03 17:34:29,395686,mgm255.com,100.00,CNY,2017-06-06,2027-06-06
2026-09-03 17:34:29,395686,lq-ep.com,100.00,CNY,2020-06-01,2027-06-01
2026-09-03 17:34:29,395686,tattoo-kristi.com,100.00,CNY,2014-06-02,2027-06-02
2026-09-03 17:34:29,395686,fyyspx.com,100.00,CNY,2016-06-03,2027-06-03
2026-09-03 17:34:29,395686,stfcqcq.com,100.00,CNY,2020-06-05,2027-06-05
2026-09-03 17:34:29,395686,51lexi.com,100.00,CNY,2016-06-02,2027-06-02
2026-09-03 17:34:29,395686,shzytzj.com,100.00,CNY,2020-06-04,2027-06-04
2026-09-03 17:34:29,395686,sfi8888.com,100.00,CNY,2020-06-04,2027-06-04
2026-09-03 17:34:29,395686,judingpipe.com,100.00,CNY,2020-06-04,2027-06-04
2026-09-03 17:34:29,395686,thhagro.com,100.00,CNY,2020-06-05,2027-06-05
2026-09-03 17:34:29,395686,syhysdx.com,100.00,CNY,2020-06-06,2027-06-06
2026-09-03 17:34:29,395686,nyjgreat.com,100.00,CNY,2020-06-06,2027-06-06
2026-09-03 17:34:29,395686,lyyingji.com,100.00,CNY,2020-06-04,2027-06-04
2026-09-03 17:34:29,395686,xysnpq.com,100.00,CNY,2020-06-05,2027-06-05
2026-09-03 17:34:29,395686,ejtieyi.com,100.00,CNY,2020-06-05,2027-06-05
2026-09-03 17:34:29,395686,dznjhy.com,100.00,CNY,2020-06-03,2027-06-03
2026-09-03 17:34:29,395686,youtaibag.com,100.00,CNY,2020-06-02,2027-06-02
2026-09-03 17:34:29,395686,yiguangjiaoyu.com,100.00,CNY,2017-06-03,2027-06-03
2026-09-03 17:34:29,395686,186038.com,100.00,CNY,2022-06-01,2027-06-01
2026-09-03 17:34:29,395686,xiuku6.com,100.00,CNY,2020-06-04,2027-06-04
2026-09-03 17:34:29,395686,huizhengzong.com,100.00,CNY,2020-06-04,2027-06-04
2026-09-03 17:34:29,395686,sxtyxd.com,100.00,CNY,2011-06-03,2027-06-03
2026-09-03 17:34:29,395686,dariengynecologist.com,100.00,CNY,2013-06-01,2027-06-01
2026-09-03 17:34:29,395686,czysyy.com,100.00,CNY,2010-06-05,2027-06-05
2026-09-03 17:34:29,395686,xuoudq.com,100.00,CNY,2020-06-03,2027-06-03
2026-09-03 17:34:29,395686,zgbdshw.com,100.00,CNY,2020-06-05,2027-06-05
2026-09-03 17:34:29,395686,sjfskj.com,100.00,CNY,2020-06-03,2027-06-03
2026-09-03 17:34:29,395686,junchangchem.com,100.00,CNY,2020-06-04,2027-06-04
2026-09-03 17:34:29,395686,exotic-holiday.com,100.00,CNY,2010-06-01,2027-06-01
2026-09-03 17:34:29,395686,gdhaoguizi.com,100.00,CNY,2019-06-04,2027-06-04
2026-09-03 17:34:29,395686,szeasydo.com,100.00,CNY,2020-06-01,2027-06-01
2026-09-03 17:34:29,395686,sxslnu888.com,100.00,CNY,2020-06-05,2027-06-05
2026-09-03 17:34:29,395686,olimp365.com,100.00,CNY,2022-06-01,2027-06-01
2026-09-03 17:34:29,395686,bhfz114.com,100.00,CNY,2020-06-05,2027-06-05
2026-09-03 17:34:29,395686,heerdes.com,100.00,CNY,2020-06-03,2027-06-03
2026-09-03 17:34:29,395686,lyaishangjia.com,100.00,CNY,2020-06-04,2027-06-04
2026-09-03 17:34:29,395686,i7laptopreviews.com,100.00,CNY,2019-06-04,2027-06-04
2026-09-03 17:34:29,395686,zhlakg.com,100.00,CNY,2020-06-05,2027-06-05
2026-09-03 17:34:29,395686,ningbodpaj.com,100.00,CNY,2020-06-04,2027-06-04
2026-09-03 17:34:29,395686,duobaofoods.com,100.00,CNY,2015-06-02,2027-06-02
2026-09-03 17:34:29,395686,bddxqc.com,100.00,CNY,2020-06-06,2027-06-06
2026-09-03 17:34:29,395686,18788888545.com,100.00,CNY,2015-06-02,2027-06-02
2026-09-03 17:34:29,395686,021yh.com,100.00,CNY,2020-06-05,2027-06-05
2026-09-03 17:34:29,395686,jz2ylc.com,100.00,CNY,2020-06-01,2027-06-01
2026-09-03 17:34:29,395686,connbg.com,100.00,CNY,2020-06-03,2027-06-03
2026-09-03 17:34:29,395686,axic6906.com,100.00,CNY,2020-06-05,2027-06-05
2026-09-03 17:34:29,395686,360feiyue.com,100.00,CNY,2020-06-06,2027-06-06
2026-09-03 17:34:29,395686,010sbzcls.com,100.00,CNY,2017-06-03,2027-06-03
2026-09-03 17:34:29,395686,foxconnyt.com,100.00,CNY,2020-06-03,2027-06-03
2026-09-03 17:34:29,395686,asgyedu.com,100.00,CNY,2020-06-05,2027-06-05
2026-09-03 17:34:29,395686,wxhymg.com,100.00,CNY,2022-06-01,2027-06-01
2026-09-03 17:34:29,395686,rccjtz.com,100.00,CNY,2020-06-02,2027-06-02
2026-09-03 17:34:29,395686,voiphao.com,100.00,CNY,2020-06-06,2027-06-06
2026-09-03 17:34:29,395686,szhuoniao.com,100.00,CNY,2020-06-01,2027-06-01
2026-09-03 17:34:29,395686,lyyfny.com,100.00,CNY,2020-06-01,2027-06-01
2026-09-03 17:34:29,395686,jinjiayicn.com,100.00,CNY,2020-06-05,2027-06-05
2026-09-03 17:34:29,395686,fscjfm.com,100.00,CNY,2020-06-05,2027-06-05
2026-09-03 17:34:29,395686,huinongxin.com,100.00,CNY,2020-06-06,2027-06-06
2026-09-03 17:34:29,395686,ayfwyj.com,100.00,CNY,2020-06-05,2027-06-05
2026-09-03 17:34:29,395686,telecoms-i.com,100.00,CNY,2022-06-04,2027-06-04
2026-09-03 17:34:29,395686,xj-hxjc.com,100.00,CNY,2020-06-03,2027-06-03
2026-09-03 17:34:29,395686,sjkahdsd.com,100.00,CNY,2020-06-05,2027-06-05
2026-09-03 17:34:29,395686,nuotaijiaoyu.com,100.00,CNY,2020-06-04,2027-06-04
2026-09-03 17:34:29,395686,hylbanqian.com,100.00,CNY,2020-06-03,2027-06-03
2026-09-03 17:34:29,395686,atmacasoft.com,100.00,CNY,2020-06-02,2027-06-02
2026-09-03 17:34:29,395686,stwxfm.com,100.00,CNY,2020-06-05,2027-06-05
2026-09-03 17:34:29,395686,shousuodaichang.com,100.00,CNY,2013-06-04,2027-06-04
2026-09-03 17:34:29,395686,js-ltzs.com,100.00,CNY,2020-06-06,2027-06-06
2026-09-03 17:34:29,395686,cqwmhg.com,100.00,CNY,2020-06-06,2027-06-06
2026-09-03 17:34:29,395686,chungtaejeon.com,100.00,CNY,2020-06-05,2027-06-05
2026-09-03 17:34:29,395686,baozuanhui.com,100.00,CNY,2017-06-01,2027-06-01
2026-09-03 17:34:29,395686,hnjpbxg.com,100.00,CNY,2013-06-05,2027-06-05
2026-09-03 17:34:29,395686,tetralinksol.com,100.00,CNY,2020-06-06,2027-06-06
2026-09-03 17:34:29,395686,tianhongjidian.com,100.00,CNY,2012-06-04,2027-06-04
2026-09-03 17:34:29,395686,syhlfz.com,100.00,CNY,2019-06-05,2027-06-05
2026-09-03 17:34:29,395686,sjxxrf.com,100.00,CNY,2020-06-04,2027-06-04
2026-09-03 17:34:29,395686,sastled.com,100.00,CNY,2010-06-01,2027-06-01
2026-09-03 17:34:29,395686,endekbali.com,100.00,CNY,2013-06-05,2027-06-05
2026-09-03 17:34:29,395686,yongfengreduxin.com,100.00,CNY,2016-06-02,2027-06-02
2026-09-03 17:34:29,395686,taipingyangkafei.com,100.00,CNY,2020-06-01,2027-06-01
2026-09-03 17:34:29,395686,szmtcp.com,100.00,CNY,2020-06-03,2027-06-03
2026-09-03 17:34:29,395686,synerwit.com,100.00,CNY,2020-06-05,2027-06-05
2026-09-03 17:34:29,395686,szfljxhg.com,100.00,CNY,2020-06-05,2027-06-05
2026-09-03 17:34:29,395686,saitfairs.com,100.00,CNY,2020-06-06,2027-06-06
2026-09-03 17:34:29,395686,rhtz135.com,100.00,CNY,2020-06-05,2027-06-05
2026-09-03 17:34:29,395686,net-ehome.com,100.00,CNY,2020-06-01,2027-06-01
2026-09-03 17:34:29,395686,mlsjgzn.com,100.00,CNY,2020-06-01,2027-06-01
2026-09-03 17:34:29,395686,jzf-precision.com,100.00,CNY,2016-06-03,2027-06-03
2026-09-03 17:34:29,395686,riyongbaihuowang.com,100.00,CNY,2020-06-04,2027-06-04
2026-09-03 17:34:29,395686,jndaping.com,100.00,CNY,2020-06-03,2027-06-03
2026-09-03 17:34:29,395686,dzjyxy.com,100.00,CNY,2019-06-03,2027-06-03
2026-09-03 17:34:29,395686,bossladyboutiqueuk.com,100.00,CNY,2015-06-04,2027-06-04
2026-09-03 17:34:29,395686,023wbsa.com,100.00,CNY,2020-06-03,2027-06-03
2026-09-03 17:34:29,395686,momentummoveahead.com,100.00,CNY,2015-06-01,2027-06-01
2026-09-03 17:34:29,395686,gzjlyx.com,100.00,CNY,2016-06-04,2027-06-04
2026-09-03 17:34:29,395686,sxychyls.com,100.00,CNY,2020-06-06,2027-06-06
2026-09-03 17:34:29,395686,uneatclean.com,100.00,CNY,2009-06-01,2027-06-01
2026-09-03 17:34:29,395686,shhzyhtlvs.com,100.00,CNY,2020-06-04,2027-06-04
2026-09-03 17:34:29,395686,qdcqyzl.com,100.00,CNY,2020-06-04,2027-06-04
2026-09-03 17:34:29,395686,candysjewel.com,100.00,CNY,2022-06-01,2027-06-01
2026-09-03 17:34:29,395686,mgm355.com,100.00,CNY,2017-06-06,2027-06-06
2026-09-03 17:34:29,395686,zhangguiwo.com,100.00,CNY,2020-06-05,2027-06-05
2026-09-03 17:34:29,395686,sbjszs.com,100.00,CNY,2020-06-02,2027-06-02
2026-09-03 17:34:29,395686,jxxcdjjz.com,100.00,CNY,2020-06-05,2027-06-05
2026-09-03 17:34:29,395686,jcfanghuzhao.com,100.00,CNY,2020-06-06,2027-06-06
2026-09-03 17:34:29,395686,xxwhd.com,100.00,CNY,2019-06-06,2027-06-06
2026-09-03 17:34:29,395686,jczssheji.com,100.00,CNY,2020-06-06,2027-06-06
2026-09-03 17:34:29,395686,dungufs.com,100.00,CNY,2016-06-06,2027-06-06
2026-09-03 17:34:29,395686,daijia133.com,100.00,CNY,2020-06-07,2027-06-07
2026-09-03 17:34:29,395686,dyhcxx.com,100.00,CNY,2020-06-08,2027-06-08
2026-09-03 17:34:29,395686,cqycwlgs.com,100.00,CNY,2020-06-06,2027-06-06
2026-09-03 17:34:29,395686,ksdpaper.com,100.00,CNY,2020-06-06,2027-06-06
2026-09-03 17:34:29,395686,ypcsdc.com,100.00,CNY,2020-06-07,2027-06-07
2026-09-03 17:34:29,395686,hanyang88.com,100.00,CNY,2020-06-07,2027-06-07
2026-09-03 17:34:29,395686,dou-ban.com,100.00,CNY,2020-06-06,2027-06-06
2026-09-03 17:34:29,395686,chuangxingshibo.com,100.00,CNY,2019-06-06,2027-06-06
2026-09-03 17:34:29,395686,cakonhome.com,100.00,CNY,2020-06-06,2027-06-06
2026-09-03 17:34:29,395686,zbbinli.com,100.00,CNY,2020-06-07,2027-06-07
2026-09-03 17:34:29,395686,ycyggc.com,100.00,CNY,2020-06-07,2027-06-07
2026-09-03 17:34:29,395686,moshushitv.com,100.00,CNY,2020-06-06,2027-06-06
2026-09-03 17:34:29,395686,sksasawx.com,100.00,CNY,2020-06-06,2027-06-06
2026-09-03 17:34:29,395686,hwcyjt.com,100.00,CNY,2020-06-06,2027-06-06
2026-09-03 17:34:29,395686,djszlntgzx.com,100.00,CNY,2020-06-06,2027-06-06
2026-09-03 17:34:29,395686,gzlidaglass.com,100.00,CNY,2020-06-07,2027-06-07
2026-09-03 17:34:29,395686,scsncjswszx.com,100.00,CNY,2020-06-06,2027-06-06
2026-09-03 17:34:29,395686,jingjianggd.com,100.00,CNY,2019-06-08,2027-06-08
2026-09-03 17:34:29,395686,tydb56.com,100.00,CNY,2020-06-07,2027-06-07
2026-09-03 17:34:29,395686,dgbmy.com,100.00,CNY,2020-06-06,2027-06-06
2026-09-03 17:34:29,395686,yaopinbm.com,100.00,CNY,2020-06-08,2027-06-08
2026-09-03 17:34:29,395686,xinrihy.com,100.00,CNY,2017-06-07,2027-06-07
2026-09-03 17:34:29,395686,sxqc4s.com,100.00,CNY,2020-06-06,2027-06-06
2026-09-03 17:34:29,395686,xianqiegedeng.com,100.00,CNY,2017-06-06,2027-06-06
2026-09-03 17:34:29,395686,szdzczpxx.com,100.00,CNY,2020-06-07,2027-06-07
2026-09-03 17:34:29,395686,sanalyn315.com,100.00,CNY,2020-06-06,2027-06-06
2026-09-03 17:34:29,395686,qhmmjd.com,100.00,CNY,2020-06-06,2027-06-06
2026-09-03 17:34:29,395686,shfsycn.com,100.00,CNY,2020-06-08,2027-06-08
2026-09-03 17:34:29,395686,nabhzq.com,100.00,CNY,2020-06-07,2027-06-07
2026-09-03 17:34:29,395686,mdjjnyy.com,100.00,CNY,2020-06-08,2027-06-08
2026-09-03 17:34:29,395686,stonxm.com,100.00,CNY,2020-06-06,2027-06-06
2026-09-03 17:34:29,395686,programajama.com,100.00,CNY,2012-06-08,2027-06-08
2026-09-03 17:34:29,395686,fyxkpd.com,100.00,CNY,2020-06-07,2027-06-07
2026-09-03 17:34:29,395686,qingqujje.com,100.00,CNY,2020-06-07,2027-06-07
2026-09-03 17:34:29,395686,czysnt.com,100.00,CNY,2020-06-06,2027-06-06
2026-09-03 17:34:29,395686,haoye444.com,100.00,CNY,2020-06-06,2027-06-06
2026-09-03 17:34:29,395686,jbdsthbkj.com,100.00,CNY,2020-06-06,2027-06-06
2026-09-03 17:34:29,395686,hntcsl.com,100.00,CNY,2020-06-07,2027-06-07
2026-09-03 17:34:29,395686,gyrxjxc.com,100.00,CNY,2020-06-08,2027-06-08
2026-09-03 17:34:29,395686,znwws.com,100.00,CNY,2020-06-07,2027-06-07
2026-09-03 17:34:29,395686,tysy9999.com,100.00,CNY,2020-06-06,2027-06-06
2026-09-03 17:34:29,395686,kysfmmfy.com,100.00,CNY,2020-06-06,2027-06-06
2026-09-03 17:34:29,395686,shdazhong56.com,100.00,CNY,2015-06-06,2027-06-06
2026-09-03 17:34:29,395686,ayrenliu.com,100.00,CNY,2020-06-06,2027-06-06
2026-09-03 17:34:29,395686,fnxame.com,100.00,CNY,2020-06-07,2027-06-07
2026-09-03 17:34:29,395686,bdzhengke.com,100.00,CNY,2020-06-06,2027-06-06
2026-09-03 17:34:29,395686,lingdubow.com,100.00,CNY,2020-06-08,2027-06-08
2026-09-03 17:34:29,395686,qdjkdsm.com,100.00,CNY,2020-06-06,2027-06-06
2026-09-03 17:34:29,395686,mlwbmw.com,100.00,CNY,2020-06-08,2027-06-08
2026-09-03 17:34:29,395686,hnsmyyy.com,100.00,CNY,2020-06-06,2027-06-06
2026-09-03 17:34:29,395686,cqkuizhang.com,100.00,CNY,2020-06-06,2027-06-06
2026-09-03 17:34:29,395686,gdvhdsoft.com,100.00,CNY,2020-06-08,2027-06-08
2026-09-03 17:34:29,395686,51penhui.com,100.00,CNY,2012-06-08,2027-06-08
2026-09-03 17:34:29,395686,leiwocheye.com,100.00,CNY,2020-06-08,2027-06-08
2026-09-03 17:34:29,395686,ruxianxiao.com,100.00,CNY,2020-06-06,2027-06-06
2026-09-03 17:34:29,395686,qhdwykj.com,100.00,CNY,2013-06-07,2027-06-07
2026-09-03 17:34:29,395686,ahgdjr.com,100.00,CNY,2020-06-06,2027-06-06
2026-09-03 17:34:29,395686,0759law.com,100.00,CNY,2020-06-06,2027-06-06
2026-09-03 17:34:29,395686,kc-jasn.com,100.00,CNY,2020-06-06,2027-06-06
2026-09-03 17:34:29,395686,dayuanyzt.com,100.00,CNY,2020-06-06,2027-06-06
2026-09-03 17:34:29,395686,gzxintek.com,100.00,CNY,2020-06-06,2027-06-06
2026-09-03 17:34:29,395686,cddxby.com,100.00,CNY,2019-06-06,2027-06-06
2026-09-03 17:34:29,395686,yijingkang.com,100.00,CNY,2009-06-08,2027-06-08
2026-09-03 17:34:29,395686,gdhongjin.com,100.00,CNY,2020-06-07,2027-06-07
2026-09-03 17:34:29,395686,sccstpfw.com,100.00,CNY,2020-06-06,2027-06-06
2026-09-03 17:34:29,395686,daewoopaint.com,100.00,CNY,2020-06-06,2027-06-06
2026-09-03 17:34:29,395686,ahjianyou.com,100.00,CNY,2020-06-27,2027-06-27
2026-09-03 17:34:29,395686,tgtheb.com,100.00,CNY,2020-06-27,2027-06-27
2026-09-03 17:34:29,395686,aq313.com,100.00,CNY,2020-06-27,2027-06-27
2026-09-03 17:34:29,395686,315fast.com,100.00,CNY,2017-06-26,2027-06-26
2026-09-03 17:34:29,395686,shienks.com,100.00,CNY,2020-06-27,2027-06-27
2026-09-03 17:34:29,395686,jiyixian.com,100.00,CNY,2020-06-28,2027-06-28
2026-09-03 17:34:29,395686,ublcount.com,100.00,CNY,2020-06-28,2027-06-28
2026-09-03 17:34:29,395686,hbzhagang.com,100.00,CNY,2020-06-28,2027-06-28
2026-09-03 17:34:29,395686,sycdbzys.com,100.00,CNY,2020-06-28,2027-06-28
2026-09-03 17:34:29,395686,geminideal.com,100.00,CNY,2011-06-28,2027-06-28
2026-09-03 17:34:29,395686,wenbinboli.com,100.00,CNY,2020-06-28,2027-06-28
2026-09-03 17:34:29,395686,gzdfxwhg.com,100.00,CNY,2020-06-27,2027-06-27
2026-09-03 17:34:29,395686,stcdb.com,100.00,CNY,2020-06-28,2027-06-28
2026-09-03 17:34:29,395686,franklinskiarea.com,100.00,CNY,2020-06-28,2027-06-28
2026-09-03 17:34:29,395686,sh-ramadaairportpd.com,100.00,CNY,2011-06-27,2027-06-27
2026-09-03 17:34:29,395686,meidemyktwx.com,100.00,CNY,2020-06-28,2027-06-28
2026-09-03 17:34:29,395686,yes-light.com,100.00,CNY,2013-06-27,2027-06-27
2026-09-03 17:34:29,395686,hmsjjx.com,100.00,CNY,2020-06-27,2027-06-27
2026-09-03 17:34:29,395686,daijiachazi.com,100.00,CNY,2020-06-28,2027-06-28
2026-09-03 17:34:29,395686,cqhjtj.com,100.00,CNY,2020-06-29,2027-06-29
2026-09-03 17:34:29,395686,swahr.com,100.00,CNY,2020-06-28,2027-06-28
2026-09-03 17:34:29,395686,hlzyhr.com,100.00,CNY,2020-06-28,2027-06-28
2026-09-03 17:34:29,395686,szxsgjmcj.com,100.00,CNY,2020-06-29,2027-06-29
2026-09-03 17:34:29,395686,rsjrgw.com,100.00,CNY,2020-06-29,2027-06-29
2026-09-03 17:34:29,395686,dsshukong.com,100.00,CNY,2013-06-27,2027-06-27
2026-09-03 17:34:29,395686,huangxuanmenchuang.com,100.00,CNY,2017-06-28,2027-06-28
2026-09-03 17:34:29,395686,hxzsgz.com,100.00,CNY,2011-06-28,2027-06-28
2026-09-03 17:34:29,395686,hxyszs.com,100.00,CNY,2020-06-28,2027-06-28
2026-09-03 17:34:29,395686,hbwuhao186.com,100.00,CNY,2020-06-28,2027-06-28
2026-09-03 17:34:29,395686,jsritai.com,100.00,CNY,2020-06-28,2027-06-28
2026-09-03 17:34:29,395686,pgjgc.com,100.00,CNY,2020-06-28,2027-06-28
2026-09-03 17:34:29,395686,qdrdfz.com,100.00,CNY,2020-06-27,2027-06-27
2026-09-03 17:34:29,395686,gangyunqd.com,100.00,CNY,2017-06-28,2027-06-28
2026-09-03 17:34:29,395686,chiefbarter.com,100.00,CNY,2020-06-27,2027-06-27
2026-09-03 17:34:29,395686,qdrszp.com,100.00,CNY,2020-06-29,2027-06-29
2026-09-03 17:34:29,395686,qbsvirtual.com,100.00,CNY,2020-06-27,2027-06-27
2026-09-03 17:34:29,395686,ywrisun.com,100.00,CNY,2020-06-27,2027-06-27
2026-09-03 17:34:29,395686,yy1991.com,100.00,CNY,2020-06-29,2027-06-29
2026-09-03 17:34:29,395686,hztdhk.com,100.00,CNY,2020-06-28,2027-06-28
2026-09-03 17:34:29,395686,ccwaprack.com,100.00,CNY,2020-06-29,2027-06-29
2026-09-03 17:34:29,395686,sz-dxct.com,100.00,CNY,2020-06-27,2027-06-27
2026-09-03 17:34:29,395686,cqmsnkyy120.com,100.00,CNY,2020-06-29,2027-06-29
2026-09-03 17:34:29,395686,gzdsw12366.com,100.00,CNY,2017-06-29,2027-06-29
2026-09-03 17:34:29,395686,ltjlndhotel.com,100.00,CNY,2020-06-30,2027-06-30
2026-09-03 17:34:35,395686,jingxiandingjia.com,100.00,CNY,2014-06-29,2027-06-29
2026-09-03 17:34:35,395686,korealuxwj.com,100.00,CNY,2020-07-01,2027-07-01
2026-09-03 17:34:35,395686,zhuoenjj.com,100.00,CNY,2019-07-01,2027-07-01
2026-09-03 17:34:35,395686,ahrunquan.com,100.00,CNY,2020-06-30,2027-06-30
2026-09-03 17:34:35,395686,jindafur.com,100.00,CNY,2020-07-01,2027-07-01
2026-09-03 17:34:35,395686,huiqiandun.com,100.00,CNY,2020-06-30,2027-06-30
2026-09-03 17:34:35,395686,huishousao.com,100.00,CNY,2020-06-30,2027-06-30
2026-09-03 17:34:35,395686,szaysl.com,100.00,CNY,2020-06-29,2027-06-29
2026-09-03 17:34:35,395686,buylastchaosgold.com,100.00,CNY,2010-06-30,2027-06-30
2026-09-03 17:34:35,395686,13660059005.com,100.00,CNY,2020-06-30,2027-06-30
2026-09-03 17:34:35,395686,hongyulawyer.com,100.00,CNY,2018-07-02,2027-07-02
2026-09-03 17:34:35,395686,gaoduancanju.com,100.00,CNY,2015-06-30,2027-06-30
2026-09-03 17:34:35,395686,zjzh518.com,100.00,CNY,2020-06-30,2027-06-30
2026-09-03 17:34:35,395686,shrufang.com,100.00,CNY,2020-06-29,2027-06-29
2026-09-03 17:34:35,395686,wyd0931.com,100.00,CNY,2020-06-30,2027-06-30
2026-09-03 17:34:35,395686,cscalcic.com,100.00,CNY,2020-06-30,2027-06-30
2026-09-03 17:34:35,395686,jingcaibl.com,100.00,CNY,2020-06-30,2027-06-30
2026-09-03 17:34:35,395686,cddytzpx.com,100.00,CNY,2020-07-02,2027-07-02
2026-09-03 17:34:35,395686,huijinshang.com,100.00,CNY,2020-06-30,2027-06-30
2026-09-03 17:34:35,395686,haoudejc.com,100.00,CNY,2020-06-30,2027-06-30
2026-09-03 17:34:35,395686,huixiaobu.com,100.00,CNY,2020-06-30,2027-06-30
2026-09-03 17:34:35,395686,fandongpai.com,100.00,CNY,2018-07-13,2027-07-13
2026-09-03 17:34:35,395686,fzjhjx.com,100.00,CNY,2020-07-03,2027-07-03
2026-09-03 17:34:35,395686,gossipcp.com,100.00,CNY,2020-07-02,2027-07-02
2026-09-03 17:34:35,395686,hbshangen.com,100.00,CNY,2020-07-03,2027-07-03
2026-09-03 17:34:35,395686,fsxpmm.com,100.00,CNY,2020-07-04,2027-07-04
2026-09-03 17:34:35,395686,gszbwy.com,100.00,CNY,2020-07-04,2027-07-04
2026-09-03 17:34:35,395686,gdhyzdhc.com,100.00,CNY,2020-07-05,2027-07-05
2026-09-03 17:34:35,395686,haiyiyangdianlan.com,100.00,CNY,2020-07-05,2027-07-05
2026-09-03 17:34:35,395686,hetingyinshua.com,100.00,CNY,2020-07-03,2027-07-03
2026-09-03 17:34:35,395686,neko8games.com,100.00,CNY,2020-07-04,2027-07-04
2026-09-03 17:34:35,395686,pufanimasyon.com,100.00,CNY,2020-07-04,2027-07-04
2026-09-03 17:34:35,395686,thatfirstclient.com,100.00,CNY,2020-07-04,2027-07-04
2026-09-03 17:34:35,395686,xyzljy.com,100.00,CNY,2019-07-04,2027-07-04
2026-09-03 17:34:35,395686,shoofuji.com,100.00,CNY,2020-07-03,2027-07-03
2026-09-03 17:34:35,395686,mazidoufu.com,100.00,CNY,2020-07-04,2027-07-04
2026-09-03 17:34:35,395686,elitemlakofisi.com,100.00,CNY,2022-07-03,2027-07-03
2026-09-03 17:34:35,395686,jssgdbd.com,100.00,CNY,2020-07-03,2027-07-03
2026-09-03 17:34:35,395686,guillermodelmar.com,100.00,CNY,2020-07-02,2027-07-02
2026-09-03 17:34:35,395686,hbszzjwlyy.com,100.00,CNY,2017-07-03,2027-07-03
2026-09-03 17:34:35,395686,bearhugbrewing.com,100.00,CNY,2022-07-04,2027-07-04
2026-09-03 17:34:35,395686,hdmodconverter.com,100.00,CNY,2019-07-04,2027-07-04
2026-09-03 17:34:35,395686,0595ktv.com,100.00,CNY,2020-07-03,2027-07-03
2026-09-03 17:34:35,395686,ndhansen-hill.com,100.00,CNY,2022-07-04,2027-07-04
2026-09-03 17:34:35,395686,nmdqg.com,100.00,CNY,2020-07-05,2027-07-05
2026-09-03 17:34:35,395686,kulanqgw.com,100.00,CNY,2020-07-05,2027-07-05
2026-09-03 17:34:35,395686,172tjtnb.com,100.00,CNY,2020-07-05,2027-07-05
2026-09-03 17:34:35,395686,zhaodg.com,100.00,CNY,2017-07-15,2027-07-15
2026-09-03 17:34:35,395686,cemspare.com,100.00,CNY,2020-07-10,2027-07-10
2026-09-03 17:34:35,395686,dashengjf.com,100.00,CNY,2020-07-06,2027-07-06
2026-09-03 17:34:35,395686,pioengineer.com,100.00,CNY,2022-07-12,2027-07-12
2026-09-03 17:34:35,395686,sxjytq.com,100.00,CNY,2020-07-10,2027-07-10
2026-09-03 17:34:35,395686,kjakqmc.com,100.00,CNY,2020-07-09,2027-07-09
2026-09-03 17:34:35,395686,cdlsgqjf.com,100.00,CNY,2020-07-07,2027-07-07
2026-09-03 17:34:35,395686,bjqinghuaziguang.com,100.00,CNY,2019-07-07,2027-07-07
2026-09-03 17:34:35,395686,nbxiyuan.com,100.00,CNY,2020-07-07,2027-07-07
2026-09-03 17:34:35,395686,szfx998.com,100.00,CNY,2020-07-10,2027-07-10
2026-09-03 17:34:35,395686,rbnt888.com,100.00,CNY,2020-07-14,2027-07-14
2026-09-03 17:34:35,395686,hausung.com,100.00,CNY,2020-07-10,2027-07-10
2026-09-03 17:34:35,395686,023nscs.com,100.00,CNY,2020-07-10,2027-07-10
2026-09-03 17:34:35,395686,lovelotdvds.com,100.00,CNY,2020-07-15,2027-07-15
2026-09-03 17:34:35,395686,whhuaen.com,100.00,CNY,2020-07-08,2027-07-08
2026-09-03 17:34:35,395686,sz-huangguantiyu.com,100.00,CNY,2020-07-12,2027-07-12
2026-09-03 17:34:35,395686,zhifeikeji.com,100.00,CNY,2020-07-10,2027-07-10
2026-09-03 17:34:35,395686,mngrw.com,100.00,CNY,2022-07-07,2027-07-07
2026-09-03 17:34:35,395686,betabiopharm.com,100.00,CNY,2020-07-06,2027-07-06
2026-09-03 17:34:35,395686,tjjthbsb.com,100.00,CNY,2020-07-10,2027-07-10
2026-09-03 17:34:35,395686,zggslsw.com,100.00,CNY,2020-07-07,2027-07-07
2026-09-03 17:34:35,395686,cdhljq.com,100.00,CNY,2020-07-08,2027-07-08
2026-09-03 17:34:35,395686,shyongsheng56.com,100.00,CNY,2020-07-06,2027-07-06
2026-09-03 17:34:35,395686,ynxncpaq.com,100.00,CNY,2020-07-06,2027-07-06
2026-09-03 17:34:35,395686,chenruikun.com,100.00,CNY,2020-07-09,2027-07-09
2026-09-03 17:34:35,395686,hinode-autobacs.com,100.00,CNY,2022-07-08,2027-07-08
2026-09-03 17:34:35,395686,sdhadun.com,100.00,CNY,2020-07-07,2027-07-07
2026-09-03 17:34:35,395686,guoqingxuan.com,100.00,CNY,2020-07-09,2027-07-09
2026-09-03 17:34:35,395686,dianzhi123.com,100.00,CNY,2020-07-10,2027-07-10
2026-09-03 17:34:35,395686,pvc1892228.com,100.00,CNY,2020-07-07,2027-07-07
2026-09-03 17:34:35,395686,jxyuanju.com,100.00,CNY,2020-07-06,2027-07-06
2026-09-03 17:34:35,395686,zkyuanyou.com,100.00,CNY,2020-07-08,2027-07-08
2026-09-03 17:34:35,395686,qhdylkj.com,100.00,CNY,2019-07-13,2027-07-13
2026-09-03 17:34:35,395686,qingpubk.com,100.00,CNY,2017-07-12,2027-07-12
2026-09-03 17:34:35,395686,szhxdz168.com,100.00,CNY,2020-07-13,2027-07-13
2026-09-03 17:34:35,395686,huahainaicai.com,100.00,CNY,2008-07-13,2027-07-13
2026-09-03 17:34:35,395686,mlongconsulting.com,100.00,CNY,2022-07-12,2027-07-12
2026-09-03 17:34:35,395686,anneketaylor.com,100.00,CNY,2022-07-12,2027-07-12
2026-09-03 17:34:35,395686,sncbw.com,100.00,CNY,2022-07-07,2027-07-07
2026-09-03 17:34:35,395686,yuelaoliangyuan.com,100.00,CNY,2020-07-06,2027-07-06
2026-09-03 17:34:35,395686,fangzhkj.com,100.00,CNY,2020-07-06,2027-07-06
2026-09-03 17:34:35,395686,xiaomaijiage.com,100.00,CNY,2020-07-09,2027-07-09
2026-09-03 17:34:35,395686,sjzhengguang.com,100.00,CNY,2020-07-07,2027-07-07
2026-09-03 17:34:35,395686,conspiracyshirts.com,100.00,CNY,2020-07-13,2027-07-13
2026-09-03 17:34:35,395686,lcgdtfsb.com,100.00,CNY,2019-07-08,2027-07-08
2026-09-03 17:34:35,395686,clgmw.com,100.00,CNY,2022-07-07,2027-07-07
2026-09-03 17:34:35,395686,tao778.com,100.00,CNY,2020-07-07,2027-07-07
2026-09-03 17:34:35,395686,ykkangsheng.com,100.00,CNY,2020-07-08,2027-07-08
2026-09-03 17:34:35,395686,srlongcheng.com,100.00,CNY,2020-07-11,2027-07-11
2026-09-03 17:34:35,395686,collycn.com,100.00,CNY,2022-07-12,2027-07-12
2026-09-03 17:34:35,395686,arinabones.com,100.00,CNY,2022-07-13,2027-07-13
2026-09-03 17:34:35,395686,scyhepe.com,100.00,CNY,2020-07-10,2027-07-10
2026-09-03 17:34:35,395686,qipeiwuyou.com,100.00,CNY,2015-07-06,2027-07-06
2026-09-03 17:34:35,395686,huangyei.com,100.00,CNY,2020-07-10,2027-07-10
2026-09-03 17:34:35,395686,typisktorandre.com,100.00,CNY,2022-07-13,2027-07-13
2026-09-03 17:34:35,395686,efrieling.com,100.00,CNY,2022-07-12,2027-07-12
2026-09-03 17:34:35,395686,fcjtlawyer.com,100.00,CNY,2020-07-08,2027-07-08
2026-09-03 17:34:35,395686,kcpsw.com,100.00,CNY,2022-07-07,2027-07-07
2026-09-03 17:34:35,395686,yinshua8888.com,100.00,CNY,2019-07-06,2027-07-06
2026-09-03 17:34:35,395686,lxfbw.com,100.00,CNY,2022-07-07,2027-07-07
2026-09-03 17:34:35,395686,crossfitfisticuffs.com,100.00,CNY,2020-07-15,2027-07-15
2026-09-03 17:34:35,395686,gzxyhaiyu.com,100.00,CNY,2020-07-07,2027-07-07
2026-09-03 17:34:35,395686,dekangjiaosu.com,100.00,CNY,2020-07-07,2027-07-07
2026-09-03 17:34:35,395686,ljsh001.com,100.00,CNY,2020-07-06,2027-07-06
2026-09-03 17:34:35,395686,huihuaping.com,100.00,CNY,2020-07-08,2027-07-08
2026-09-03 17:34:35,395686,rodcordner.com,100.00,CNY,2022-07-13,2027-07-13
2026-09-03 17:34:35,395686,tgscw.com,100.00,CNY,2022-07-07,2027-07-07
2026-09-03 17:34:35,395686,maidehuan.com,100.00,CNY,2020-07-15,2027-07-15
2026-09-03 17:34:35,395686,jinxin598.com,100.00,CNY,2020-07-09,2027-07-09
2026-09-03 17:34:35,395686,lijiabh.com,100.00,CNY,2020-07-10,2027-07-10
2026-09-03 17:34:35,395686,kounan-ht.com,100.00,CNY,2015-07-08,2027-07-08
2026-09-03 17:34:35,395686,gzganghai.com,100.00,CNY,2020-07-06,2027-07-06
2026-09-03 17:34:35,395686,herelookapp.com,100.00,CNY,2022-07-13,2027-07-13
2026-09-03 17:34:35,395686,tjxmwjj.com,100.00,CNY,2020-07-07,2027-07-07
2026-09-03 17:34:35,395686,laozijiu.com,100.00,CNY,2017-07-19,2027-07-19
2026-09-03 17:34:35,395686,wtongxing.com,100.00,CNY,2013-07-16,2027-07-16
2026-09-03 17:34:35,395686,hhjtart.com,100.00,CNY,2020-07-16,2027-07-16
2026-09-03 17:34:35,395686,yewusoftware.com,100.00,CNY,2022-07-17,2027-07-17
2026-09-03 17:34:35,395686,jiyuandaojiao.com,100.00,CNY,2019-07-18,2027-07-18
2026-09-03 17:34:35,395686,dfangshui.com,100.00,CNY,2020-07-19,2027-07-19
2026-09-03 17:34:35,395686,justbecups.com,100.00,CNY,2022-07-17,2027-07-17
2026-09-03 17:34:35,395686,ysyd2008.com,100.00,CNY,2020-07-18,2027-07-18
2026-09-03 17:34:35,395686,eeinterim.com,100.00,CNY,2020-07-17,2027-07-17
2026-09-03 17:34:35,395686,nbbnjd.com,100.00,CNY,2020-07-17,2027-07-17
2026-09-03 17:34:35,395686,lechenwood.com,100.00,CNY,2014-07-15,2027-07-15
2026-09-03 17:34:35,395686,cnblue-sky.com,100.00,CNY,2020-07-17,2027-07-17
2026-09-03 17:34:35,395686,viralgoal.com,100.00,CNY,2022-07-17,2027-07-17
2026-09-03 17:34:35,395686,hlzhineng.com,100.00,CNY,2019-07-17,2027-07-17
2026-09-03 17:34:35,395686,levylistings.com,100.00,CNY,2022-07-17,2027-07-17
2026-09-03 17:34:35,395686,honkako.com,100.00,CNY,2020-07-16,2027-07-16
2026-09-03 17:34:35,395686,qinghualongwenshen.com,100.00,CNY,2016-07-16,2027-07-16
2026-09-03 17:34:35,395686,trofejas.com,100.00,CNY,2022-07-16,2027-07-16
2026-09-03 17:34:35,395686,hongyuzsj.com,100.00,CNY,2011-07-16,2027-07-16
2026-09-03 17:34:35,395686,softycn.com,100.00,CNY,2020-07-18,2027-07-18
2026-09-03 17:34:35,395686,jingchenglvxin.com,100.00,CNY,2019-07-16,2027-07-16
2026-09-03 17:34:35,395686,aeplasma41.com,100.00,CNY,2015-07-17,2027-07-17
2026-09-03 17:34:35,395686,mj-fanghuogelidai.com,100.00,CNY,2013-07-16,2027-07-16
2026-09-03 17:34:35,395686,cdcthg.com,100.00,CNY,2020-07-18,2027-07-18
2026-09-03 17:34:35,395686,hochzeitsvideo-berlin.com,100.00,CNY,2022-07-19,2027-07-19
2026-09-03 17:34:35,395686,szpytkd.com,100.00,CNY,2020-07-19,2027-07-19
2026-09-03 17:34:35,395686,ytbojia.com,100.00,CNY,2020-07-17,2027-07-17
2026-09-03 17:34:35,395686,zhaoel.com,100.00,CNY,2020-07-16,2027-07-16
2026-09-03 17:34:35,395686,shrili.com,100.00,CNY,2020-07-18,2027-07-18
2026-09-03 17:34:35,395686,wjsun88.com,100.00,CNY,2020-07-16,2027-07-16
2026-09-03 17:34:35,395686,zmsmdc.com,100.00,CNY,2020-07-16,2027-07-16
2026-09-03 17:34:35,395686,ktzgd.com,100.00,CNY,2020-07-18,2027-07-18
2026-09-03 17:34:35,395686,jiuruiboligang.com,100.00,CNY,2017-07-18,2027-07-18
2026-09-03 17:34:35,395686,stmxg.com,100.00,CNY,2020-07-18,2027-07-18
2026-09-03 17:34:35,395686,zhsxyhs.com,100.00,CNY,2020-07-16,2027-07-16
2026-09-03 17:34:35,395686,hi-moshop.com,100.00,CNY,2020-07-17,2027-07-17
2026-09-03 17:34:35,395686,socrandc.com,100.00,CNY,2022-07-17,2027-07-17
2026-09-03 17:34:35,395686,2008-08-08.com,100.00,CNY,2020-07-18,2027-07-18
2026-09-03 17:34:35,395686,flsui.com,100.00,CNY,2020-07-16,2027-07-16
2026-09-03 17:34:35,395686,xjsenje.com,100.00,CNY,2020-07-18,2027-07-18
2026-09-03 17:34:35,395686,yinmakebaozhuang.com,100.00,CNY,2013-07-16,2027-07-16
2026-09-03 17:34:35,395686,chouweijing.com,100.00,CNY,2013-07-16,2027-07-16
2026-09-03 17:34:35,395686,hiatussystem.com,100.00,CNY,2022-07-21,2027-07-21
2026-09-03 17:34:35,395686,0938021822.com,100.00,CNY,2020-07-20,2027-07-20
2026-09-03 17:34:35,395686,cheapestgenericsonline.com,100.00,CNY,2022-07-20,2027-07-20
2026-09-03 17:34:35,395686,thegoddialogues.com,100.00,CNY,2020-07-20,2027-07-20
2026-09-03 17:34:35,395686,pengchengzc.com,100.00,CNY,2013-07-19,2027-07-19
2026-09-03 17:34:35,395686,rileyhitt.com,100.00,CNY,2022-07-20,2027-07-20
2026-09-03 17:34:35,395686,sxjtswfood.com,100.00,CNY,2017-07-20,2027-07-20
2026-09-03 17:34:35,395686,erling8.com,100.00,CNY,2010-07-19,2027-07-19
2026-09-03 17:34:35,395686,1019dickens.com,100.00,CNY,2022-07-20,2027-07-20
2026-09-03 17:34:35,395686,almashome.com,100.00,CNY,2022-07-20,2027-07-20
2026-09-03 17:34:35,395686,nantongrx.com,100.00,CNY,2020-07-19,2027-07-19
2026-09-03 17:34:35,395686,sfsw2000.com,100.00,CNY,2022-07-20,2027-07-20
2026-09-03 17:34:35,395686,bulldogcia.com,100.00,CNY,2022-07-20,2027-07-20
2026-09-03 17:34:35,395686,modboudoir.com,100.00,CNY,2022-07-20,2027-07-20
2026-09-03 17:34:35,395686,tao9988.com,100.00,CNY,2016-07-20,2027-07-20
2026-09-03 17:34:35,395686,taizhouxinxi.com,100.00,CNY,2020-07-21,2027-07-21
2026-09-03 17:34:35,395686,mdshaf.com,100.00,CNY,2020-07-24,2027-07-24
2026-09-03 17:34:35,395686,cutmyposfees.com,100.00,CNY,2022-07-21,2027-07-21
2026-09-03 17:34:35,395686,zzyueji.com,100.00,CNY,2020-07-25,2027-07-25
2026-09-03 17:34:35,395686,elevage-ly.com,100.00,CNY,2022-07-21,2027-07-21
2026-09-03 17:34:35,395686,php64.com,100.00,CNY,2018-07-22,2027-07-22
2026-09-03 17:34:35,395686,shishangsheying.com,100.00,CNY,2013-07-22,2027-07-22
2026-09-03 17:34:35,395686,sqlserverzest.com,100.00,CNY,2020-07-23,2027-07-23
2026-09-03 17:34:35,395686,jazhld.com,100.00,CNY,2019-07-25,2027-07-25
2026-09-03 17:34:35,395686,dgjkg.com,100.00,CNY,2020-07-25,2027-07-25
2026-09-03 17:34:35,395686,13579926195.com,100.00,CNY,2011-07-22,2027-07-22
2026-09-03 17:34:35,395686,nhmdmj.com,100.00,CNY,2020-07-22,2027-07-22
2026-09-03 17:34:35,395686,15200000161.com,100.00,CNY,2022-07-23,2027-07-23
2026-09-03 17:34:35,395686,mamameifu.com,100.00,CNY,2020-07-27,2027-07-27
2026-09-03 17:34:35,395686,book8532.com,100.00,CNY,2017-07-26,2027-07-26
2026-09-03 17:34:35,395686,brazing-soldering.com,100.00,CNY,2022-07-27,2027-07-27
2026-09-03 17:34:35,395686,hnqlsf.com,100.00,CNY,2020-07-26,2027-07-26
2026-09-03 17:34:35,395686,sipo8752.com,100.00,CNY,2017-07-26,2027-07-26
2026-09-03 17:34:35,395686,brucevining.com,100.00,CNY,2020-07-21,2027-07-21
2026-09-03 17:34:35,395686,bjsjkq.com,100.00,CNY,2020-07-27,2027-07-27
2026-09-03 17:34:35,395686,banjia8532.com,100.00,CNY,2017-07-24,2027-07-24
2026-09-03 17:34:35,395686,ynlxfswh.com,100.00,CNY,2020-07-27,2027-07-27
2026-09-03 17:34:35,395686,zsbdzcgy.com,100.00,CNY,2014-07-22,2027-07-22
2026-09-03 17:34:35,395686,northpolekidsclub.com,100.00,CNY,2020-07-26,2027-07-26
2026-09-03 17:34:35,395686,jubingxdxw.com,100.00,CNY,2017-07-21,2027-07-21
2026-09-03 17:34:35,395686,tcfqkc.com,100.00,CNY,2020-07-26,2027-07-26
2026-09-03 17:34:35,395686,wfhtls.com,100.00,CNY,2014-07-24,2027-07-24
2026-09-03 17:34:35,395686,keke918.com,100.00,CNY,2019-07-22,2027-07-22
2026-09-03 17:34:35,395686,dgzeen.com,100.00,CNY,2020-07-24,2027-07-24
2026-09-03 17:34:35,395686,hbgkywj.com,100.00,CNY,2020-07-23,2027-07-23
2026-09-03 17:34:35,395686,sz-hysh.com,100.00,CNY,2015-07-30,2027-07-30
2026-09-03 17:34:35,395686,joesfamilycooking.com,100.00,CNY,2022-07-31,2027-07-31
2026-09-03 17:34:35,395686,dingcankuai.com,100.00,CNY,2022-07-31,2027-07-31
2026-09-03 17:34:35,395686,fojiaoshiye.com,100.00,CNY,2016-07-30,2027-07-30
2026-09-03 17:34:35,395686,dgweisen.com,100.00,CNY,2017-07-29,2027-07-29
2026-09-03 17:34:35,395686,wivsi.com,100.00,CNY,2022-07-29,2027-07-29
2026-09-03 17:34:35,395686,2077mail.com,100.00,CNY,2022-07-30,2027-07-30
2026-09-03 17:34:35,395686,zhongxingsujiao.com,100.00,CNY,2015-07-31,2027-07-31
2026-09-03 17:34:35,395686,syhhospital.com,100.00,CNY,2019-07-28,2027-07-28
2026-09-03 17:34:35,395686,zhaohb.com,100.00,CNY,2017-07-28,2027-07-28
2026-09-03 17:34:35,395686,gzsocom.com,100.00,CNY,2020-07-29,2027-07-29
2026-09-03 17:34:35,395686,hakunamatatatang.com,100.00,CNY,2018-07-31,2027-07-31
2026-09-03 17:34:35,395686,zhongbangal.com,100.00,CNY,2018-07-31,2027-07-31
2026-09-03 17:34:35,395686,doctorxiong.com,100.00,CNY,2016-07-27,2027-07-27
2026-09-03 17:34:35,395686,meibomifeng.com,100.00,CNY,2018-07-30,2027-07-30
2026-09-03 17:34:35,395686,hufupin556.com,100.00,CNY,2020-07-30,2027-07-30
2026-09-03 17:34:35,395686,herstoryconnection.com,100.00,CNY,2022-07-31,2027-07-31
2026-09-03 17:34:35,395686,h5moban.com,100.00,CNY,2019-07-29,2027-07-29
2026-09-03 17:34:35,395686,talentgenetic.com,100.00,CNY,2018-07-28,2027-07-28
2026-09-03 17:34:35,395686,official-masa.com,100.00,CNY,2022-07-28,2027-07-28
2026-09-03 17:34:35,395686,ztldccwx.com,100.00,CNY,2018-07-31,2027-07-31
2026-09-03 17:34:35,395686,gobindgarhclub.com,100.00,CNY,2020-07-30,2027-07-30
2026-09-03 17:34:35,395686,rzyongdashicai.com,100.00,CNY,2017-07-31,2027-07-31
2026-09-03 17:34:35,395686,junchenhunche.com,100.00,CNY,2020-07-31,2027-07-31
2026-09-03 17:34:35,395686,yuchenzhoucheng.com,100.00,CNY,2020-07-29,2027-07-29
2026-09-03 17:34:35,395686,baluowang.com,100.00,CNY,2020-08-02,2027-08-02
2026-09-03 17:34:35,395686,hhkxnj.com,100.00,CNY,2020-08-02,2027-08-02
2026-09-03 17:34:35,395686,syoku-support.com,100.00,CNY,2020-08-01,2027-08-01
2026-09-03 17:34:35,395686,yhld-nexperia.com,100.00,CNY,2020-08-01,2027-08-01
2026-09-03 17:34:35,395686,grupojoswell.com,100.00,CNY,2020-08-01,2027-08-01
2026-09-03 17:34:35,395686,ytlnwhzx.com,100.00,CNY,2020-08-02,2027-08-02
2026-09-03 17:34:35,395686,lttzdb.com,100.00,CNY,2020-08-01,2027-08-01
2026-09-03 17:34:35,395686,scvsnareline.com,100.00,CNY,2020-08-01,2027-08-01
2026-09-03 17:34:35,395686,locksmithinsparks.com,100.00,CNY,2013-08-02,2027-08-02
2026-09-03 17:34:35,395686,military-penpals.com,100.00,CNY,2020-08-01,2027-08-01
2026-09-03 17:34:35,395686,myd3item.com,100.00,CNY,2020-08-01,2027-08-01
2026-09-03 17:34:35,395686,gbrownphoto.com,100.00,CNY,2020-08-02,2027-08-02
2026-09-03 17:34:35,395686,sophieandalex.com,100.00,CNY,2020-08-02,2027-08-02
2026-09-03 17:34:35,395686,stylingbyshawna.com,100.00,CNY,2020-08-01,2027-08-01
2026-09-03 17:34:35,395686,sandrivertech.com,100.00,CNY,2020-08-01,2027-08-01
2026-09-03 17:34:35,395686,sylovis.com,100.00,CNY,2012-08-03,2027-08-03
2026-09-03 17:34:35,395686,nikkiwerner.com,100.00,CNY,2020-08-03,2027-08-03
2026-09-03 17:34:35,395686,reno8027.com,100.00,CNY,2017-08-04,2027-08-04
2026-09-03 17:34:35,395686,htpbq.com,100.00,CNY,2020-08-06,2027-08-06
2026-09-03 17:34:35,395686,sj36578.com,100.00,CNY,2020-08-04,2027-08-04
2026-09-03 17:34:35,395686,tepipefittings.com,100.00,CNY,2020-08-07,2027-08-07
2026-09-03 17:34:35,395686,lwqrcs.com,100.00,CNY,2020-08-05,2027-08-05
2026-09-03 17:34:35,395686,pcgamepoints.com,100.00,CNY,2020-08-05,2027-08-05
2026-09-03 17:34:35,395686,zghklaser.com,100.00,CNY,2020-08-06,2027-08-06
2026-09-03 17:34:35,395686,themenwhofell.com,100.00,CNY,2020-08-06,2027-08-06
2026-09-03 17:34:35,395686,cnbiaobang.com,100.00,CNY,2020-08-06,2027-08-06
2026-09-03 17:34:35,395686,mbpmfsy.com,100.00,CNY,2020-08-05,2027-08-05
2026-09-03 17:34:35,395686,diwancpa.com,100.00,CNY,2022-08-03,2027-08-03
2026-09-03 17:34:35,395686,pidaipan.com,100.00,CNY,2020-08-04,2027-08-04
2026-09-03 17:34:35,395686,52baipu.com,100.00,CNY,2022-08-07,2027-08-07
2026-09-03 17:34:35,395686,cqyoushang.com,100.00,CNY,2020-08-07,2027-08-07
2026-09-03 17:34:35,395686,tzszsjx.com,100.00,CNY,2020-08-07,2027-08-07
2026-09-03 17:34:35,395686,boli-outdoor.com,100.00,CNY,2016-08-06,2027-08-06
2026-09-03 17:34:35,395686,dlbyzyjy.com,100.00,CNY,2017-08-04,2027-08-04
2026-09-03 17:34:35,395686,sdjnsybz.com,100.00,CNY,2016-08-03,2027-08-03
2026-09-03 17:34:35,395686,homesbysheila.com,100.00,CNY,2020-08-05,2027-08-05
2026-09-03 17:34:35,395686,kevinoday.com,100.00,CNY,2020-08-04,2027-08-04
2026-09-03 17:34:35,395686,zggbzy.com,100.00,CNY,2020-08-07,2027-08-07
2026-09-03 17:34:35,395686,etherkreet.com,100.00,CNY,2020-08-05,2027-08-05
2026-09-03 17:34:35,395686,fjgszcw.com,100.00,CNY,2020-08-04,2027-08-04
2026-09-03 17:34:35,395686,neimengyingshifen.com,100.00,CNY,2020-08-05,2027-08-05
2026-09-03 17:34:35,395686,estelboada.com,100.00,CNY,2020-08-03,2027-08-03
2026-09-03 17:34:35,395686,sensesdesign-sh.com,100.00,CNY,2022-08-05,2027-08-05
2026-09-03 17:34:35,395686,shuangchengseaweed.com,100.00,CNY,2022-08-06,2027-08-06
2026-09-03 17:34:35,395686,fanjingtea.com,100.00,CNY,2020-08-07,2027-08-07
2026-09-03 17:34:35,395686,skypeincanada.com,100.00,CNY,2020-08-05,2027-08-05
2026-09-03 17:34:35,395686,jgveiculos.com,100.00,CNY,2020-08-03,2027-08-03
2026-09-03 17:34:35,395686,doulia.com,100.00,CNY,2020-08-03,2027-08-03
2026-09-03 17:34:35,395686,lgmkhjd.com,100.00,CNY,2020-08-05,2027-08-05
2026-09-03 17:34:35,395686,wqlawfirm.com,100.00,CNY,2020-08-05,2027-08-05
2026-09-03 17:34:35,395686,ntashun.com,100.00,CNY,2020-08-03,2027-08-03
2026-09-03 17:34:35,395686,dfbipsd.com,100.00,CNY,2020-08-05,2027-08-05
2026-09-03 17:34:35,395686,inusukisuki.com,100.00,CNY,2020-08-04,2027-08-04
2026-09-03 17:34:35,395686,sakimonohigai.com,100.00,CNY,2020-08-05,2027-08-05
2026-09-03 17:34:35,395686,chuliwushui.com,100.00,CNY,2020-08-04,2027-08-04
2026-09-03 17:34:35,395686,gkhmjnp.com,100.00,CNY,2020-08-05,2027-08-05
2026-09-03 17:34:35,395686,cxwdbl.com,100.00,CNY,2020-08-07,2027-08-07
2026-09-03 17:34:35,395686,sumtranmd.com,100.00,CNY,2020-08-04,2027-08-04
2026-09-03 17:34:35,395686,cadaconvention.com,100.00,CNY,2022-08-09,2027-08-09
2026-09-03 17:34:35,395686,myanmarsevenstars.com,100.00,CNY,2022-08-08,2027-08-08
2026-09-03 17:34:35,395686,lygftyk.com,100.00,CNY,2022-08-08,2027-08-08
2026-09-03 17:34:35,395686,zhiqingmm.com,100.00,CNY,2020-08-09,2027-08-09
2026-09-03 17:34:35,395686,myasianprincess.com,100.00,CNY,2020-08-08,2027-08-08
2026-09-03 17:34:35,395686,xinhejjbz.com,100.00,CNY,2020-08-08,2027-08-08
2026-09-03 17:34:35,395686,jiatui360.com,100.00,CNY,2020-08-08,2027-08-08
2026-09-03 17:34:35,395686,zhengyuancheng.com,100.00,CNY,2020-08-08,2027-08-08
2026-09-03 17:34:35,395686,yabbadabbadoodle.com,100.00,CNY,2022-08-08,2027-08-08
2026-09-03 17:34:35,395686,mandelatrilogy.com,100.00,CNY,2022-08-09,2027-08-09
2026-09-03 17:34:35,395686,mkobeissi.com,100.00,CNY,2020-08-08,2027-08-08
2026-09-03 17:34:35,395686,tentationnel.com,100.00,CNY,2020-08-07,2027-08-07
2026-09-03 17:34:35,395686,shenghui89.com,100.00,CNY,2020-08-09,2027-08-09
2026-09-03 17:34:35,395686,infodalian.com,100.00,CNY,2020-08-08,2027-08-08
2026-09-03 17:34:35,395686,thelightmed.com,100.00,CNY,2020-08-09,2027-08-09
2026-09-03 17:34:35,395686,soaringscreen.com,100.00,CNY,2020-08-09,2027-08-09
2026-09-03 17:34:35,395686,mycensusmaps.com,100.00,CNY,2004-08-09,2027-08-09
2026-09-03 17:34:35,395686,yanjiaoguanggao.com,100.00,CNY,2020-08-09,2027-08-09
2026-09-03 17:34:35,395686,guangyihuanbao.com,100.00,CNY,2020-08-09,2027-08-09
2026-09-03 17:34:35,395686,qiumitianxia.com,100.00,CNY,2020-08-10,2027-08-10
2026-09-03 17:34:35,395686,gzaodiya.com,100.00,CNY,2018-08-09,2027-08-09
2026-09-03 17:34:35,395686,yuanbaoxing.com,100.00,CNY,2020-08-09,2027-08-09
2026-09-03 17:34:35,395686,123chemeili.com,100.00,CNY,2020-08-09,2027-08-09
2026-09-03 17:34:35,395686,sz-cyi.com,100.00,CNY,2020-08-10,2027-08-10
2026-09-03 17:34:35,395686,sdrlzygs.com,100.00,CNY,2017-08-11,2027-08-11
2026-09-03 17:34:35,395686,022kongtiaoweixiu.com,100.00,CNY,2020-08-11,2027-08-11
2026-09-03 17:34:35,395686,szlgwh.com,100.00,CNY,2020-08-11,2027-08-11
2026-09-03 17:34:35,395686,renbenzhidao.com,100.00,CNY,2020-08-12,2027-08-12
2026-09-03 17:34:35,395686,jzjufeng.com,100.00,CNY,2012-08-10,2027-08-10
2026-09-03 17:34:35,395686,demingjisu.com,100.00,CNY,2020-08-11,2027-08-11
2026-09-03 17:34:35,395686,fkr136.com,100.00,CNY,2020-08-11,2027-08-11
2026-09-03 17:34:35,395686,liaochenglvyou.com,100.00,CNY,2017-08-11,2027-08-11
2026-09-03 17:34:35,395686,hnflj.com,100.00,CNY,2020-08-10,2027-08-10
2026-09-03 17:34:35,395686,lingtu99.com,100.00,CNY,2022-08-12,2027-08-12
2026-09-03 17:34:35,395686,secondaryimages.com,100.00,CNY,2020-08-10,2027-08-10
2026-09-03 17:34:35,395686,yunhuafurui.com,100.00,CNY,2020-08-11,2027-08-11
2026-09-03 17:34:35,395686,tractorpartsunlimited.com,100.00,CNY,2022-08-10,2027-08-10
2026-09-03 17:34:35,395686,guangzhouniqiao.com,100.00,CNY,2015-08-11,2027-08-11
2026-09-03 17:34:35,395686,51taiwanziyouxing.com,100.00,CNY,2022-08-19,2027-08-19
2026-09-03 17:34:35,395686,hs-kaiyue.com,100.00,CNY,2019-08-12,2027-08-12
2026-09-03 17:34:35,395686,pmjizhe.com,100.00,CNY,2020-08-12,2027-08-12
2026-09-03 17:34:35,395686,tjgongxiang.com,100.00,CNY,2014-08-15,2027-08-15
2026-09-03 17:34:35,395686,yikangyiyuan.com,100.00,CNY,2017-08-14,2027-08-14
2026-09-03 17:34:35,395686,tj388.com,100.00,CNY,2018-08-12,2027-08-12
2026-09-03 17:34:35,395686,zgfenglinshi.com,100.00,CNY,2020-08-13,2027-08-13
2026-09-03 17:34:35,395686,shjiahezs.com,100.00,CNY,2016-08-15,2027-08-15
2026-09-03 17:34:35,395686,yonghengdz.com,100.00,CNY,2020-08-15,2027-08-15
2026-09-03 17:34:35,395686,fcjinding.com,100.00,CNY,2020-08-13,2027-08-13
2026-09-03 17:34:35,395686,wzwenxing.com,100.00,CNY,2020-08-14,2027-08-14
2026-09-03 17:34:35,395686,sflljx.com,100.00,CNY,2020-08-13,2027-08-13
2026-09-03 17:34:35,395686,xinwei818.com,100.00,CNY,2020-08-13,2027-08-13
2026-09-03 17:34:35,395686,guangyaohb.com,100.00,CNY,2017-08-14,2027-08-14
2026-09-03 17:34:35,395686,msxuex.com,100.00,CNY,2020-08-12,2027-08-12
2026-09-03 17:34:35,395686,changzhou123.com,100.00,CNY,2018-08-14,2027-08-14
2026-09-03 17:34:35,395686,coolpopo.com,100.00,CNY,2020-08-16,2027-08-16
2026-09-03 17:34:35,395686,52mxdsf.com,100.00,CNY,2019-08-14,2027-08-14
2026-09-03 17:34:35,395686,0898hnrp.com,100.00,CNY,2020-08-13,2027-08-13
2026-09-03 17:34:35,395686,csbhjgw.com,100.00,CNY,2020-08-15,2027-08-15
2026-09-03 17:34:35,395686,sibianduxing.com,100.00,CNY,2020-08-15,2027-08-15
2026-09-03 17:34:35,395686,yunjinmumen.com,100.00,CNY,2020-08-12,2027-08-12
2026-09-03 17:34:35,395686,mummyrent.com,100.00,CNY,2019-08-14,2027-08-14
2026-09-03 17:34:35,395686,arthuntr.com,100.00,CNY,2018-08-13,2027-08-13
2026-09-03 17:34:35,395686,ddsongben.com,100.00,CNY,2020-08-14,2027-08-14
2026-09-03 17:34:35,395686,hkmtc678.com,100.00,CNY,2020-08-18,2027-08-18
2026-09-03 17:34:35,395686,dawonengco.com,100.00,CNY,2022-08-17,2027-08-17
2026-09-03 17:34:35,395686,czjiaao.com,100.00,CNY,2020-08-16,2027-08-16
2026-09-03 17:34:35,395686,yynyhzs.com,100.00,CNY,2022-08-16,2027-08-16
2026-09-03 17:34:35,395686,duckholerecords.com,100.00,CNY,2020-08-17,2027-08-17
2026-09-03 17:34:35,395686,txhuaxing.com,100.00,CNY,2020-08-18,2027-08-18
2026-09-03 17:34:35,395686,jiahereli.com,100.00,CNY,2020-08-17,2027-08-17
2026-09-03 17:34:35,395686,lsydxt.com,100.00,CNY,2020-08-16,2027-08-16
2026-09-03 17:34:35,395686,shandongking.com,100.00,CNY,2020-08-17,2027-08-17
2026-09-03 17:34:35,395686,xuanfan-ainajie.com,100.00,CNY,2018-08-18,2027-08-18
2026-09-03 17:34:35,395686,bjsenyumy.com,100.00,CNY,2020-08-18,2027-08-18
2026-09-03 17:34:35,395686,wajcsl.com,100.00,CNY,2020-08-20,2027-08-20
2026-09-03 17:34:35,395686,jhyxfgs.com,100.00,CNY,2022-08-19,2027-08-19
2026-09-03 17:34:35,395686,cstongya.com,100.00,CNY,2020-08-20,2027-08-20
2026-09-03 17:34:35,395686,yunshengec.com,100.00,CNY,2020-08-20,2027-08-20
2026-09-03 17:34:35,395686,zhaojv.com,100.00,CNY,2020-08-20,2027-08-20
2026-09-03 17:34:35,395686,fscfw.com,100.00,CNY,2012-08-21,2027-08-21
2026-09-03 17:34:35,395686,cqycscm.com,100.00,CNY,2020-08-18,2027-08-18
2026-09-03 17:34:35,395686,shandongxinhefeng.com,100.00,CNY,2020-08-20,2027-08-20
2026-09-03 17:34:35,395686,sxznie.com,100.00,CNY,2022-08-20,2027-08-20
2026-09-03 17:34:35,395686,szs-jhy.com,100.00,CNY,2020-08-19,2027-08-19
2026-09-03 17:34:35,395686,mltiens.com,100.00,CNY,2020-08-20,2027-08-20
2026-09-03 17:34:35,395686,martialartsmg.com,100.00,CNY,2022-08-19,2027-08-19
2026-09-03 17:34:35,395686,zgxf315sc.com,100.00,CNY,2020-08-20,2027-08-20
2026-09-03 17:34:35,395686,yingduofei.com,100.00,CNY,2018-07-20,2027-07-20
2026-09-03 17:34:35,395686,wulongsb.com,100.00,CNY,2022-08-25,2027-08-25
2026-09-03 17:34:35,395686,yqxhd.com,100.00,CNY,2019-08-23,2027-08-23
2026-09-03 17:34:35,395686,warrenmeneely.com,100.00,CNY,2022-08-23,2027-08-23
2026-09-03 17:34:35,395686,carlosmelobrito.com,100.00,CNY,2022-08-23,2027-08-23
2026-09-03 17:34:35,395686,msxhd.com,100.00,CNY,2019-08-23,2027-08-23
2026-09-03 17:34:35,395686,tcxhd.com,100.00,CNY,2019-08-23,2027-08-23
2026-09-03 17:34:35,395686,laozishuiyebufu.com,100.00,CNY,2017-08-24,2027-08-24
2026-09-03 17:34:35,395686,xintai2qc.com,100.00,CNY,2020-08-24,2027-08-24
2026-09-03 17:34:35,395686,wwxhd.com,100.00,CNY,2019-08-23,2027-08-23
2026-09-03 17:34:35,395686,jmsxhd.com,100.00,CNY,2019-08-23,2027-08-23
2026-09-03 17:34:35,395686,hcxhd.com,100.00,CNY,2019-08-23,2027-08-23
2026-09-03 17:34:35,395686,cqxhsd.com,100.00,CNY,2018-08-25,2027-08-25
2026-09-03 17:34:35,395686,gaxhd.com,100.00,CNY,2019-08-23,2027-08-23
2026-09-03 17:34:35,395686,yinalifei.com,100.00,CNY,2016-08-24,2027-08-24
2026-09-03 17:34:35,395686,snxhd.com,100.00,CNY,2019-08-23,2027-08-23
2026-09-03 17:34:35,395686,mdjxhd.com,100.00,CNY,2019-08-23,2027-08-23
2026-09-03 17:34:35,395686,jqxhd.com,100.00,CNY,2019-08-23,2027-08-23
2026-09-03 17:34:35,395686,jygxhd.com,100.00,CNY,2019-08-23,2027-08-23
2026-09-03 17:34:35,395686,lbxhd.com,100.00,CNY,2019-08-23,2027-08-23
2026-09-03 17:34:35,395686,moreroomtile.com,100.00,CNY,2016-08-24,2027-08-24
2026-09-03 17:34:35,395686,ljxhd.com,100.00,CNY,2019-08-23,2027-08-23
2026-09-03 17:34:35,395686,plxhd.com,100.00,CNY,2019-08-23,2027-08-23
2026-09-03 17:34:35,395686,tsxhw.com,100.00,CNY,2017-08-26,2027-08-26
2026-09-03 17:34:35,395686,sjjafire.com,100.00,CNY,2022-08-27,2027-08-27
2026-09-03 17:34:35,395686,yhszgs.com,100.00,CNY,2020-08-27,2027-08-27
2026-09-03 17:34:35,395686,yongidea.com,100.00,CNY,2015-08-25,2027-08-25
2026-09-03 17:34:35,395686,polkafinancial.com,100.00,CNY,2020-08-25,2027-08-25
2026-09-03 17:34:35,395686,riaspengantinbogor.com,100.00,CNY,2022-08-25,2027-08-25
2026-09-03 17:34:35,395686,rodjendanskeporuke.com,100.00,CNY,2022-08-25,2027-08-25
2026-09-03 17:34:35,395686,tianpingszhotel.com,100.00,CNY,2020-08-27,2027-08-27
2026-09-03 17:34:35,395686,qudouzx.com,100.00,CNY,2015-08-27,2027-08-27
2026-09-03 17:34:35,395686,whhandy.com,100.00,CNY,2020-08-27,2027-08-27
2026-09-03 17:34:35,395686,mytcfw.com,100.00,CNY,2016-08-27,2027-08-27
2026-09-03 17:34:35,395686,mulberrydariabag.com,100.00,CNY,2022-08-27,2027-08-27
2026-09-03 17:34:35,395686,polkainsurance.com,100.00,CNY,2020-08-25,2027-08-25
2026-09-03 17:34:35,395686,speak-your-vision.com,100.00,CNY,2022-08-27,2027-08-27
2026-09-03 17:34:35,395686,shspc168.com,100.00,CNY,2020-08-26,2027-08-26
2026-09-03 17:34:35,395686,wcxhd.com,100.00,CNY,2019-08-27,2027-08-27
2026-09-03 17:34:35,395686,existence-ocean.com,100.00,CNY,2022-08-29,2027-08-29
2026-09-03 17:34:35,395686,dlqcjy.com,100.00,CNY,2006-08-28,2027-08-28
2026-09-03 17:34:35,395686,sublimecinevision.com,100.00,CNY,2022-08-29,2027-08-29
2026-09-03 17:34:35,395686,alesiaonline.com,100.00,CNY,2022-08-30,2027-08-30
2026-09-03 17:34:35,395686,51summer.com,100.00,CNY,2020-08-30,2027-08-30
2026-09-03 17:34:35,395686,028995.com,100.00,CNY,2015-09-02,2027-09-02
2026-09-03 17:34:35,395686,bdhfzjlg.com,100.00,CNY,2021-09-05,2027-09-05
2026-09-03 17:34:35,395686,hbmaoshuo.com,100.00,CNY,2021-09-08,2027-09-08
2026-09-03 17:34:35,395686,wzqctyyp.com,100.00,CNY,2021-09-10,2027-09-10
2026-09-03 17:34:35,395686,qimengmall.com,100.00,CNY,2020-09-07,2027-09-07
2026-09-03 17:34:35,395686,tjbaodeli.com,100.00,CNY,2020-09-07,2027-09-07
2026-09-03 17:34:35,395686,lunwenoww.com,100.00,CNY,2017-09-08,2027-09-08
2026-09-03 17:34:35,395686,zhongshanxifei.com,100.00,CNY,2019-09-06,2027-09-06
2026-09-03 17:34:35,395686,sdbaolaiya.com,100.00,CNY,2017-09-14,2027-09-14
2026-09-03 17:34:35,395686,lchskqs.com,100.00,CNY,2014-09-14,2027-09-14
2026-09-03 17:34:35,395686,yxssmx.com,100.00,CNY,2021-09-11,2027-09-11
2026-09-03 17:34:35,395686,kawajiri-cl.com,100.00,CNY,2007-09-12,2027-09-12
2026-09-03 17:34:35,395686,hbyimei.com,100.00,CNY,2014-09-15,2027-09-15
2026-09-03 17:34:35,395686,suzhouweihu.com,100.00,CNY,2021-09-11,2027-09-11
2026-09-03 17:34:35,395686,chanyimf.com,100.00,CNY,2021-09-11,2027-09-11
2026-09-03 17:34:35,395686,zhonghuaigongsi.com,100.00,CNY,2022-09-13,2027-09-13
2026-09-03 17:34:35,395686,ntybag.com,100.00,CNY,2020-08-12,2027-08-12
2026-09-03 17:34:35,395686,leso8.com,100.00,CNY,2016-09-28,2027-09-28
2026-09-03 17:34:35,395686,yalongqiyun.com,100.00,CNY,2016-09-26,2027-09-26
2026-09-03 17:34:35,395686,zjlyjf.com,100.00,CNY,2020-09-30,2027-09-30
2026-09-03 17:34:35,395686,ishuidian.com,100.00,CNY,2014-09-26,2027-09-26
2026-09-03 17:34:35,395686,lmdk01.com,100.00,CNY,2014-09-17,2027-09-17
2026-09-03 17:34:35,395686,dlxstongfeng.com,100.00,CNY,2020-09-16,2027-09-16
2026-09-03 17:34:35,395686,xsjkr.com,100.00,CNY,2020-09-29,2027-09-29
2026-09-03 17:34:35,395686,monit8510.com,100.00,CNY,2017-09-30,2027-09-30
2026-09-03 17:34:35,395686,vegasvideoxxx.com,100.00,CNY,2022-09-27,2027-09-27
2026-09-03 17:34:35,395686,abcunitedstates.com,100.00,CNY,2022-09-28,2027-09-28
2026-09-03 17:34:35,395686,enlude.com,100.00,CNY,2019-08-26,2027-08-26
2026-09-03 17:34:35,395686,ynanwo.com,100.00,CNY,2020-08-28,2027-08-28
2026-09-03 17:34:35,395686,gzdccx.com,100.00,CNY,2018-09-05,2027-09-05
2026-09-03 17:34:35,395686,cq02310010.com,100.00,CNY,2022-09-13,2027-09-13
2026-09-03 17:34:35,395686,nnxunchong.com,100.00,CNY,2022-09-14,2027-09-14
2026-09-03 17:34:35,395686,jhgdyxgs.com,100.00,CNY,2022-09-14,2027-09-14
2026-09-03 17:34:35,395686,hnlstgc.com,100.00,CNY,2022-09-14,2027-09-14
2026-09-03 17:34:35,395686,zxqyfszwh.com,100.00,CNY,2022-09-15,2027-09-15
2026-09-03 17:34:35,395686,glhuanshi.com,100.00,CNY,2022-09-16,2027-09-16
2026-09-03 17:34:35,395686,hskdq.com,100.00,CNY,2015-09-18,2027-09-18
2026-09-03 17:34:35,395686,fqtydf.com,100.00,CNY,2018-09-20,2027-09-20
2026-09-03 17:34:35,395686,xjprps.com,100.00,CNY,2020-08-14,2027-08-14
2026-09-03 17:34:35,395686,cntongtongmodel.com,100.00,CNY,2014-12-16,2026-12-16
2026-09-03 17:34:35,395686,cleanroomcloth.com,100.00,CNY,2021-12-17,2026-12-17
2026-09-03 17:34:35,395686,68hui.com,100.00,CNY,2013-12-16,2026-12-16
2026-09-03 17:34:35,395686,lyqiaoan.com,100.00,CNY,2019-12-17,2026-12-17
2026-09-03 17:34:35,395686,iplaycn.com,100.00,CNY,2013-12-17,2026-12-17
2026-09-03 17:34:35,395686,powervtech.com,100.00,CNY,2014-12-17,2026-12-17
2026-09-03 17:34:35,395686,pudbz.com,100.00,CNY,2015-12-17,2026-12-17
2026-09-03 17:34:35,395686,lujinshangmao.com,100.00,CNY,2019-12-15,2026-12-15
2026-09-03 17:34:35,395686,njbaoding.com,100.00,CNY,2013-12-17,2026-12-17
2026-09-03 17:34:35,395686,bgzjw.com,100.00,CNY,2014-12-17,2026-12-17
2026-09-03 17:34:35,395686,wifiwm.com,100.00,CNY,2019-12-22,2026-12-22
2026-09-03 17:34:35,395686,822578.com,100.00,CNY,2021-12-22,2026-12-22
2026-09-03 17:34:35,395686,thelampcenter.com,100.00,CNY,2021-12-22,2026-12-22
2026-09-03 17:34:35,395686,821998.com,100.00,CNY,2021-12-22,2026-12-22
2026-09-03 17:34:35,395686,817798.com,100.00,CNY,2021-12-22,2026-12-22
2026-09-03 17:34:35,395686,newrymotorworks.com,100.00,CNY,2021-12-22,2026-12-22
2026-09-03 17:34:35,395686,kevinmichaelwilson.com,100.00,CNY,2020-12-18,2026-12-18
2026-09-03 17:34:35,395686,whsjys.com,100.00,CNY,2013-12-22,2026-12-22
2026-09-03 17:34:35,395686,821978.com,100.00,CNY,2021-12-22,2026-12-22
2026-09-03 17:34:35,395686,821268.com,100.00,CNY,2021-12-22,2026-12-22
2026-09-03 17:34:35,395686,vioivo.com,100.00,CNY,2021-12-22,2026-12-22
2026-09-03 17:34:35,395686,oakmontconsultants.com,100.00,CNY,2021-12-18,2026-12-18
2026-09-03 17:34:35,395686,816768.com,100.00,CNY,2021-12-22,2026-12-22
2026-09-03 17:34:35,395686,dolceloungevip.com,100.00,CNY,2021-12-22,2026-12-22
2026-09-03 17:34:35,395686,hxywpf.com,100.00,CNY,2017-12-18,2026-12-18
2026-09-03 17:34:35,395686,825398.com,100.00,CNY,2021-12-22,2026-12-22
2026-09-03 17:34:35,395686,823518.com,100.00,CNY,2021-12-22,2026-12-22
2026-09-03 17:34:35,395686,818358.com,100.00,CNY,2021-12-22,2026-12-22
2026-09-03 17:34:35,395686,817698.com,100.00,CNY,2021-12-22,2026-12-22
2026-09-03 17:34:35,395686,tsingfan.com,100.00,CNY,2015-12-17,2026-12-17
2026-09-03 17:34:35,395686,819598.com,100.00,CNY,2021-12-22,2026-12-22
2026-09-03 17:34:35,395686,fsdaylead.com,100.00,CNY,2017-12-21,2026-12-21
2026-09-03 17:34:35,395686,belowmarketland.com,100.00,CNY,2021-12-18,2026-12-18
2026-09-03 17:34:35,395686,825138.com,100.00,CNY,2021-12-22,2026-12-22
2026-09-03 17:34:35,395686,822938.com,100.00,CNY,2021-12-22,2026-12-22
2026-09-03 17:34:35,395686,817598.com,100.00,CNY,2021-12-22,2026-12-22
2026-09-03 17:34:35,395686,821778.com,100.00,CNY,2021-12-22,2026-12-22
2026-09-03 17:34:35,395686,evtcloudservices.com,100.00,CNY,2021-12-26,2026-12-26
2026-09-03 17:34:35,395686,foammacheinery.com,100.00,CNY,2019-12-23,2026-12-23
2026-09-03 17:34:40,395686,839598.com,100.00,CNY,2021-12-23,2026-12-23
2026-09-03 17:34:40,395686,881572.com,100.00,CNY,2021-12-23,2026-12-23
2026-09-03 17:34:40,395686,861638.com,100.00,CNY,2021-12-24,2026-12-24
2026-09-03 17:34:40,395686,779658.com,100.00,CNY,2021-12-26,2026-12-26
2026-09-03 17:34:40,395686,827758.com,100.00,CNY,2021-12-23,2026-12-23
2026-09-03 17:34:40,395686,837338.com,100.00,CNY,2021-12-23,2026-12-23
2026-09-03 17:34:40,395686,861578.com,100.00,CNY,2021-12-24,2026-12-24
2026-09-03 17:34:40,395686,829368.com,100.00,CNY,2021-12-23,2026-12-23
2026-09-03 17:34:40,395686,873268.com,100.00,CNY,2021-12-24,2026-12-24
2026-09-03 17:34:40,395686,871968.com,100.00,CNY,2021-12-24,2026-12-24
2026-09-03 17:34:40,395686,875528.com,100.00,CNY,2021-12-24,2026-12-24
2026-09-03 17:34:40,395686,871298.com,100.00,CNY,2021-12-24,2026-12-24
2026-09-03 17:34:40,395686,862198.com,100.00,CNY,2021-12-24,2026-12-24
2026-09-03 17:34:40,395686,851528.com,100.00,CNY,2021-12-23,2026-12-23
2026-09-03 17:34:40,395686,xingangwangye.com,100.00,CNY,2019-12-26,2026-12-26
2026-09-03 17:34:40,395686,motherhoodismagic.com,100.00,CNY,2021-12-24,2026-12-24
2026-09-03 17:34:40,395686,875128.com,100.00,CNY,2021-12-24,2026-12-24
2026-09-03 17:34:40,395686,871258.com,100.00,CNY,2021-12-24,2026-12-24
2026-09-03 17:34:40,395686,865368.com,100.00,CNY,2021-12-24,2026-12-24
2026-09-03 17:34:40,395686,869628.com,100.00,CNY,2021-12-24,2026-12-24
2026-09-03 17:34:40,395686,oliviamichelle.com,100.00,CNY,2021-12-25,2026-12-25
2026-09-03 17:34:40,395686,835198.com,100.00,CNY,2021-12-23,2026-12-23
2026-09-03 17:34:40,395686,863268.com,100.00,CNY,2021-12-24,2026-12-24
2026-09-03 17:34:40,395686,839778.com,100.00,CNY,2021-12-23,2026-12-23
2026-09-03 17:34:40,395686,778378.com,100.00,CNY,2021-12-26,2026-12-26
2026-09-03 17:34:40,395686,866738.com,100.00,CNY,2021-12-24,2026-12-24
2026-09-03 17:34:40,395686,851298.com,100.00,CNY,2021-12-23,2026-12-23
2026-09-03 17:34:40,395686,855398.com,100.00,CNY,2021-12-23,2026-12-23
2026-09-03 17:34:40,395686,851828.com,100.00,CNY,2021-12-23,2026-12-23
2026-09-03 17:34:40,395686,865278.com,100.00,CNY,2021-12-24,2026-12-24
2026-09-03 17:34:40,395686,836978.com,100.00,CNY,2021-12-23,2026-12-23
2026-09-03 17:34:40,395686,838278.com,100.00,CNY,2021-12-23,2026-12-23
2026-09-03 17:34:40,395686,872958.com,100.00,CNY,2021-12-24,2026-12-24
2026-09-03 17:34:40,395686,862968.com,100.00,CNY,2021-12-24,2026-12-24
2026-09-03 17:34:40,395686,graciefightermma.com,100.00,CNY,2021-12-25,2026-12-25
2026-09-03 17:34:40,395686,877578.com,100.00,CNY,2021-12-26,2026-12-26
2026-09-03 17:34:40,395686,875798.com,100.00,CNY,2021-12-26,2026-12-26
2026-09-03 17:34:40,395686,861528.com,100.00,CNY,2021-12-24,2026-12-24
2026-09-03 17:34:40,395686,875698.com,100.00,CNY,2021-12-26,2026-12-26
2026-09-03 17:34:40,395686,madisonsrepublic.com,100.00,CNY,2021-12-25,2026-12-25
2026-09-03 17:34:40,395686,829268.com,100.00,CNY,2021-12-23,2026-12-23
2026-09-03 17:34:40,395686,836998.com,100.00,CNY,2021-12-23,2026-12-23
2026-09-03 17:34:40,395686,875398.com,100.00,CNY,2021-12-24,2026-12-24
2026-09-03 17:34:40,395686,lynchburglegendsaba.com,100.00,CNY,2021-12-23,2026-12-23
2026-09-03 17:34:40,395686,idingbei.com,100.00,CNY,2017-12-26,2026-12-26
2026-09-03 17:34:40,395686,875368.com,100.00,CNY,2021-12-24,2026-12-24
2026-09-03 17:34:40,395686,859768.com,100.00,CNY,2021-12-24,2026-12-24
2026-09-03 17:34:40,395686,876968.com,100.00,CNY,2021-12-26,2026-12-26
2026-09-03 17:34:40,395686,875968.com,100.00,CNY,2021-12-26,2026-12-26
2026-09-03 17:34:40,395686,867928.com,100.00,CNY,2021-12-24,2026-12-24
2026-09-03 17:34:40,395686,855738.com,100.00,CNY,2021-12-23,2026-12-23
2026-09-03 17:34:40,395686,865198.com,100.00,CNY,2021-12-24,2026-12-24
2026-09-03 17:34:40,395686,896268.com,100.00,CNY,2021-12-28,2026-12-28
2026-09-03 17:34:40,395686,776718.com,100.00,CNY,2021-12-27,2026-12-27
2026-09-03 17:34:40,395686,897228.com,100.00,CNY,2021-12-28,2026-12-28
2026-09-03 17:34:40,395686,335878.com,100.00,CNY,2021-12-28,2026-12-28
2026-09-03 17:34:40,395686,3mimi.com,100.00,CNY,2021-12-27,2026-12-27
2026-09-03 17:34:40,395686,772198.com,100.00,CNY,2021-12-27,2026-12-27
2026-09-03 17:34:40,395686,332768.com,100.00,CNY,2021-12-28,2026-12-28
2026-09-03 17:34:40,395686,879918.com,100.00,CNY,2021-12-26,2026-12-26
2026-09-03 17:34:40,395686,776798.com,100.00,CNY,2021-12-27,2026-12-27
2026-09-03 17:34:40,395686,332918.com,100.00,CNY,2021-12-28,2026-12-28
2026-09-03 17:34:40,395686,337298.com,100.00,CNY,2021-12-28,2026-12-28
2026-09-03 17:34:40,395686,556298.com,100.00,CNY,2021-12-28,2026-12-28
2026-09-03 17:34:40,395686,663528.com,100.00,CNY,2021-12-28,2026-12-28
2026-09-03 17:34:40,395686,belles-gemmes.com,100.00,CNY,2021-12-29,2026-12-29
2026-09-03 17:34:40,395686,337378.com,100.00,CNY,2021-12-28,2026-12-28
2026-09-03 17:34:40,395686,812833.com,100.00,CNY,2021-12-28,2026-12-28
2026-09-03 17:34:40,395686,fenglimei.com,100.00,CNY,2019-12-27,2026-12-27
2026-09-03 17:34:40,395686,lgqzjt.com,100.00,CNY,2022-12-30,2026-12-30
2026-09-03 17:34:40,395686,669258.com,100.00,CNY,2021-12-28,2026-12-28
2026-09-03 17:34:40,395686,yyhwyp.com,100.00,CNY,2022-12-28,2026-12-28
2026-09-03 17:34:40,395686,772978.com,100.00,CNY,2021-12-27,2026-12-27
2026-09-03 17:34:40,395686,669698.com,100.00,CNY,2021-12-28,2026-12-28
2026-09-03 17:34:40,395686,225328.com,100.00,CNY,2021-12-28,2026-12-28
2026-09-03 17:34:40,395686,115898.com,100.00,CNY,2021-12-28,2026-12-28
2026-09-03 17:34:40,395686,877928.com,100.00,CNY,2021-12-26,2026-12-26
2026-09-03 17:34:40,395686,337358.com,100.00,CNY,2021-12-28,2026-12-28
2026-09-03 17:34:40,395686,992328.com,100.00,CNY,2021-12-26,2026-12-26
2026-09-03 17:34:40,395686,331928.com,100.00,CNY,2021-12-28,2026-12-28
2026-09-03 17:34:40,395686,227658.com,100.00,CNY,2021-12-28,2026-12-28
2026-09-03 17:34:40,395686,773638.com,100.00,CNY,2021-12-27,2026-12-27
2026-09-03 17:34:40,395686,wheelhouse-software.com,100.00,CNY,2021-12-29,2026-12-29
2026-09-03 17:34:40,395686,993658.com,100.00,CNY,2021-12-26,2026-12-26
2026-09-03 17:34:40,395686,773278.com,100.00,CNY,2021-12-27,2026-12-27
2026-09-03 17:34:40,395686,775658.com,100.00,CNY,2021-12-27,2026-12-27
2026-09-03 17:34:40,395686,992928.com,100.00,CNY,2021-12-26,2026-12-26
2026-09-03 17:34:40,395686,996878.com,100.00,CNY,2021-12-26,2026-12-26
2026-09-03 17:34:40,395686,116528.com,100.00,CNY,2021-12-28,2026-12-28
2026-09-03 17:34:40,395686,mooreftfreebies.com,100.00,CNY,2021-12-29,2026-12-29
2026-09-03 17:34:40,395686,hedgieshotstuff.com,100.00,CNY,2021-12-29,2026-12-29
2026-09-03 17:34:40,395686,117358.com,100.00,CNY,2021-12-28,2026-12-28
2026-09-03 17:34:40,395686,772758.com,100.00,CNY,2021-12-27,2026-12-27
2026-09-03 17:34:40,395686,226958.com,100.00,CNY,2021-12-28,2026-12-28
2026-09-03 17:34:40,395686,776898.com,100.00,CNY,2021-12-28,2026-12-28
2026-09-03 17:34:40,395686,772578.com,100.00,CNY,2021-12-27,2026-12-27
2026-09-03 17:34:40,395686,225178.com,100.00,CNY,2021-12-28,2026-12-28
2026-09-03 17:34:40,395686,772598.com,100.00,CNY,2021-12-27,2026-12-27
2026-09-03 17:34:40,395686,226718.com,100.00,CNY,2021-12-28,2026-12-28
2026-09-03 17:34:40,395686,221878.com,100.00,CNY,2021-12-28,2026-12-28
2026-09-03 17:34:40,395686,997368.com,100.00,CNY,2021-12-26,2026-12-26
2026-09-03 17:34:40,395686,kingpongproductions.com,100.00,CNY,2021-12-29,2026-12-29
2026-09-03 17:34:40,395686,997318.com,100.00,CNY,2021-12-26,2026-12-26
2026-09-03 17:34:40,395686,226828.com,100.00,CNY,2021-12-28,2026-12-28
2026-09-03 17:34:40,395686,992868.com,100.00,CNY,2021-12-26,2026-12-26
2026-09-03 17:34:40,395686,892668.com,100.00,CNY,2021-12-28,2026-12-28
2026-09-03 17:34:40,395686,893968.com,100.00,CNY,2021-12-28,2026-12-28
2026-09-03 17:34:40,395686,qxsf99.com,100.00,CNY,2021-12-31,2026-12-31
2026-09-03 17:34:40,395686,113758.com,100.00,CNY,2021-12-28,2026-12-28
2026-09-03 17:34:40,395686,851898.com,100.00,CNY,2021-12-28,2026-12-28
2026-09-03 17:34:40,395686,557198.com,100.00,CNY,2021-12-28,2026-12-28
2026-09-03 17:34:40,395686,771278.com,100.00,CNY,2021-12-28,2026-12-28
2026-09-03 17:34:40,395686,51qgjx.com,100.00,CNY,2022-01-07,2027-01-07
2026-09-03 17:34:40,395686,gdhaozhuyangzhi.com,100.00,CNY,2022-01-13,2027-01-13
2026-09-03 17:34:40,395686,artmovementstudios.com,100.00,CNY,2022-01-11,2027-01-11
2026-09-03 17:34:40,395686,carstation-niigata.com,100.00,CNY,2022-01-05,2027-01-05
2026-09-03 17:34:40,395686,postgazett.com,100.00,CNY,2022-01-06,2027-01-06
2026-09-03 17:34:40,395686,fizzinstrumentation.com,100.00,CNY,2022-01-05,2027-01-05
2026-09-03 17:34:40,395686,097207.com,100.00,CNY,2022-01-16,2027-01-16
2026-09-03 17:34:40,395686,metalicasorduz.com,100.00,CNY,2022-01-10,2027-01-10
2026-09-03 17:34:40,395686,gongjinfangzhi.com,100.00,CNY,2022-01-16,2027-01-16
2026-09-03 17:34:40,395686,njseastar.com,100.00,CNY,2020-01-07,2027-01-07
2026-09-03 17:34:40,395686,hrbhantangjiaoyu.com,100.00,CNY,2020-01-04,2027-01-04
2026-09-03 17:34:40,395686,szthpy.com,100.00,CNY,2020-01-01,2027-01-01
2026-09-03 17:34:40,395686,blogmadres.com,100.00,CNY,2022-01-13,2027-01-13
2026-09-03 17:34:40,395686,headlineslocal.com,100.00,CNY,2022-01-16,2027-01-16
2026-09-03 17:34:40,395686,anchorpointgreenhousellc.com,100.00,CNY,2015-01-15,2027-01-15
2026-09-03 17:34:40,395686,taoxintel.com,100.00,CNY,2022-01-14,2027-01-14
2026-09-03 17:34:40,395686,non855.com,100.00,CNY,2022-01-14,2027-01-14
2026-09-03 17:34:40,395686,xianaodili.com,100.00,CNY,2022-01-17,2027-01-17
2026-09-03 17:34:40,395686,onestopclock.com,100.00,CNY,2022-01-16,2027-01-16
2026-09-03 17:34:40,395686,meijin-hardware.com,100.00,CNY,2022-01-13,2027-01-13
2026-09-03 17:34:40,395686,johnson-consulting.com,100.00,CNY,2022-01-12,2027-01-12
2026-09-03 17:34:40,395686,tailihuagong.com,100.00,CNY,2020-01-04,2027-01-04
2026-09-03 17:34:40,395686,shuenherfood.com,100.00,CNY,2020-01-06,2027-01-06
2026-09-03 17:34:40,395686,hanfeng-js.com,100.00,CNY,2022-01-14,2027-01-14
2026-09-03 17:34:40,395686,bondagegaymale.com,100.00,CNY,2022-01-17,2027-01-17
2026-09-03 17:34:40,395686,shenyangyuanlinyuan.com,100.00,CNY,2022-01-11,2027-01-11
2026-09-03 17:34:40,395686,yongxinwood.com,100.00,CNY,2022-01-06,2027-01-06
2026-09-03 17:34:40,395686,wysy-sz.com,100.00,CNY,2022-01-16,2027-01-16
2026-09-03 17:34:40,395686,dizaoe.com,100.00,CNY,2022-01-13,2027-01-13
2026-09-03 17:34:40,395686,greatbridgemuffler.com,100.00,CNY,2022-01-01,2027-01-01
2026-09-03 17:34:40,395686,ctdebtsolutions.com,100.00,CNY,2022-01-17,2027-01-17
2026-09-03 17:34:40,395686,vimar-forklift.com,100.00,CNY,2022-01-06,2027-01-06
2026-09-03 17:34:40,395686,relaxmusicmp3.com,100.00,CNY,2022-01-12,2027-01-12
2026-09-03 17:34:40,395686,liangyoushop.com,100.00,CNY,2022-01-14,2027-01-14
2026-09-03 17:34:40,395686,tiandeyuanyinye.com,100.00,CNY,2022-01-17,2027-01-17
2026-09-03 17:34:40,395686,pia-cvj.com,100.00,CNY,2022-01-16,2027-01-16
2026-09-03 17:34:40,395686,chicagostripclublist.com,100.00,CNY,2022-01-16,2027-01-16
2026-09-03 17:34:40,395686,money-tools.com,100.00,CNY,2022-01-17,2027-01-17
2026-09-03 17:34:40,395686,metkt.com,100.00,CNY,2022-01-14,2027-01-14
2026-09-03 17:34:40,395686,ysmgjx.com,100.00,CNY,2022-01-21,2027-01-21
2026-09-03 17:34:40,395686,skull-wallpapers.com,100.00,CNY,2022-01-18,2027-01-18
2026-09-03 17:34:40,395686,guanxinjiaren.com,100.00,CNY,2022-01-19,2027-01-19
2026-09-03 17:34:40,395686,hotelvilladerna.com,100.00,CNY,2022-01-20,2027-01-20
2026-09-03 17:34:40,395686,skolafudbalapsv.com,100.00,CNY,2022-01-18,2027-01-18
2026-09-03 17:34:40,395686,85852051.com,100.00,CNY,2022-01-19,2027-01-19
2026-09-03 17:34:40,395686,jming123.com,100.00,CNY,2022-01-20,2027-01-20
2026-09-03 17:34:40,395686,gardenpointcemetery.com,100.00,CNY,2022-01-19,2027-01-19
2026-09-03 17:34:40,395686,dongjinjian.com,100.00,CNY,2022-01-19,2027-01-19
2026-09-03 17:34:40,395686,rzjyzx.com,100.00,CNY,2022-01-20,2027-01-20
2026-09-03 17:34:40,395686,era-sh.com,100.00,CNY,2022-01-20,2027-01-20
2026-09-03 17:34:40,395686,lecai2008.com,100.00,CNY,2022-01-20,2027-01-20
2026-09-03 17:34:40,395686,highspeedbailbonds.com,100.00,CNY,2022-01-20,2027-01-20
2026-09-03 17:34:40,395686,cnkangxing.com,100.00,CNY,2022-01-20,2027-01-20
2026-09-03 17:34:40,395686,jimmorrisonspeaks.com,100.00,CNY,2022-01-20,2027-01-20
2026-09-03 17:34:40,395686,wojiuaiche.com,100.00,CNY,2022-01-19,2027-01-19
2026-09-03 17:34:40,395686,legudoor.com,100.00,CNY,2022-01-20,2027-01-20
2026-09-03 17:34:40,395686,0371deweier.com,100.00,CNY,2022-01-19,2027-01-19
2026-09-03 17:34:40,395686,zsy-smd.com,100.00,CNY,2022-01-20,2027-01-20
2026-09-03 17:34:40,395686,ousama-wines.com,100.00,CNY,2022-01-19,2027-01-19
2026-09-03 17:34:40,395686,51jy8.com,100.00,CNY,2022-01-20,2027-01-20
2026-09-03 17:34:40,395686,bj-cyoga.com,100.00,CNY,2022-01-20,2027-01-20
2026-09-03 17:34:40,395686,dg-hymy.com,100.00,CNY,2022-01-19,2027-01-19
2026-09-03 17:34:40,395686,24jiaju.com,100.00,CNY,2022-01-20,2027-01-20
2026-09-03 17:34:40,395686,lacreativadeenfrente.com,100.00,CNY,2022-01-18,2027-01-18
2026-09-03 17:34:40,395686,uc-bj.com,100.00,CNY,2022-01-20,2027-01-20
2026-09-03 17:34:40,395686,wxzxjt.com,100.00,CNY,2022-01-31,2027-01-31
2026-09-03 17:34:40,395686,dacdah.com,100.00,CNY,2022-01-26,2027-01-26
2026-09-03 17:34:40,395686,fantabulousbali.com,100.00,CNY,2019-01-30,2027-01-30
2026-09-03 17:34:40,395686,jqffsb.com,100.00,CNY,2022-01-31,2027-01-31
2026-09-03 17:34:40,395686,haotaimuye.com,100.00,CNY,2022-01-25,2027-01-25
2026-09-03 17:34:40,395686,bornanimation.com,100.00,CNY,2022-01-24,2027-01-24
2026-09-03 17:34:40,395686,shaikhpediatrics.com,100.00,CNY,2014-01-24,2027-01-24
2026-09-03 17:34:40,395686,hxhelanwang.com,100.00,CNY,2022-01-21,2027-01-21
2026-09-03 17:34:40,395686,tjsj-inf.com,100.00,CNY,2022-01-21,2027-01-21
2026-09-03 17:34:40,395686,geno-bma.com,100.00,CNY,2022-01-28,2027-01-28
2026-09-03 17:34:40,395686,xfzhsh.com,100.00,CNY,2022-01-23,2027-01-23
2026-09-03 17:34:40,395686,tyressolution.com,100.00,CNY,2022-01-25,2027-01-25
2026-09-03 17:34:40,395686,nxdsfp.com,100.00,CNY,2022-01-29,2027-01-29
2026-09-03 17:34:40,395686,975yx.com,100.00,CNY,2020-01-23,2027-01-23
2026-09-03 17:34:40,395686,smcjpsj.com,100.00,CNY,2022-01-23,2027-01-23
2026-09-03 17:34:40,395686,truyubeautystudio.com,100.00,CNY,2019-01-31,2027-01-31
2026-09-03 17:34:40,395686,nealinteractive.com,100.00,CNY,2014-01-30,2027-01-30
2026-09-03 17:34:40,395686,yongchaohuagong.com,100.00,CNY,2022-01-31,2027-01-31
2026-09-03 17:34:40,395686,messiah-world.com,100.00,CNY,2022-01-26,2027-01-26
2026-09-03 17:34:40,395686,abbasside.com,100.00,CNY,2022-01-24,2027-01-24
2026-09-03 17:34:40,395686,ly-kangda.com,100.00,CNY,2022-01-31,2027-01-31
2026-09-03 17:34:40,395686,qmxsq.com,100.00,CNY,2022-01-23,2027-01-23
2026-09-03 17:34:40,395686,mybighappyfamily.com,100.00,CNY,2017-01-31,2027-01-31
2026-09-03 17:34:40,395686,hommesdedieu.com,100.00,CNY,2017-01-31,2027-01-31
2026-09-03 17:34:40,395686,zgshsd.com,100.00,CNY,2022-01-31,2027-01-31
2026-09-03 17:34:40,395686,burnsidejohnston.com,100.00,CNY,2011-09-15,2027-01-24
2026-09-03 17:34:40,395686,abswatch365.com,100.00,CNY,2022-01-23,2027-01-23
2026-09-03 17:34:40,395686,earthgrowncrayons.com,100.00,CNY,2022-01-21,2027-01-21
2026-09-03 17:34:40,395686,sanyoushukongjichuang.com,100.00,CNY,2022-01-22,2027-01-22
2026-09-03 17:34:40,395686,0577vg.com,100.00,CNY,2022-01-21,2027-01-21
2026-09-03 17:34:40,395686,zsyssy.com,100.00,CNY,2022-01-21,2027-01-21
2026-09-03 17:34:40,395686,shuobomarket.com,100.00,CNY,2022-01-27,2027-01-27
2026-09-03 17:34:40,395686,fei0906.com,100.00,CNY,2022-01-31,2027-01-31
2026-09-03 17:34:40,395686,aixin331.com,100.00,CNY,2022-01-21,2027-01-21
2026-09-03 17:34:40,395686,shmqxcl.com,100.00,CNY,2021-01-27,2027-01-27
2026-09-03 17:34:40,395686,xmhaodishun.com,100.00,CNY,2022-01-24,2027-01-24
2026-09-03 17:34:40,395686,sc-jingjie.com,100.00,CNY,2022-01-29,2027-01-29
2026-09-03 17:34:40,395686,qingke-lighting.com,100.00,CNY,2022-01-23,2027-01-23
2026-09-03 17:34:40,395686,bjfudaijia.com,100.00,CNY,2022-01-24,2027-01-24
2026-09-03 17:34:40,395686,jilijixie.com,100.00,CNY,2022-01-23,2027-01-23
2026-09-03 17:34:40,395686,funny0758.com,100.00,CNY,2022-01-26,2027-01-26
2026-09-03 17:34:40,395686,ghs120.com,100.00,CNY,2023-02-04,2027-02-04
2026-09-03 17:34:40,395686,yjzhbpt.com,100.00,CNY,2023-02-09,2027-02-09
2026-09-03 17:34:40,395686,zjpxfc.com,100.00,CNY,2023-02-06,2027-02-06
2026-09-03 17:34:40,395686,ysxthgj.com,100.00,CNY,2023-02-14,2027-02-14
2026-09-03 17:34:40,395686,jzjrled.com,100.00,CNY,2017-02-22,2027-02-22
2026-09-03 17:34:40,395686,800sellnowmarketing.com,100.00,CNY,2022-02-23,2027-02-23
2026-09-03 17:34:40,395686,yanchengzuiai.com,100.00,CNY,2018-02-22,2027-02-22
2026-09-03 17:34:40,395686,surprisingmylove.com,100.00,CNY,2014-02-22,2027-02-22
2026-09-03 17:34:40,395686,hotclubofbelgrade.com,100.00,CNY,2017-02-22,2027-02-22
2026-09-03 17:34:40,395686,ridetoendobesity.com,100.00,CNY,2022-02-23,2027-02-23
2026-09-03 17:34:40,395686,qingdaoskoda.com,100.00,CNY,2016-02-23,2027-02-23
2026-09-03 17:34:40,395686,342pleasantstreet.com,100.00,CNY,2011-02-22,2027-02-22
2026-09-03 17:34:40,395686,weathersbyroofing.com,100.00,CNY,2005-02-22,2027-02-22
2026-09-03 17:34:40,395686,germansadagger.com,100.00,CNY,2012-02-22,2027-02-22
2026-09-03 17:34:40,395686,santenyapistirici.com,100.00,CNY,2008-02-22,2027-02-22
2026-09-03 17:34:40,395686,mikegusickhomes.com,100.00,CNY,2014-02-23,2027-02-23
2026-09-03 17:34:40,395686,peoriafarmtoyshow.com,100.00,CNY,2017-02-22,2027-02-22
2026-09-03 17:34:40,395686,mindofglass.com,100.00,CNY,2012-02-22,2027-02-22
2026-09-03 17:34:40,395686,maurafreeman.com,100.00,CNY,2011-02-22,2027-02-22
2026-09-03 17:34:40,395686,alt-ctrl-delete.com,100.00,CNY,2022-02-23,2027-02-23
2026-09-03 17:34:40,395686,tutarotenlinea.com,100.00,CNY,2022-02-23,2027-02-23
2026-09-03 17:34:40,395686,gxwzhl.com,100.00,CNY,2022-02-23,2027-02-23
2026-09-03 17:34:40,395686,michonusa.com,100.00,CNY,2007-02-23,2027-02-23
2026-09-03 17:34:40,395686,smilingbyfaith.com,100.00,CNY,2015-02-22,2027-02-22
2026-09-03 17:34:40,395686,chum-kin.com,100.00,CNY,2022-02-23,2027-02-23
2026-09-03 17:34:40,395686,daneracingproducts.com,100.00,CNY,2013-02-22,2027-02-22
2026-09-03 17:34:40,395686,pucherosymas.com,100.00,CNY,2013-02-23,2027-02-23
2026-09-03 17:34:40,395686,kensingtonscapecod.com,100.00,CNY,2014-02-22,2027-02-22
2026-09-03 17:34:40,395686,chmjwjh.com,100.00,CNY,2017-02-22,2027-02-22
2026-09-03 17:34:40,395686,brighteye-sa.com,100.00,CNY,2017-02-23,2027-02-23
2026-09-03 17:34:40,395686,southernremodelers.com,100.00,CNY,2005-02-23,2027-02-23
2026-09-03 17:34:40,395686,thssolucionesweb.com,100.00,CNY,2022-02-23,2027-02-23
2026-09-03 17:34:40,395686,josephhickspiano.com,100.00,CNY,2013-02-23,2027-02-23
2026-09-03 17:34:40,395686,dianaalin.com,100.00,CNY,2015-02-22,2027-02-22
2026-09-03 17:34:40,395686,chengdujingronghui.com,100.00,CNY,2020-02-23,2027-02-23
2026-09-03 17:34:40,395686,revo-products.com,100.00,CNY,2016-02-22,2027-02-22
2026-09-03 17:34:40,395686,canaryvalley.com,100.00,CNY,2012-02-23,2027-02-23
2026-09-03 17:34:40,395686,hmgwebcasting.com,100.00,CNY,2011-02-22,2027-02-22
2026-09-03 17:34:40,395686,dont-hack-me-bro.com,100.00,CNY,2014-02-22,2027-02-22
2026-09-03 17:34:40,395686,minidiazmusic.com,100.00,CNY,2014-02-23,2027-02-23
2026-09-03 17:34:40,395686,lasertagerie.com,100.00,CNY,2013-02-22,2027-02-22
2026-09-03 17:34:40,395686,smithhartinsurance.com,100.00,CNY,2006-02-23,2027-02-23
2026-09-03 17:34:40,395686,highpointewoodbury.com,100.00,CNY,2011-02-23,2027-02-23
2026-09-03 17:34:40,395686,shuangshengjixie.com,100.00,CNY,2018-02-23,2027-02-23
2026-09-03 17:34:40,395686,dallascitylimo.com,100.00,CNY,2010-02-22,2027-02-22
2026-09-03 17:34:40,395686,xjkangqiang.com,100.00,CNY,2020-02-22,2027-02-22
2026-09-03 17:34:40,395686,vb3v.com,100.00,CNY,2022-02-23,2027-02-23
2026-09-03 17:34:40,395686,sunflu-valve.com,100.00,CNY,2022-02-22,2027-02-22
2026-09-03 17:34:40,395686,challenge2share.com,100.00,CNY,2012-02-23,2027-02-23
2026-09-03 17:34:40,395686,muscovymansion.com,100.00,CNY,2012-02-22,2027-02-22
2026-09-03 17:34:40,395686,maidati.com,100.00,CNY,2022-02-23,2027-02-23
2026-09-03 17:34:40,395686,fairesfineart.com,100.00,CNY,2012-02-23,2027-02-23
2026-09-03 17:34:40,395686,shoofography.com,100.00,CNY,2015-02-23,2027-02-23
2026-09-03 17:34:40,395686,drewconsultinginc.com,100.00,CNY,2005-02-23,2027-02-23
2026-09-03 17:34:40,395686,localizerleadstool.com,100.00,CNY,2011-02-23,2027-02-23
2026-09-03 17:34:40,395686,kminterwood.com,100.00,CNY,2013-02-22,2027-02-22
2026-09-03 17:34:40,395686,953631.com,100.00,CNY,2022-02-22,2027-02-22
2026-09-03 17:34:40,395686,bengirouxdesign.com,100.00,CNY,2008-02-23,2027-02-23
2026-09-03 17:34:40,395686,tictalkspeeddates.com,100.00,CNY,2013-02-23,2027-02-23
2026-09-03 17:34:40,395686,emissionsupplies.com,100.00,CNY,2001-02-22,2027-02-22
2026-09-03 17:34:40,395686,russakrestoration.com,100.00,CNY,2012-02-23,2027-02-23
2026-09-03 17:34:40,395686,rpmsocialcovers.com,100.00,CNY,2017-02-23,2027-02-23
2026-09-03 17:34:40,395686,keylessrecords.com,100.00,CNY,2001-02-23,2027-02-23
2026-09-03 17:34:40,395686,iamcautionmagazine.com,100.00,CNY,2015-02-23,2027-02-23
2026-09-03 17:34:40,395686,friscolimoservices.com,100.00,CNY,2010-02-22,2027-02-22
2026-09-03 17:34:40,395686,chengyang-tech.com,100.00,CNY,2022-02-22,2027-02-22
2026-09-03 17:34:40,395686,amd588.com,100.00,CNY,2022-02-23,2027-02-23
2026-09-03 17:34:40,395686,taoyisi.com,100.00,CNY,2022-02-23,2027-02-23
2026-09-03 17:34:40,395686,simeonlazarov.com,100.00,CNY,2012-03-03,2027-03-03
2026-09-03 17:34:40,395686,kure-lovemachine.com,100.00,CNY,2022-03-04,2027-03-04
2026-09-03 17:34:40,395686,duramtinewfs.com,100.00,CNY,2010-03-04,2027-03-04
2026-09-03 17:34:40,395686,creditrepairjournal.com,100.00,CNY,2022-03-01,2027-03-01
2026-09-03 17:34:40,395686,0510jl.com,100.00,CNY,2022-03-01,2027-03-01
2026-09-03 17:34:40,395686,yiyereads.com,100.00,CNY,2023-03-01,2027-03-01
2026-09-03 17:34:40,395686,xtrdkt.com,100.00,CNY,2019-03-02,2027-03-02
2026-09-03 17:34:40,395686,tjsccjs.com,100.00,CNY,2018-03-01,2027-03-01
2026-09-03 17:34:40,395686,sewqq.com,100.00,CNY,2020-03-02,2027-03-02
2026-09-03 17:34:40,395686,hzhengzan.com,100.00,CNY,2017-03-02,2027-03-02
2026-09-03 17:34:40,395686,dyxian.com,100.00,CNY,2010-03-02,2027-03-02
2026-09-03 17:34:40,395686,silver-snowball-review.com,100.00,CNY,2022-03-02,2027-03-02
2026-09-03 17:34:40,395686,qinglishebei.com,100.00,CNY,2017-03-04,2027-03-04
2026-09-03 17:34:40,395686,lotrsketches.com,100.00,CNY,2012-03-03,2027-03-03
2026-09-03 17:34:40,395686,haiyouliang.com,100.00,CNY,2023-03-01,2027-03-01
2026-09-03 17:34:40,395686,2613j.com,100.00,CNY,2022-03-01,2027-03-01
2026-09-03 17:34:40,395686,361zhushou.com,100.00,CNY,2022-03-01,2027-03-01
2026-09-03 17:34:40,395686,51qdxd.com,100.00,CNY,2020-03-02,2027-03-02
2026-09-03 17:34:40,395686,99iuu.com,100.00,CNY,2022-03-03,2027-03-03
2026-09-03 17:34:40,395686,westernhigh1978.com,100.00,CNY,2022-03-01,2027-03-01
2026-09-03 17:34:40,395686,thyroid-tips.com,100.00,CNY,2010-03-02,2027-03-02
2026-09-03 17:34:40,395686,dszhjy.com,100.00,CNY,2023-03-03,2027-03-03
2026-09-03 17:34:40,395686,ahjsyqs.com,100.00,CNY,2022-03-01,2027-03-01
2026-09-03 17:34:40,395686,wadingbootsreviews.com,100.00,CNY,2022-03-04,2027-03-04
2026-09-03 17:34:40,395686,viewpointlocations.com,100.00,CNY,2022-03-02,2027-03-02
2026-09-03 17:34:40,395686,livadia-hotel.com,100.00,CNY,2022-03-01,2027-03-01
2026-09-03 17:34:40,395686,cyprusgenerators.com,100.00,CNY,2022-03-02,2027-03-02
2026-09-03 17:34:40,395686,cromw.com,100.00,CNY,2022-03-03,2027-03-03
2026-09-03 17:34:40,395686,getnoticed2009.com,100.00,CNY,2009-03-03,2027-03-03
2026-09-03 17:34:40,395686,firedamagemoldremoval.com,100.00,CNY,2022-03-03,2027-03-03
2026-09-03 17:34:40,395686,eventsbyelisa.com,100.00,CNY,2019-03-04,2027-03-04
2026-09-03 17:34:40,395686,tft-fos.com,100.00,CNY,2022-03-04,2027-03-04
2026-09-03 17:34:40,395686,stevemccomb.com,100.00,CNY,2012-03-03,2027-03-03
2026-09-03 17:34:40,395686,soundofclouds.com,100.00,CNY,2019-03-04,2027-03-04
2026-09-03 17:34:40,395686,nailtiques-france.com,100.00,CNY,2015-03-03,2027-03-03
2026-09-03 17:34:40,395686,mermaidsofhawaii.com,100.00,CNY,2022-03-02,2027-03-02
2026-09-03 17:34:40,395686,lajolla-waterdamage.com,100.00,CNY,2022-03-03,2027-03-03
2026-09-03 17:34:40,395686,armandacirio.com,100.00,CNY,2012-03-01,2027-03-01
2026-09-03 17:34:40,395686,anasacerdote.com,100.00,CNY,2006-03-04,2027-03-04
2026-09-03 17:34:40,395686,anzione.com,100.00,CNY,2022-03-01,2027-03-01
2026-09-03 17:34:40,395686,gets-textile.com,100.00,CNY,2008-02-29,2027-03-01
2026-09-03 17:34:40,395686,fat-nude-women.com,100.00,CNY,2022-03-01,2027-03-01
2026-09-03 17:34:40,395686,gd-renxin.com,100.00,CNY,2017-03-03,2027-03-03
2026-09-03 17:34:40,395686,czflcg.com,100.00,CNY,2022-03-03,2027-03-03
2026-09-03 17:34:40,395686,thelakesatheron.com,100.00,CNY,2022-03-01,2027-03-01
2026-09-03 17:34:40,395686,pacificliaison.com,100.00,CNY,2022-03-01,2027-03-01
2026-09-03 17:34:40,395686,hollywoodsoberliving.com,100.00,CNY,2022-03-01,2027-03-01
2026-09-03 17:34:40,395686,gouzaishuo.com,100.00,CNY,2019-03-04,2027-03-04
2026-09-03 17:34:40,395686,firehousegalleryva.com,100.00,CNY,2022-03-01,2027-03-01
2026-09-03 17:34:40,395686,z3i6.com,100.00,CNY,2022-03-01,2027-03-01
2026-09-03 17:34:40,395686,linyizhaohuo.com,100.00,CNY,2023-03-04,2027-03-04
2026-09-03 17:34:40,395686,njgyxxzs.com,100.00,CNY,2020-03-21,2027-03-21
2026-09-03 17:34:40,395686,memphisbonsai.com,100.00,CNY,2002-04-03,2027-04-03
2026-09-03 17:34:40,395686,ilmastointihuollot.com,100.00,CNY,2002-04-03,2027-04-03
2026-09-03 17:34:40,395686,affairlobby.com,100.00,CNY,2012-04-04,2027-04-04
2026-09-03 17:34:40,395686,zhechengdz.com,100.00,CNY,2018-04-04,2027-04-04
2026-09-03 17:34:40,395686,gsfxcc.com,100.00,CNY,2019-04-04,2027-04-04
2026-09-03 17:34:40,395686,charlesmcintyre.com,100.00,CNY,2002-04-03,2027-04-03
2026-09-03 17:34:40,395686,zjktqczl.com,100.00,CNY,2019-04-03,2027-04-03
2026-09-03 17:34:40,395686,qljxyoule.com,100.00,CNY,2018-04-03,2027-04-03
2026-09-03 17:34:40,395686,jzrhchem.com,100.00,CNY,2018-04-03,2027-04-03
2026-09-03 17:34:40,395686,qfwtjx.com,100.00,CNY,2018-04-03,2027-04-03
2026-09-03 17:34:40,395686,passwordcake.com,100.00,CNY,2010-04-03,2027-04-03
2026-09-03 17:34:40,395686,chirongsy.com,100.00,CNY,2018-04-03,2027-04-03
2026-09-03 17:34:40,395686,szcjbx.com,100.00,CNY,2018-04-03,2027-04-03
2026-09-03 17:34:40,395686,hakykj.com,100.00,CNY,2018-04-03,2027-04-03
2026-09-03 17:34:40,395686,ralphdinosaur.com,100.00,CNY,2001-04-03,2027-04-03
2026-09-03 17:34:40,395686,optimumcarenetwork.com,100.00,CNY,2017-04-03,2027-04-03
2026-09-03 17:34:40,395686,classicaldvds.com,100.00,CNY,2002-04-03,2027-04-03
2026-09-03 17:34:40,395686,xjkd1996.com,100.00,CNY,2009-04-03,2027-04-03
2026-09-03 17:34:40,395686,wzydhb.com,100.00,CNY,2019-04-03,2027-04-03
2026-09-03 17:34:40,395686,mk8056.com,100.00,CNY,2020-04-03,2027-04-03
2026-09-03 17:34:40,395686,hz-taihuan.com,100.00,CNY,2018-04-03,2027-04-03
2026-09-03 17:34:40,395686,szlexian.com,100.00,CNY,2018-04-04,2027-04-04
2026-09-03 17:34:40,395686,boertesz.com,100.00,CNY,2018-04-04,2027-04-04
2026-09-03 17:34:40,395686,lakepowellnazarene.com,100.00,CNY,2006-04-04,2027-04-04
2026-09-03 17:34:40,395686,apedirdeboca.com,100.00,CNY,2002-04-04,2027-04-04
2026-09-03 17:34:40,395686,szaierbang.com,100.00,CNY,2018-04-04,2027-04-04
2026-09-03 17:34:40,395686,jaytexitservices.com,100.00,CNY,2011-04-04,2027-04-04
2026-09-03 17:34:40,395686,acelebrationofman.com,100.00,CNY,2022-04-18,2027-04-18
2026-09-03 17:34:40,395686,iampoetdeep.com,100.00,CNY,2020-04-18,2027-04-18
2026-09-03 17:34:40,395686,donshomebiz.com,100.00,CNY,2022-04-18,2027-04-18
2026-09-03 17:34:40,395686,joshbrownhomes.com,100.00,CNY,2022-04-18,2027-04-18
2026-09-03 17:34:40,395686,classicalottawa.com,100.00,CNY,2022-04-18,2027-04-18
2026-09-03 17:34:40,395686,top10-seo.com,100.00,CNY,2022-04-18,2027-04-18
2026-09-03 17:34:40,395686,songmajj.com,100.00,CNY,2022-04-18,2027-04-18
2026-09-03 17:34:40,395686,teknotonik.com,100.00,CNY,2022-04-18,2027-04-18
2026-09-03 17:34:40,395686,fitlosophie.com,100.00,CNY,2022-04-18,2027-04-18
2026-09-03 17:34:40,395686,myinspectionco.com,100.00,CNY,2022-04-18,2027-04-18
2026-09-03 17:34:40,395686,lomodogsfm.com,100.00,CNY,2022-04-18,2027-04-18
2026-09-03 17:34:40,395686,stopwatchfree.com,100.00,CNY,2022-04-18,2027-04-18
2026-09-03 17:34:40,395686,adel-security.com,100.00,CNY,2022-04-18,2027-04-18
2026-09-03 17:34:40,395686,generictadalafil-online.com,100.00,CNY,2022-04-18,2027-04-18
2026-09-03 17:34:40,395686,haitionward.com,100.00,CNY,2022-04-18,2027-04-18
2026-09-03 17:34:40,395686,vodance.com,100.00,CNY,2018-04-18,2027-04-18
2026-09-03 17:34:40,395686,happykitchenanaheim.com,100.00,CNY,2022-04-19,2027-04-19
2026-09-03 17:34:40,395686,filmsnu.com,100.00,CNY,2022-04-18,2027-04-18
2026-09-03 17:34:40,395686,catabellacouture.com,100.00,CNY,2022-04-19,2027-04-19
2026-09-03 17:34:40,395686,bydanumbers.com,100.00,CNY,2022-04-19,2027-04-19
2026-09-03 17:34:40,395686,24h-tabs.com,100.00,CNY,2022-04-18,2027-04-18
2026-09-03 17:34:40,395686,shshuangjiacar.com,100.00,CNY,2020-04-19,2027-04-19
2026-09-03 17:34:40,395686,cwcfasttrack.com,100.00,CNY,2022-04-19,2027-04-19
2026-09-03 17:34:40,395686,vendemascrm.com,100.00,CNY,2022-04-19,2027-04-19
2026-09-03 17:34:40,395686,hmendezmedia.com,100.00,CNY,2022-04-19,2027-04-19
2026-09-03 17:34:40,395686,sigmaassetmgmt.com,100.00,CNY,2022-04-19,2027-04-19
2026-09-03 17:34:40,395686,whoshouldirootfor.com,100.00,CNY,2022-04-20,2027-04-20
2026-09-03 17:34:40,395686,qhpjk.com,100.00,CNY,2022-04-20,2027-04-20
2026-09-03 17:34:40,395686,gangdugongzhengchu.com,100.00,CNY,2015-04-20,2027-04-20
2026-09-03 17:34:40,395686,5507022.com,100.00,CNY,2022-04-20,2027-04-20
2026-09-03 17:34:40,395686,6607011.com,100.00,CNY,2022-04-20,2027-04-20
2026-09-03 17:34:40,395686,7665011.com,100.00,CNY,2022-04-20,2027-04-20
2026-09-03 17:34:40,395686,582696.com,100.00,CNY,2022-04-20,2027-04-20
2026-09-03 17:34:40,395686,jackywebdesign.com,100.00,CNY,2016-04-20,2027-04-20
2026-09-03 17:34:40,395686,gmcticket.com,100.00,CNY,2022-04-19,2027-04-19
2026-09-03 17:34:40,395686,strangethunder.com,100.00,CNY,2022-04-19,2027-04-19
2026-09-03 17:34:40,395686,shiftejuice.com,100.00,CNY,2022-04-19,2027-04-19
2026-09-03 17:34:40,395686,stephenvarankoiii.com,100.00,CNY,2022-04-20,2027-04-20
2026-09-03 17:34:40,395686,fulleisemotorcycles.com,100.00,CNY,2022-04-20,2027-04-20
2026-09-03 17:34:40,395686,kingfisherdrones.com,100.00,CNY,2022-04-20,2027-04-20
2026-09-03 17:34:40,395686,pupandcoclothing.com,100.00,CNY,2022-04-20,2027-04-20
2026-09-03 17:34:40,395686,international-fairs.com,100.00,CNY,2022-04-20,2027-04-20
2026-09-03 17:34:40,395686,zhongchangyongjian.com,100.00,CNY,2021-04-23,2027-04-23
2026-09-03 17:34:40,395686,qihangyouxi.com,100.00,CNY,2021-04-29,2027-04-29
2026-09-03 17:34:40,395686,zhoudafuhuishou.com,100.00,CNY,2017-04-25,2027-04-25
2026-09-03 17:34:40,395686,shuziqikan.com,100.00,CNY,2017-04-25,2027-04-25
2026-09-03 17:34:40,395686,lvxingqi.com,100.00,CNY,2022-04-26,2027-04-26
2026-09-03 17:34:40,395686,shuiaiqing.com,100.00,CNY,2020-04-27,2027-04-27
2026-09-03 17:34:40,395686,tccph.com,100.00,CNY,2022-04-26,2027-04-26
2026-09-03 17:34:40,395686,theartbusnyc.com,100.00,CNY,2022-04-27,2027-04-27
2026-09-03 17:34:40,395686,darklabelstoretokyo.com,100.00,CNY,2022-04-27,2027-04-27
2026-09-03 17:34:40,395686,the-analog-guy.com,100.00,CNY,2002-05-31,2027-04-27
2026-09-03 17:34:40,395686,dongfanghuoguo.com,100.00,CNY,2019-04-28,2027-04-28
2026-09-03 17:34:40,395686,cds-asturias.com,100.00,CNY,2005-04-28,2027-04-28
2026-09-03 17:34:40,395686,cdzwgs.com,100.00,CNY,2018-04-28,2027-04-28
2026-09-03 17:34:40,395686,flairbeautysalon.com,100.00,CNY,2010-04-27,2027-04-27
2026-09-03 17:34:40,395686,andregwebdesign.com,100.00,CNY,2011-04-28,2027-04-28
2026-09-03 17:34:40,395686,gxjxedu.com,100.00,CNY,2018-04-29,2027-04-29
2026-09-03 17:34:40,395686,cqbjymm.com,100.00,CNY,2018-04-29,2027-04-29
2026-09-03 17:34:40,395686,creativelandscapesuk.com,100.00,CNY,2022-04-29,2027-04-29
2026-09-03 17:34:40,395686,5137168.com,100.00,CNY,2022-04-29,2027-04-29
2026-09-03 17:34:40,395686,gillespuyfages.com,100.00,CNY,2022-04-29,2027-04-29
2026-09-03 17:34:40,395686,anacreintexas.com,100.00,CNY,2022-04-29,2027-04-29
2026-09-03 17:34:40,395686,alliance-limo.com,100.00,CNY,2022-04-29,2027-04-29
2026-09-03 17:34:40,395686,cachtrimunnhanh.com,100.00,CNY,2022-04-29,2027-04-29
2026-09-03 17:34:40,395686,woodbridgegrand.com,100.00,CNY,2011-04-29,2027-04-29
2026-09-03 17:34:40,395686,rpseducation.com,100.00,CNY,2022-04-29,2027-04-29
2026-09-03 17:34:40,395686,fugafel.com,100.00,CNY,2018-04-29,2027-04-29
2026-09-03 17:34:40,395686,cyberhostweb.com,100.00,CNY,2022-04-29,2027-04-29
2026-09-03 17:34:40,395686,kentesmovil.com,100.00,CNY,2022-04-29,2027-04-29
2026-09-03 17:34:40,395686,willbuycars.com,100.00,CNY,2022-04-29,2027-04-29
2026-09-03 17:34:40,395686,eliaskassouf.com,100.00,CNY,2022-04-29,2027-04-29
2026-09-03 17:34:40,395686,damenkriegen.com,100.00,CNY,2022-04-29,2027-04-29
2026-09-03 17:34:40,395686,maurihunter.com,100.00,CNY,2022-04-29,2027-04-29
2026-09-03 17:34:40,395686,dontarjetas.com,100.00,CNY,2022-04-29,2027-04-29
2026-09-03 17:34:40,395686,griecodesign.com,100.00,CNY,2022-04-29,2027-04-29
2026-09-03 17:34:40,395686,cherylalopes.com,100.00,CNY,2022-04-29,2027-04-29
2026-09-03 17:34:40,395686,chicyclean.com,100.00,CNY,2022-04-29,2027-04-29
2026-09-03 17:34:40,395686,doktorstocks.com,100.00,CNY,2022-04-29,2027-04-29
2026-09-03 17:34:40,395686,pennprobate.com,100.00,CNY,2022-04-29,2027-04-29
2026-09-03 17:34:40,395686,sosyalarazi.com,100.00,CNY,2022-04-29,2027-04-29
2026-09-03 17:34:40,395686,straitzone.com,100.00,CNY,2022-04-29,2027-04-29
2026-09-03 17:34:40,395686,esportedapaz.com,100.00,CNY,2022-04-29,2027-04-29
2026-09-03 17:34:40,395686,mywebparty.com,100.00,CNY,2022-04-29,2027-04-29
2026-09-03 17:34:40,395686,litwinfamily.com,100.00,CNY,2022-04-29,2027-04-29
2026-09-03 17:34:40,395686,xplodeonline.com,100.00,CNY,2022-04-29,2027-04-29
2026-09-03 17:34:40,395686,jodymccoy.com,100.00,CNY,2022-04-29,2027-04-29
2026-09-03 17:34:40,395686,hotelbluebaybeach.com,100.00,CNY,2022-04-30,2027-04-30
2026-09-03 17:34:40,395686,ebruokulu.com,100.00,CNY,2022-04-29,2027-04-29
2026-09-03 17:34:40,395686,evansholylandtours.com,100.00,CNY,2022-04-29,2027-04-29
2026-09-03 17:34:40,395686,deluxeajans.com,100.00,CNY,2022-04-29,2027-04-29
2026-09-03 17:34:40,395686,cristaomusic.com,100.00,CNY,2012-04-29,2027-04-29
2026-09-03 17:34:40,395686,jaymitchellgc.com,100.00,CNY,2010-12-02,2027-04-29
2026-09-03 17:34:40,395686,thepetalumamassage.com,100.00,CNY,2022-04-30,2027-04-30
2026-09-03 17:34:40,395686,waltdisneyuniverse.com,100.00,CNY,2022-04-30,2027-04-30
2026-09-03 17:34:40,395686,mescanarisdeposture.com,100.00,CNY,2022-04-30,2027-04-30
2026-09-03 17:34:40,395686,classiccitycourier.com,100.00,CNY,2022-04-30,2027-04-30
2026-09-03 17:34:40,395686,nevadaheladosjujuy.com,100.00,CNY,2022-04-30,2027-04-30
2026-09-03 17:34:40,395686,fernandobosch.com,100.00,CNY,2008-04-21,2027-04-21
2026-09-03 17:34:40,395686,kathrein-photography.com,100.00,CNY,2022-04-21,2027-04-21
2026-09-03 17:34:40,395686,beesengfruits.com,100.00,CNY,2022-04-21,2027-04-21
2026-09-03 17:34:40,395686,sevillesquareapartments.com,100.00,CNY,2022-04-21,2027-04-21
2026-09-03 17:34:40,395686,southeastpropertyservicestn.com,100.00,CNY,2022-04-21,2027-04-21
2026-09-03 17:34:40,395686,jingquanlaw.com,100.00,CNY,2016-04-21,2027-04-21
2026-09-03 17:34:40,395686,just-roleplay.com,100.00,CNY,2022-04-21,2027-04-21
2026-09-03 17:34:40,395686,login2study.com,100.00,CNY,2022-04-21,2027-04-21
2026-09-03 17:34:40,395686,brasaude.com,100.00,CNY,2022-04-21,2027-04-21
2026-09-03 17:34:40,395686,sso24.com,100.00,CNY,2022-04-21,2027-04-21
2026-09-03 17:34:40,395686,cucfic.com,100.00,CNY,2022-04-21,2027-04-21
2026-09-03 17:34:40,395686,allmaxpro.com,100.00,CNY,2022-04-21,2027-04-21
2026-09-03 17:34:40,395686,mvpmotorsportok.com,100.00,CNY,2022-04-21,2027-04-21
2026-09-03 17:34:40,395686,zealdnyanganga.com,100.00,CNY,2022-04-21,2027-04-21
2026-09-03 17:34:40,395686,ryo-tokyo.com,100.00,CNY,2022-04-21,2027-04-21
2026-09-03 17:34:40,395686,mytimat.com,100.00,CNY,2022-04-21,2027-04-21
2026-09-03 17:34:40,395686,rosalindcardia.com,100.00,CNY,2022-04-22,2027-04-22
2026-09-03 17:34:40,395686,wildirishpoet.com,100.00,CNY,2015-04-22,2027-04-22
2026-09-03 17:34:40,395686,maillot-foot2012.com,100.00,CNY,2019-04-22,2027-04-22
2026-09-03 17:34:40,395686,insacent.com,100.00,CNY,2022-04-21,2027-04-21
2026-09-03 17:34:40,395686,southernxfit.com,100.00,CNY,2009-04-22,2027-04-22
2026-09-03 17:34:40,395686,aecrealtor.com,100.00,CNY,2022-04-22,2027-04-22
2026-09-03 17:34:40,395686,hasanorkan.com,100.00,CNY,2022-04-22,2027-04-22
2026-09-03 17:34:40,395686,endthedelaynow.com,100.00,CNY,2022-04-22,2027-04-22
2026-09-03 17:34:40,395686,parskincare.com,100.00,CNY,2022-04-22,2027-04-22
2026-09-03 17:34:40,395686,gaudidesign.com,100.00,CNY,2022-04-23,2027-04-23
2026-09-03 17:34:40,395686,listasvipmadrid.com,100.00,CNY,2022-04-23,2027-04-23
2026-09-03 17:34:40,395686,treasurelandnft.com,100.00,CNY,2022-04-22,2027-04-22
2026-09-03 17:34:40,395686,keith-alston.com,100.00,CNY,2022-04-24,2027-04-24
2026-09-03 17:34:40,395686,jacksoncomedy.com,100.00,CNY,2022-04-24,2027-04-24
2026-09-03 17:34:40,395686,alurcerita.com,100.00,CNY,2022-04-24,2027-04-24
2026-09-03 17:34:40,395686,mariannemoura.com,100.00,CNY,2022-04-24,2027-04-24
2026-09-03 17:34:40,395686,neufundmanager.com,100.00,CNY,2007-04-23,2027-04-23
2026-09-03 17:34:40,395686,celestebaine.com,100.00,CNY,2022-04-23,2027-04-23
2026-09-03 17:34:40,395686,hoor8.com,100.00,CNY,2020-04-24,2027-04-24
2026-09-03 17:34:40,395686,dienmaygiakho.com,100.00,CNY,2022-04-23,2027-04-23
2026-09-03 17:34:40,395686,grand-steel.com,100.00,CNY,2022-04-23,2027-04-23
2026-09-03 17:34:45,395686,creatiblelimited.com,100.00,CNY,2022-04-24,2027-04-24
2026-09-03 17:34:45,395686,donaldtrumpsong.com,100.00,CNY,2022-04-24,2027-04-24
2026-09-03 17:34:45,395686,zjypjs.com,100.00,CNY,2014-04-24,2027-04-24
2026-09-03 17:34:45,395686,yallafamily.com,100.00,CNY,2022-04-21,2027-04-21
2026-09-03 17:34:45,395686,kurtizanki-spb.com,100.00,CNY,2022-04-24,2027-04-24
2026-09-03 17:34:45,395686,vestdecor.com,100.00,CNY,2022-04-24,2027-04-24
2026-09-03 17:34:45,395686,kenrickramsay.com,100.00,CNY,2022-04-24,2027-04-24
2026-09-03 17:34:45,395686,eresearchlink.com,100.00,CNY,2022-04-24,2027-04-24
2026-09-03 17:34:45,395686,jobs48.com,100.00,CNY,2022-04-24,2027-04-24
2026-09-03 17:34:45,395686,tripeconomizer.com,100.00,CNY,2022-04-24,2027-04-24
2026-09-03 17:34:45,395686,pokerbbm.com,100.00,CNY,2022-04-24,2027-04-24
2026-09-03 17:34:45,395686,leetarchitecture.com,100.00,CNY,2022-04-24,2027-04-24
2026-09-03 17:34:45,395686,caofficial.com,100.00,CNY,2022-04-24,2027-04-24
2026-09-03 17:34:45,395686,conteandlucasrealtors.com,100.00,CNY,2022-04-25,2027-04-25
2026-09-03 17:34:45,395686,simpleweightlossguide.com,100.00,CNY,2022-04-27,2027-04-27
2026-09-03 17:34:45,395686,cyvmontaje.com,100.00,CNY,2022-04-29,2027-04-29
2026-09-03 17:34:45,395686,sallyquiroz.com,100.00,CNY,2022-04-29,2027-04-29
2026-09-03 17:34:45,395686,p2synergies.com,100.00,CNY,2022-04-22,2027-04-22
2026-09-03 17:34:45,395686,los-sevilla.com,100.00,CNY,2022-04-23,2027-04-23
2026-09-03 17:34:45,395686,medoz-agro.com,100.00,CNY,2022-04-23,2027-04-23
2026-09-03 17:34:45,395686,sporting-golf-montois.com,100.00,CNY,2022-04-24,2027-04-24
2026-09-03 17:34:45,395686,transportcamera.com,100.00,CNY,2022-04-24,2027-04-24
2026-09-03 17:34:45,395686,housyng.com,100.00,CNY,2022-04-24,2027-04-24
2026-09-03 17:34:45,395686,lulixinboke.com,100.00,CNY,2019-08-01,2027-08-01
2026-09-03 17:34:45,395686,hb-penquan.com,100.00,CNY,2015-05-04,2027-05-04
2026-09-03 17:34:45,395686,fcggqt.com,100.00,CNY,2019-05-04,2027-05-04
2026-09-03 17:34:45,395686,jewelbabiesnursery.com,100.00,CNY,2022-05-04,2027-05-04
2026-09-03 17:34:45,395686,bohaiwuzi.com,100.00,CNY,2018-05-04,2027-05-04
2026-09-03 17:34:45,395686,mingshengbs.com,100.00,CNY,2020-05-04,2027-05-04
2026-09-03 17:34:45,395686,307918.com,100.00,CNY,2022-05-04,2027-05-04
2026-09-03 17:34:45,395686,dlandown.com,100.00,CNY,2022-05-03,2027-05-03
2026-09-03 17:34:45,395686,784938.com,100.00,CNY,2022-05-04,2027-05-04
2026-09-03 17:34:45,395686,mandalamagic333.com,100.00,CNY,2014-05-04,2027-05-04
2026-09-03 17:34:45,395686,rpangdoes.com,100.00,CNY,2022-05-03,2027-05-03
2026-09-03 17:34:45,395686,fuddon.com,100.00,CNY,2013-05-03,2027-05-03
2026-09-03 17:34:45,395686,yidehotelguangzhou.com,100.00,CNY,2015-05-03,2027-05-03
2026-09-03 17:34:45,395686,rleiour.com,100.00,CNY,2022-05-03,2027-05-03
2026-09-03 17:34:45,395686,scfagzc.com,100.00,CNY,2018-05-03,2027-05-03
2026-09-03 17:34:45,395686,jnyuanda.com,100.00,CNY,2020-05-03,2027-05-03
2026-09-03 17:34:45,395686,dutu-group.com,100.00,CNY,2012-05-03,2027-05-03
2026-09-03 17:34:45,395686,enedepots.com,100.00,CNY,2018-05-03,2027-05-03
2026-09-03 17:34:45,395686,qdmh1618.com,100.00,CNY,2018-05-03,2027-05-03
2026-09-03 17:34:45,395686,myanmarhyperion.com,100.00,CNY,2022-05-03,2027-05-03
2026-09-03 17:34:45,395686,kueultahanak.com,100.00,CNY,2014-05-03,2027-05-03
2026-09-03 17:34:45,395686,tybowlsclinton.com,100.00,CNY,2017-05-02,2027-05-02
2026-09-03 17:34:45,395686,easterpageantcostumes.com,100.00,CNY,2022-05-01,2027-05-01
2026-09-03 17:34:45,395686,earlybirditc.com,100.00,CNY,2016-05-01,2027-05-01
2026-09-03 17:34:45,395686,mytefladventures.com,100.00,CNY,2022-05-01,2027-05-01
2026-09-03 17:34:45,395686,dongzefa.com,100.00,CNY,2018-05-01,2027-05-01
2026-09-03 17:34:45,395686,shuqqshu.com,100.00,CNY,2020-05-01,2027-05-01
2026-09-03 17:34:45,395686,moldremovalburbank.com,100.00,CNY,2022-05-01,2027-05-01
2026-09-03 17:34:45,395686,xmeniafitnessclub.com,100.00,CNY,2022-05-01,2027-05-01
2026-09-03 17:34:45,395686,hongxipu.com,100.00,CNY,2020-05-01,2027-05-01
2026-09-03 17:34:45,395686,jnvec.com,100.00,CNY,2009-05-03,2027-05-03
2026-09-03 17:34:45,395686,tianyeqz.com,100.00,CNY,2018-05-03,2027-05-03
2026-09-03 17:34:45,395686,rencontres-campagne.com,100.00,CNY,2022-05-03,2027-05-03
2026-09-03 17:34:45,395686,bbortitrasteverini.com,100.00,CNY,2014-05-03,2027-05-03
2026-09-03 17:34:45,395686,wokstopscarborough.com,100.00,CNY,2014-05-02,2027-05-02
2026-09-03 17:34:45,395686,tsjcrs.com,100.00,CNY,2019-05-02,2027-05-02
2026-09-03 17:34:45,395686,thepacificacurrent.com,100.00,CNY,2022-05-01,2027-05-01
2026-09-03 17:34:45,395686,mbanall.com,100.00,CNY,2022-05-02,2027-05-02
2026-09-03 17:34:45,395686,njysxx.com,100.00,CNY,2017-05-02,2027-05-02
2026-09-03 17:34:45,395686,gjiuput.com,100.00,CNY,2022-05-02,2027-05-02
2026-09-03 17:34:45,395686,vdongever.com,100.00,CNY,2022-05-02,2027-05-02
2026-09-03 17:34:45,395686,ghuispace.com,100.00,CNY,2022-05-02,2027-05-02
2026-09-03 17:34:45,395686,5777000.com,100.00,CNY,2022-05-14,2027-05-14
2026-09-03 17:34:45,395686,344899.com,100.00,CNY,2015-05-14,2027-05-14
2026-09-03 17:34:45,395686,ht8556.com,100.00,CNY,2022-05-14,2027-05-14
2026-09-03 17:34:45,395686,huijiuhao.com,100.00,CNY,2020-05-14,2027-05-14
2026-09-03 17:34:45,395686,5756000.com,100.00,CNY,2022-05-14,2027-05-14
2026-09-03 17:34:45,395686,huifupin.com,100.00,CNY,2020-05-24,2027-05-24
2026-09-03 17:34:45,395686,6376000.com,100.00,CNY,2022-05-23,2027-05-23
2026-09-03 17:34:45,395686,huimingbai.com,100.00,CNY,2020-05-16,2027-05-16
2026-09-03 17:34:45,395686,huixiuzheng.com,100.00,CNY,2020-05-16,2027-05-16
2026-09-03 17:34:45,395686,yxgzsbgs.com,100.00,CNY,2018-05-16,2027-05-16
2026-09-03 17:34:45,395686,szhainuo.com,100.00,CNY,2018-05-16,2027-05-16
2026-09-03 17:34:45,395686,wxxpytg.com,100.00,CNY,2018-05-16,2027-05-16
2026-09-03 17:34:45,395686,hbebfj.com,100.00,CNY,2018-05-16,2027-05-16
2026-09-03 17:34:45,395686,njketeles.com,100.00,CNY,2018-05-16,2027-05-16
2026-09-03 17:34:45,395686,spyglassoptik.com,100.00,CNY,2010-05-15,2027-05-15
2026-09-03 17:34:45,395686,sdxgfdjz.com,100.00,CNY,2018-05-16,2027-05-16
2026-09-03 17:34:45,395686,gcyw168.com,100.00,CNY,2018-05-16,2027-05-16
2026-09-03 17:34:45,395686,rosy-lighting.com,100.00,CNY,2018-05-15,2027-05-15
2026-09-03 17:34:45,395686,czxuebing.com,100.00,CNY,2018-05-15,2027-05-15
2026-09-03 17:34:45,395686,cshmtextile.com,100.00,CNY,2018-05-15,2027-05-15
2026-09-03 17:34:45,395686,bjjytgs.com,100.00,CNY,2017-05-15,2027-05-15
2026-09-03 17:34:45,395686,nbfgmj.com,100.00,CNY,2018-05-15,2027-05-15
2026-09-03 17:34:45,395686,xjzgxy.com,100.00,CNY,2018-05-15,2027-05-15
2026-09-03 17:34:45,395686,szfxsy.com,100.00,CNY,2018-05-15,2027-05-15
2026-09-03 17:34:45,395686,sdrfcm.com,100.00,CNY,2018-05-15,2027-05-15
2026-09-03 17:34:45,395686,taimeier.com,100.00,CNY,2018-05-15,2027-05-15
2026-09-03 17:34:45,395686,hfvoxflor.com,100.00,CNY,2018-05-15,2027-05-15
2026-09-03 17:34:45,395686,heshuoi0769.com,100.00,CNY,2018-05-15,2027-05-15
2026-09-03 17:34:45,395686,bjjsxl.com,100.00,CNY,2017-05-15,2027-05-15
2026-09-03 17:34:45,395686,cyhbkqfang.com,100.00,CNY,2014-05-24,2027-05-24
2026-09-03 17:34:45,395686,statesslingwhen.com,100.00,CNY,2022-12-04,2027-12-04
2026-09-03 17:34:45,395686,helpschaistates.com,100.00,CNY,2022-12-04,2027-12-04
2026-09-03 17:34:45,395686,statesskunplan.com,100.00,CNY,2022-12-04,2027-12-04
2026-09-03 17:34:45,395686,headsdangstates.com,100.00,CNY,2022-12-04,2027-12-04
2026-09-03 17:34:45,395686,headsfangstate.com,100.00,CNY,2022-12-04,2027-12-04
2026-09-03 17:34:45,395686,zhonghuanrecycle.com,100.00,CNY,2022-11-29,2027-11-29
2026-09-03 17:34:45,395686,palletnational.com,100.00,CNY,2022-11-19,2027-11-19
2026-09-03 17:34:45,395686,free-sexgames.com,100.00,CNY,2022-10-06,2027-10-06
2026-09-03 17:34:45,395686,lostnationiowa.com,100.00,CNY,2021-10-22,2027-10-22
2026-09-03 17:34:45,395686,1wheelnation.com,100.00,CNY,2022-10-10,2027-10-10
2026-09-03 17:34:45,395686,gettrafficweb.com,100.00,CNY,2022-10-06,2027-10-06
2026-09-03 17:34:45,395686,crazybuttsex.com,100.00,CNY,2022-10-03,2027-10-03
2026-09-03 17:34:45,395686,blxry.com,100.00,CNY,2022-05-24,2027-05-24
2026-09-03 17:34:45,395686,6376088.com,100.00,CNY,2022-05-24,2027-05-24
2026-09-03 17:34:45,395686,jhbbm.com,100.00,CNY,2022-05-25,2027-05-25
2026-09-03 17:34:45,395686,cnvigoboom.com,100.00,CNY,2017-05-25,2027-05-25
2026-09-03 17:34:45,395686,6379058.com,100.00,CNY,2022-05-24,2027-05-24
2026-09-03 17:34:45,395686,hiringsafe.com,100.00,CNY,2022-05-25,2027-05-25
2026-09-03 17:34:45,395686,thefmsgroup.com,100.00,CNY,2016-05-25,2027-05-25
2026-09-03 17:34:45,395686,hnsodo.com,100.00,CNY,2017-05-25,2027-05-25
2026-09-03 17:34:45,395686,langtangmarathon.com,100.00,CNY,2016-05-25,2027-05-25
2026-09-03 17:34:45,395686,gtpwx.com,100.00,CNY,2022-05-26,2027-05-26
2026-09-03 17:34:45,395686,wwscs.com,100.00,CNY,2022-05-26,2027-05-26
2026-09-03 17:34:45,395686,wxssjs.com,100.00,CNY,2020-05-31,2027-05-31
2026-09-03 17:34:45,395686,schxct.com,100.00,CNY,2020-05-31,2027-05-31
2026-09-03 17:34:45,395686,5877188.com,100.00,CNY,2022-05-30,2027-05-30
2026-09-03 17:34:45,395686,5877166.com,100.00,CNY,2022-05-30,2027-05-30
2026-09-03 17:34:45,395686,5877122.com,100.00,CNY,2022-05-30,2027-05-30
2026-09-03 17:34:45,395686,aiyuexue.com,100.00,CNY,2018-05-29,2027-05-29
2026-09-03 17:34:45,395686,5877177.com,100.00,CNY,2022-05-30,2027-05-30
2026-09-03 17:34:45,395686,5277122.com,100.00,CNY,2022-05-30,2027-05-30
2026-09-03 17:34:45,395686,szghrtxf.com,100.00,CNY,2016-05-30,2027-05-30
2026-09-03 17:34:45,395686,kbd99.com,100.00,CNY,2020-05-30,2027-05-30
2026-09-03 17:34:45,395686,9857909.com,100.00,CNY,2022-05-29,2027-05-29
2026-09-03 17:34:45,395686,9976000.com,100.00,CNY,2022-05-30,2027-05-30
2026-09-03 17:34:45,395686,hnxmfood.com,100.00,CNY,2017-05-30,2027-05-30
2026-09-03 17:34:45,395686,9857858.com,100.00,CNY,2022-05-29,2027-05-29
2026-09-03 17:34:45,395686,9857300.com,100.00,CNY,2022-05-29,2027-05-29
2026-09-03 17:34:45,395686,9857828.com,100.00,CNY,2022-05-29,2027-05-29
2026-09-03 17:34:45,395686,9857900.com,100.00,CNY,2022-05-29,2027-05-29
2026-09-03 17:34:45,395686,7676600.com,100.00,CNY,2022-05-26,2027-05-26
2026-09-03 17:34:45,395686,tccfd.com,100.00,CNY,2022-05-27,2027-05-27
2026-09-03 17:34:45,395686,7676800.com,100.00,CNY,2022-05-26,2027-05-26
2026-09-03 17:34:45,395686,vtrvt.com,100.00,CNY,2022-05-27,2027-05-27
2026-09-03 17:34:45,395686,imaginarium-ecole.com,100.00,CNY,2016-05-26,2027-05-26
2026-09-03 17:34:45,395686,7622800.com,100.00,CNY,2022-05-26,2027-05-26
2026-09-03 17:34:45,395686,7622100.com,100.00,CNY,2022-05-26,2027-05-26
2026-09-03 17:34:45,395686,7622200.com,100.00,CNY,2022-05-26,2027-05-26
2026-09-03 17:34:45,395686,qdyxmq.com,100.00,CNY,2020-05-31,2027-05-31
2026-09-03 17:34:45,395686,huiyundian.com,100.00,CNY,2020-05-31,2027-05-31
2026-09-03 17:34:45,395686,kh1818.com,100.00,CNY,2020-05-31,2027-05-31
2026-09-03 17:34:45,395686,huijiucan.com,100.00,CNY,2020-05-31,2027-05-31
2026-09-03 17:34:45,395686,762m.com,100.00,CNY,2022-05-31,2027-05-31
2026-09-03 17:34:45,395686,cqgctz.com,100.00,CNY,2020-05-31,2027-05-31
2026-09-03 17:34:45,395686,5877199.com,100.00,CNY,2022-05-30,2027-05-30
2026-09-03 17:34:45,395686,7622900.com,100.00,CNY,2022-05-26,2027-05-26
2026-09-03 17:34:45,395686,3772000.com,100.00,CNY,2022-05-26,2027-05-26
2026-09-03 17:34:45,395686,gzyufa.com,100.00,CNY,2017-05-26,2027-05-26
2026-09-03 17:34:45,395686,maxidecor-panama.com,100.00,CNY,2011-05-26,2027-05-26
2026-09-03 17:34:45,395686,a1autocarsales.com,100.00,CNY,2017-05-26,2027-05-26
2026-09-03 17:34:45,395686,3771000.com,100.00,CNY,2022-05-26,2027-05-26
2026-09-03 17:34:45,395686,herandshelley.com,100.00,CNY,2015-05-29,2027-05-29
2026-09-03 17:34:45,395686,imedia1688.com,100.00,CNY,2021-05-30,2027-05-30
2026-09-03 17:34:45,395686,gsdhzs.com,100.00,CNY,2020-05-31,2027-05-31
2026-09-03 17:34:45,395686,7676100.com,100.00,CNY,2022-05-26,2027-05-26
2026-09-03 17:34:45,395686,7999665.com,100.00,CNY,2022-05-26,2027-05-26
2026-09-03 17:34:45,395686,ydgjsmc.com,100.00,CNY,2020-05-31,2027-05-31
2026-09-03 17:34:45,395686,choujiaren.com,100.00,CNY,2019-06-08,2027-06-08
2026-09-03 17:34:45,395686,huijintan.com,100.00,CNY,2020-06-06,2027-06-06
2026-09-03 17:34:45,395686,huiyinlu.com,100.00,CNY,2020-06-06,2027-06-06
2026-09-03 17:34:45,395686,huitanhuo.com,100.00,CNY,2020-06-05,2027-06-05
2026-09-03 17:34:45,395686,yuandafuyuan.com,100.00,CNY,2019-06-05,2027-06-05
2026-09-03 17:34:45,395686,huidaishen.com,100.00,CNY,2020-06-06,2027-06-06
2026-09-03 17:34:45,395686,hjzs0313.com,100.00,CNY,2016-06-03,2027-06-03
2026-09-03 17:34:45,395686,huifatiao.com,100.00,CNY,2020-06-03,2027-06-03
2026-09-03 17:34:45,395686,huiluhuo.com,100.00,CNY,2020-06-02,2027-06-02
2026-09-03 17:34:45,395686,csyshb.com,100.00,CNY,2017-06-01,2027-06-01
2026-09-03 17:34:45,395686,loan-finder-sa.com,100.00,CNY,2013-06-01,2027-06-01
2026-09-03 17:34:45,395686,leisurecampus.com,100.00,CNY,2018-06-04,2027-06-04
2026-09-03 17:34:45,395686,huilianghui.com,100.00,CNY,2020-06-02,2027-06-02
2026-09-03 17:34:45,395686,nhdongxing.com,100.00,CNY,2019-06-03,2027-06-03
2026-09-03 17:34:45,395686,yunlingai.com,100.00,CNY,2021-06-07,2027-06-07
2026-09-03 17:34:45,395686,shytszx.com,100.00,CNY,2025-07-05,2027-07-05
2026-09-03 17:34:45,395686,sydneycoffeenerd.com,100.00,CNY,2016-07-31,2027-07-31
2026-09-03 17:34:45,395686,portlibertebroker.com,100.00,CNY,2020-07-31,2027-07-31
2026-09-03 17:34:45,395686,4que1.com,100.00,CNY,2019-07-28,2027-07-28
2026-09-03 17:34:45,395686,huolufaka.com,100.00,CNY,2022-07-27,2027-07-27
2026-09-03 17:34:45,395686,zz-hezo.com,100.00,CNY,2019-07-24,2027-07-24
2026-09-03 17:34:45,395686,shanghaidaiyuby.com,100.00,CNY,2016-07-22,2027-07-22
2026-09-03 17:34:45,395686,dangaobook.com,100.00,CNY,2019-07-18,2027-07-18
2026-09-03 17:34:45,395686,cz-qingzhifeng.com,100.00,CNY,2019-07-18,2027-07-18
2026-09-03 17:34:45,395686,hnjiahe298398.com,100.00,CNY,2018-07-18,2027-07-18
2026-09-03 17:34:45,395686,czzgjx.com,100.00,CNY,2020-07-21,2027-07-21
2026-09-03 17:34:45,395686,dinmo365.com,100.00,CNY,2018-07-16,2027-07-16
2026-09-03 17:34:45,395686,0755-22300558.com,100.00,CNY,2017-07-13,2027-07-13
2026-09-03 17:34:45,395686,yuyingjiaoyu.com,100.00,CNY,2016-07-11,2027-07-11
2026-09-03 17:34:45,395686,huiwanan.com,100.00,CNY,2020-07-05,2027-07-05
2026-09-03 17:34:45,395686,4000907518.com,100.00,CNY,2013-07-10,2027-07-10
2026-09-03 17:34:45,395686,xaercore.com,100.00,CNY,2022-07-09,2027-07-09
2026-09-03 17:34:45,395686,donotwanttowork.com,100.00,CNY,2019-07-10,2027-07-10
2026-09-03 17:34:45,395686,huidaiwu.com,100.00,CNY,2020-07-11,2027-07-11
2026-09-03 17:34:45,395686,selectivecg.com,100.00,CNY,2019-07-05,2027-07-05
2026-09-03 17:34:45,395686,xinyancheng.com,100.00,CNY,2020-07-04,2027-07-04
2026-09-03 17:34:45,395686,huidaxiu.com,100.00,CNY,2020-07-02,2027-07-02
2026-09-03 17:34:45,395686,huibaici.com,100.00,CNY,2020-07-04,2027-07-04
2026-09-03 17:34:45,395686,huifangtan.com,100.00,CNY,2020-07-02,2027-07-02
2026-09-03 17:34:45,395686,huidongting.com,100.00,CNY,2020-07-02,2027-07-02
2026-09-03 17:34:45,395686,collinsroof.com,100.00,CNY,2022-06-30,2027-06-30
2026-09-03 17:34:45,395686,squtami.com,100.00,CNY,2022-06-30,2027-06-30
2026-09-03 17:34:45,395686,esheepskin.com,100.00,CNY,2022-06-30,2027-06-30
2026-09-03 17:34:45,395686,usryinc.com,100.00,CNY,2022-06-30,2027-06-30
2026-09-03 17:34:45,395686,spreiantiair.com,100.00,CNY,2022-06-30,2027-06-30
2026-09-03 17:34:45,395686,huijiujia.com,100.00,CNY,2020-06-30,2027-06-30
2026-09-03 17:34:45,395686,huichengjing.com,100.00,CNY,2020-06-28,2027-06-28
2026-09-03 17:34:45,395686,0470tl.com,100.00,CNY,2016-06-29,2027-06-29
2026-09-03 17:34:45,395686,spirit933.com,100.00,CNY,2022-06-30,2027-06-30
2026-09-03 17:34:45,395686,xnoisemall.com,100.00,CNY,2022-06-29,2027-06-29
2026-09-03 17:34:45,395686,xcgangjiegou.com,100.00,CNY,2014-06-27,2027-06-27
2026-09-03 17:34:45,395686,senlinwgzi.com,100.00,CNY,2018-06-29,2027-06-29
2026-09-03 17:34:45,395686,plqnet.com,100.00,CNY,2020-07-31,2027-07-31
2026-09-03 17:34:45,395686,mengxianglian.com,100.00,CNY,2022-09-01,2027-09-01
2026-09-03 17:34:45,395686,nd-businessit.com,100.00,CNY,2022-09-01,2027-09-01
2026-09-03 17:34:45,395686,buy-benchmade.com,100.00,CNY,2022-09-01,2027-09-01
2026-09-03 17:34:45,395686,sh-kunchuang.com,100.00,CNY,2016-09-01,2027-09-01
2026-09-03 17:34:45,395686,eychrt.com,100.00,CNY,2019-09-01,2027-09-01
2026-09-03 17:34:45,395686,dandelion-med.com,100.00,CNY,2022-09-01,2027-09-01
2026-09-03 17:34:45,395686,spt-equipment.com,100.00,CNY,2022-09-01,2027-09-01
2026-09-03 17:34:45,395686,ayushmanhuman.com,100.00,CNY,2022-09-01,2027-09-01
2026-09-03 17:34:45,395686,skyhousenorth.com,100.00,CNY,2022-09-01,2027-09-01
2026-09-03 17:34:45,395686,viandesengros.com,100.00,CNY,2022-09-01,2027-09-01
2026-09-03 17:34:45,395686,hetaovip.com,100.00,CNY,2016-09-01,2027-09-01
2026-09-03 17:34:45,395686,zehranakliyat.com,100.00,CNY,2022-09-01,2027-09-01
2026-09-03 17:34:45,395686,baidoutui.com,100.00,CNY,2020-09-01,2027-09-01
2026-09-03 17:34:45,395686,peopletoinspire.com,100.00,CNY,2022-09-01,2027-09-01
2026-09-03 17:34:45,395686,chainsforbrains.com,100.00,CNY,2022-09-01,2027-09-01
2026-09-03 17:34:45,395686,huazhicable.com,100.00,CNY,2020-09-02,2027-09-02
2026-09-03 17:34:45,395686,wbgdstyxgs.com,100.00,CNY,2016-09-01,2027-09-01
2026-09-03 17:34:45,395686,yuexingshouyao.com,100.00,CNY,2020-09-02,2027-09-02
2026-09-03 17:34:45,395686,uowogo.com,100.00,CNY,2022-09-02,2027-09-02
2026-09-03 17:34:45,395686,bjbfqh.com,100.00,CNY,2022-09-02,2027-09-02
2026-09-03 17:34:45,395686,twomarch.com,100.00,CNY,2020-09-02,2027-09-02
2026-09-03 17:34:45,395686,i-homestore.com,100.00,CNY,2020-09-02,2027-09-02
2026-09-03 17:34:45,395686,vohuan.com,100.00,CNY,2022-09-02,2027-09-02
2026-09-03 17:34:45,395686,szbaifutai.com,100.00,CNY,2022-09-02,2027-09-02
2026-09-03 17:34:45,395686,kqcymz.com,100.00,CNY,2020-09-02,2027-09-02
2026-09-03 17:34:45,395686,syfeiboli888.com,100.00,CNY,2019-09-02,2027-09-02
2026-09-03 17:34:45,395686,chuboshidq.com,100.00,CNY,2014-09-02,2027-09-02
2026-09-03 17:34:45,395686,aluminium-pipe.com,100.00,CNY,2017-09-02,2027-09-02
2026-09-03 17:34:45,395686,fsdeneng168.com,100.00,CNY,2016-09-02,2027-09-02
2026-09-03 17:34:45,395686,yzyecai.com,100.00,CNY,2020-09-03,2027-09-03
2026-09-03 17:34:45,395686,datiaocao.com,100.00,CNY,2022-09-03,2027-09-03
2026-09-03 17:34:45,395686,nolimet.com,100.00,CNY,2019-09-03,2027-09-03
2026-09-03 17:34:45,395686,feicheng0538.com,100.00,CNY,2019-09-03,2027-09-03
2026-09-03 17:34:45,395686,e-n-e-t.com,100.00,CNY,2022-09-03,2027-09-03
2026-09-03 17:34:45,395686,c-yijiali.com,100.00,CNY,2022-09-04,2027-09-04
2026-09-03 17:34:45,395686,victorlin520.com,100.00,CNY,2020-09-04,2027-09-04
2026-09-03 17:34:45,395686,fsdasd.com,100.00,CNY,2020-09-03,2027-09-03
2026-09-03 17:34:45,395686,hebeiyuhong.com,100.00,CNY,2019-09-03,2027-09-03
2026-09-03 17:34:45,395686,mdylgl.com,100.00,CNY,2019-09-04,2027-09-04
2026-09-03 17:34:45,395686,bxjrbank.com,100.00,CNY,2020-09-04,2027-09-04
2026-09-03 17:34:45,395686,gzshanhecases.com,100.00,CNY,2019-09-04,2027-09-04
2026-09-03 17:34:45,395686,dcduanxianwei.com,100.00,CNY,2020-09-04,2027-09-04
2026-09-03 17:34:45,395686,hgxcljg.com,100.00,CNY,2017-09-04,2027-09-04
2026-09-03 17:34:45,395686,lytt2266.com,100.00,CNY,2019-09-04,2027-09-04
2026-09-03 17:34:45,395686,xyfpsglj.com,100.00,CNY,2020-09-05,2027-09-05
2026-09-03 17:34:45,395686,bhyss.com,100.00,CNY,2020-09-05,2027-09-05
2026-09-03 17:34:45,395686,xnrbook.com,100.00,CNY,2022-09-05,2027-09-05
2026-09-03 17:34:45,395686,xnrtool.com,100.00,CNY,2022-09-05,2027-09-05
2026-09-03 17:34:45,395686,ycaipu.com,100.00,CNY,2020-09-05,2027-09-05
2026-09-03 17:34:45,395686,huajieco.com,100.00,CNY,2014-09-05,2027-09-05
2026-09-03 17:34:45,395686,xunirenbank.com,100.00,CNY,2022-09-05,2027-09-05
2026-09-03 17:34:45,395686,0318zjg.com,100.00,CNY,2020-09-05,2027-09-05
2026-09-03 17:34:45,395686,santak-shanteups.com,100.00,CNY,2016-09-05,2027-09-05
2026-09-03 17:34:45,395686,camp-cn.com,100.00,CNY,2019-09-05,2027-09-05
2026-09-03 17:34:45,395686,combat-magazine.com,100.00,CNY,2022-09-05,2027-09-05
2026-09-03 17:34:45,395686,cn-hgsj.com,100.00,CNY,2019-09-06,2027-09-06
2026-09-03 17:34:45,395686,enzymexpo.com,100.00,CNY,2019-09-06,2027-09-06
2026-09-03 17:34:45,395686,xashousuoji.com,100.00,CNY,2020-09-06,2027-09-06
2026-09-03 17:34:45,395686,hzbjqczl.com,100.00,CNY,2019-09-05,2027-09-05
2026-09-03 17:34:45,395686,jkxwhg.com,100.00,CNY,2022-09-06,2027-09-06
2026-09-03 17:34:45,395686,llhssy.com,100.00,CNY,2020-09-06,2027-09-06
2026-09-03 17:34:45,395686,cchdxxw.com,100.00,CNY,2020-09-06,2027-09-06
2026-09-03 17:34:45,395686,guanyidong.com,100.00,CNY,2020-09-06,2027-09-06
2026-09-03 17:34:45,395686,dulcesydelicias.com,100.00,CNY,2022-09-06,2027-09-06
2026-09-03 17:34:45,395686,xjltlhb.com,100.00,CNY,2011-09-06,2027-09-06
2026-09-03 17:34:45,395686,bjzbxs.com,100.00,CNY,2020-09-06,2027-09-06
2026-09-03 17:34:45,395686,jwxlbw.com,100.00,CNY,2020-09-06,2027-09-06
2026-09-03 17:34:45,395686,glpmec.com,100.00,CNY,2020-09-06,2027-09-06
2026-09-03 17:34:45,395686,jiefakeji.com,100.00,CNY,2019-09-06,2027-09-06
2026-09-03 17:34:45,395686,fsgedisi.com,100.00,CNY,2018-09-06,2027-09-06
2026-09-03 17:34:45,395686,tcldlsc.com,100.00,CNY,2019-09-06,2027-09-06
2026-09-03 17:34:45,395686,chengxin-bj.com,100.00,CNY,2016-09-06,2027-09-06
2026-09-03 17:34:45,395686,andosson.com,100.00,CNY,2019-09-06,2027-09-06
2026-09-03 17:34:45,395686,tfjsjmyp.com,100.00,CNY,2019-09-06,2027-09-06
2026-09-03 17:34:45,395686,371biz.com,100.00,CNY,2019-09-06,2027-09-06
2026-09-03 17:34:45,395686,jhsqql.com,100.00,CNY,2020-09-07,2027-09-07
2026-09-03 17:34:45,395686,xunmengyizhan.com,100.00,CNY,2020-09-07,2027-09-07
2026-09-03 17:34:45,395686,wztfbzcl.com,100.00,CNY,2020-09-07,2027-09-07
2026-09-03 17:34:45,395686,yztychemical.com,100.00,CNY,2020-09-07,2027-09-07
2026-09-03 17:34:45,395686,daqiwh.com,100.00,CNY,2020-09-07,2027-09-07
2026-09-03 17:34:45,395686,yilidianjian.com,100.00,CNY,2020-09-07,2027-09-07
2026-09-03 17:34:45,395686,digitaltwintrade.com,100.00,CNY,2022-09-07,2027-09-07
2026-09-03 17:34:45,395686,digitaltwinchain.com,100.00,CNY,2022-09-07,2027-09-07
2026-09-03 17:34:45,395686,rawetah.com,100.00,CNY,2020-09-07,2027-09-07
2026-09-03 17:34:45,395686,digitaltwintool.com,100.00,CNY,2022-09-07,2027-09-07
2026-09-03 17:34:45,395686,anyi119.com,100.00,CNY,2016-09-07,2027-09-07
2026-09-03 17:34:45,395686,nxstsm.com,100.00,CNY,2020-09-08,2027-09-08
2026-09-03 17:34:45,395686,digitaltwinpower.com,100.00,CNY,2022-09-07,2027-09-07
2026-09-03 17:34:45,395686,champs168.com,100.00,CNY,2019-09-08,2027-09-08
2026-09-03 17:34:45,395686,zhubo114.com,100.00,CNY,2019-09-08,2027-09-08
2026-09-03 17:34:45,395686,huaiheyuanchaye.com,100.00,CNY,2020-09-08,2027-09-08
2026-09-03 17:34:45,395686,kunyiad.com,100.00,CNY,2020-09-08,2027-09-08
2026-09-03 17:34:45,395686,hotwebdesigntalk.com,100.00,CNY,2005-09-08,2027-09-08
2026-09-03 17:34:45,395686,xnrstore.com,100.00,CNY,2022-09-08,2027-09-08
2026-09-03 17:34:45,395686,jxn-wedding.com,100.00,CNY,2020-09-09,2027-09-09
2026-09-03 17:34:45,395686,bluwateradventures.com,100.00,CNY,2003-04-09,2027-09-08
2026-09-03 17:34:45,395686,szjkjz.com,100.00,CNY,2020-09-08,2027-09-08
2026-09-03 17:34:45,395686,tjzjgt.com,100.00,CNY,2020-09-09,2027-09-09
2026-09-03 17:34:45,395686,scholars-suzhou.com,100.00,CNY,2019-09-09,2027-09-09
2026-09-03 17:34:45,395686,lqgc008.com,100.00,CNY,2020-09-09,2027-09-09
2026-09-03 17:34:45,395686,tcbsws.com,100.00,CNY,2020-09-10,2027-09-10
2026-09-03 17:34:45,395686,shenjianhw.com,100.00,CNY,2020-09-10,2027-09-10
2026-09-03 17:34:45,395686,kunpengcp.com,100.00,CNY,2020-09-10,2027-09-10
2026-09-03 17:34:45,395686,fxcydy.com,100.00,CNY,2020-09-10,2027-09-10
2026-09-03 17:34:45,395686,gryffindor-muggle.com,100.00,CNY,2018-09-10,2027-09-10
2026-09-03 17:34:45,395686,qiyedc.com,100.00,CNY,2020-09-10,2027-09-10
2026-09-03 17:34:45,395686,bjksjf.com,100.00,CNY,2020-09-11,2027-09-11
2026-09-03 17:34:45,395686,yinhuizs.com,100.00,CNY,2020-09-11,2027-09-11
2026-09-03 17:34:45,395686,pissingfun.com,100.00,CNY,2022-09-11,2027-09-11
2026-09-03 17:34:45,395686,party-poker1.com,100.00,CNY,2022-09-11,2027-09-11
2026-09-03 17:34:45,395686,easy-source.com,100.00,CNY,2022-09-11,2027-09-11
2026-09-03 17:34:45,395686,cspprecision.com,100.00,CNY,2022-09-11,2027-09-11
2026-09-03 17:34:45,395686,tlawblog.com,100.00,CNY,2022-09-11,2027-09-11
2026-09-03 17:34:45,395686,clearblueri.com,100.00,CNY,2022-09-11,2027-09-11
2026-09-03 17:34:45,395686,totuzeneigyo.com,100.00,CNY,2022-09-11,2027-09-11
2026-09-03 17:34:45,395686,well4sale.com,100.00,CNY,2022-09-11,2027-09-11
2026-09-03 17:34:45,395686,post-pold.com,100.00,CNY,2022-09-11,2027-09-11
2026-09-03 17:34:45,395686,elfathbarcode.com,100.00,CNY,2022-09-11,2027-09-11
2026-09-03 17:34:45,395686,thebikegps.com,100.00,CNY,2022-09-11,2027-09-11
2026-09-03 17:34:45,395686,apdrupal.com,100.00,CNY,2022-09-11,2027-09-11
2026-09-03 17:34:45,395686,viraj-com.com,100.00,CNY,2022-09-11,2027-09-11
2026-09-03 17:34:45,395686,gr8fulheart.com,100.00,CNY,2022-09-11,2027-09-11
2026-09-03 17:34:45,395686,nanaspetals.com,100.00,CNY,2022-09-11,2027-09-11
2026-09-03 17:34:45,395686,ayoungoldman.com,100.00,CNY,2022-09-11,2027-09-11
2026-09-03 17:34:45,395686,filter-cb.com,100.00,CNY,2022-09-11,2027-09-11
2026-09-03 17:34:45,395686,spot-ar.com,100.00,CNY,2022-09-11,2027-09-11
2026-09-03 17:34:45,395686,dtcidrilltech.com,100.00,CNY,2022-09-11,2027-09-11
2026-09-03 17:34:45,395686,bory-expo.com,100.00,CNY,2018-09-11,2027-09-11
2026-09-03 17:34:45,395686,onlyyou-love.com,100.00,CNY,2020-09-11,2027-09-11
2026-09-03 17:34:45,395686,jxhualigong.com,100.00,CNY,2020-09-11,2027-09-11
2026-09-03 17:34:45,395686,bbjssy.com,100.00,CNY,2020-09-12,2027-09-12
2026-09-03 17:34:45,395686,crrchx.com,100.00,CNY,2020-09-12,2027-09-12
2026-09-03 17:34:45,395686,jiangyudz.com,100.00,CNY,2017-09-11,2027-09-11
2026-09-03 17:34:45,395686,mesa-vista.com,100.00,CNY,2022-09-12,2027-09-12
2026-09-03 17:34:45,395686,qihongxx.com,100.00,CNY,2020-09-12,2027-09-12
2026-09-03 17:34:45,395686,djmegamax.com,100.00,CNY,2022-09-12,2027-09-12
2026-09-03 17:34:45,395686,oridisplay.com,100.00,CNY,2022-09-12,2027-09-12
2026-09-03 17:34:45,395686,josiemgrove.com,100.00,CNY,2022-09-12,2027-09-12
2026-09-03 17:34:45,395686,viceversa2mil.com,100.00,CNY,2022-09-01,2027-09-01
2026-09-03 17:34:45,395686,shabdaacademy.com,100.00,CNY,2022-09-01,2027-09-01
2026-09-03 17:34:45,395686,gogo511.com,100.00,CNY,2019-09-11,2027-09-11
2026-09-03 17:34:45,395686,shanshuiting.com,100.00,CNY,2019-09-17,2027-09-17
2026-09-03 17:34:45,395686,dyhsrhy.com,100.00,CNY,2020-09-17,2027-09-17
2026-09-03 17:34:45,395686,cqpxhg.com,100.00,CNY,2013-09-17,2027-09-17
2026-09-03 17:34:45,395686,bingxiangtietong.com,100.00,CNY,2014-09-17,2027-09-17
2026-09-03 17:34:45,395686,spiceopolis.com,100.00,CNY,2022-09-16,2027-09-16
2026-09-03 17:34:45,395686,westchestersem.com,100.00,CNY,2022-09-16,2027-09-16
2026-09-03 17:34:45,395686,gd-guanfeng.com,100.00,CNY,2020-09-16,2027-09-16
2026-09-03 17:34:45,395686,shxlkeji.com,100.00,CNY,2020-09-17,2027-09-17
2026-09-03 17:34:45,395686,pangkalanpromo.com,100.00,CNY,2022-09-16,2027-09-16
2026-09-03 17:34:45,395686,touchwareapps.com,100.00,CNY,2022-09-16,2027-09-16
2026-09-03 17:34:45,395686,lygelong.com,100.00,CNY,2022-09-16,2027-09-16
2026-09-03 17:34:45,395686,mj-apparel.com,100.00,CNY,2022-09-16,2027-09-16
2026-09-03 17:34:45,395686,artwallhanging.com,100.00,CNY,2022-09-16,2027-09-16
2026-09-03 17:34:45,395686,event4science.com,100.00,CNY,2022-09-16,2027-09-16
2026-09-03 17:34:45,395686,multioilandgas.com,100.00,CNY,2022-09-16,2027-09-16
2026-09-03 17:34:45,395686,jekonomika.com,100.00,CNY,2022-09-16,2027-09-16
2026-09-03 17:34:45,395686,mrelcheapo.com,100.00,CNY,2022-09-16,2027-09-16
2026-09-03 17:34:45,395686,fhx-sever.com,100.00,CNY,2022-09-16,2027-09-16
2026-09-03 17:34:45,395686,vhrafd.com,100.00,CNY,2022-09-16,2027-09-16
2026-09-03 17:34:45,395686,techsolvez.com,100.00,CNY,2022-09-16,2027-09-16
2026-09-03 17:34:45,395686,fangweibiao123.com,100.00,CNY,2020-09-16,2027-09-16
2026-09-03 17:34:45,395686,ourdandelion.com,100.00,CNY,2022-09-16,2027-09-16
2026-09-03 17:34:45,395686,yftzgl.com,100.00,CNY,2020-09-16,2027-09-16
2026-09-03 17:34:45,395686,blingsfashion.com,100.00,CNY,2022-09-16,2027-09-16
2026-09-03 17:34:45,395686,jsfabb.com,100.00,CNY,2020-09-16,2027-09-16
2026-09-03 17:34:45,395686,hbjstzs.com,100.00,CNY,2017-09-13,2027-09-13
2026-09-03 17:34:45,395686,ufocatcherfans.com,100.00,CNY,2012-09-15,2027-09-15
2026-09-03 17:34:45,395686,longzedianli.com,100.00,CNY,2019-09-15,2027-09-15
2026-09-03 17:34:45,395686,hbsanqiang.com,100.00,CNY,2018-09-13,2027-09-13
2026-09-03 17:34:45,395686,kensonlinestore.com,100.00,CNY,2022-09-13,2027-09-13
2026-09-03 17:34:45,395686,mmx-mmx.com,100.00,CNY,2022-09-13,2027-09-13
2026-09-03 17:34:45,395686,atp-meclub.com,100.00,CNY,2022-09-13,2027-09-13
2026-09-03 17:34:45,395686,hangzhouwangzhan.com,100.00,CNY,2022-09-13,2027-09-13
2026-09-03 17:34:45,395686,suzijin.com,100.00,CNY,2022-09-13,2027-09-13
2026-09-03 17:34:45,395686,deepinsem.com,100.00,CNY,2022-09-13,2027-09-13
2026-09-03 17:34:45,395686,fczhongwang.com,100.00,CNY,2022-09-13,2027-09-13
2026-09-03 17:34:45,395686,bumbumstyle.com,100.00,CNY,2022-09-13,2027-09-13
2026-09-03 17:34:45,395686,tuisongmao.com,100.00,CNY,2022-09-13,2027-09-13
2026-09-03 17:34:45,395686,scxslq.com,100.00,CNY,2022-09-13,2027-09-13
2026-09-03 17:34:45,395686,qcxxhy.com,100.00,CNY,2022-09-13,2027-09-13
2026-09-03 17:34:45,395686,cqfanersai.com,100.00,CNY,2022-09-13,2027-09-13
2026-09-03 17:34:45,395686,zizroc.com,100.00,CNY,2022-09-13,2027-09-13
2026-09-03 17:34:45,395686,xesconsulting.com,100.00,CNY,2022-09-12,2027-09-12
2026-09-03 17:34:45,395686,lbdhrq.com,100.00,CNY,2022-09-13,2027-09-13
2026-09-03 17:34:45,395686,ltqych.com,100.00,CNY,2022-09-13,2027-09-13
2026-09-03 17:34:45,395686,tootpaste.com,100.00,CNY,2022-09-12,2027-09-12
2026-09-03 17:34:45,395686,acabilling.com,100.00,CNY,2022-09-12,2027-09-12
2026-09-03 17:34:45,395686,dhqst.com,100.00,CNY,2022-09-12,2027-09-12
2026-09-03 17:34:45,395686,ice-sweeper.com,100.00,CNY,2022-09-12,2027-09-12
2026-09-03 17:34:45,395686,dreamtours4u.com,100.00,CNY,2022-09-12,2027-09-12
2026-09-03 17:34:45,395686,ultrafitmma.com,100.00,CNY,2022-09-12,2027-09-12
2026-09-03 17:34:45,395686,sugarsuck.com,100.00,CNY,2022-09-12,2027-09-12
2026-09-03 17:34:45,395686,sfyouthjobs.com,100.00,CNY,2022-09-12,2027-09-12
2026-09-03 17:34:45,395686,rfoverload.com,100.00,CNY,2022-09-12,2027-09-12
2026-09-03 17:34:45,395686,ao-neuro.com,100.00,CNY,2022-09-12,2027-09-12
2026-09-03 17:34:45,395686,allenlevin.com,100.00,CNY,2022-09-12,2027-09-12
2026-09-03 17:34:45,395686,rosscreekfarm.com,100.00,CNY,2022-09-12,2027-09-12
2026-09-03 17:34:45,395686,ywebhost.com,100.00,CNY,2022-09-12,2027-09-12
2026-09-03 17:34:45,395686,matthusted.com,100.00,CNY,2022-09-12,2027-09-12
2026-09-03 17:34:45,395686,haitiweddings.com,100.00,CNY,2022-09-12,2027-09-12
2026-09-03 17:34:45,395686,hrullportfolio.com,100.00,CNY,2022-09-12,2027-09-12
2026-09-03 17:34:45,395686,15011309519.com,100.00,CNY,2020-09-12,2027-09-12
2026-09-03 17:34:45,395686,vanchegujarati.com,100.00,CNY,2022-09-27,2027-09-27
2026-09-03 17:34:45,395686,josephcharlton.com,100.00,CNY,2022-09-27,2027-09-27
2026-09-03 17:34:45,395686,sjtrafficjam.com,100.00,CNY,2022-09-27,2027-09-27
2026-09-03 17:34:45,395686,upanddownagain.com,100.00,CNY,2022-09-27,2027-09-27
2026-09-03 17:34:45,395686,06633651912.com,100.00,CNY,2022-09-27,2027-09-27
2026-09-03 17:34:45,395686,withalicelees.com,100.00,CNY,2022-09-27,2027-09-27
2026-09-03 17:34:45,395686,politicianad.com,100.00,CNY,2022-09-27,2027-09-27
2026-09-03 17:34:45,395686,bug-boy.com,100.00,CNY,2022-09-27,2027-09-27
2026-09-03 17:34:45,395686,f1-experience.com,100.00,CNY,2022-09-27,2027-09-27
2026-09-03 17:34:45,395686,japanautonews.com,100.00,CNY,2022-09-27,2027-09-27
2026-09-03 17:34:45,395686,buymycorrhiza.com,100.00,CNY,2022-09-27,2027-09-27
2026-09-03 17:34:45,395686,homescambria.com,100.00,CNY,2022-09-27,2027-09-27
2026-09-03 17:34:45,395686,overendmedia.com,100.00,CNY,2022-09-27,2027-09-27
2026-09-03 17:34:45,395686,lake-lifestyle.com,100.00,CNY,2022-09-27,2027-09-27
2026-09-03 17:34:45,395686,monmarketplace.com,100.00,CNY,2022-09-27,2027-09-27
2026-09-03 17:34:45,395686,bank-finder.com,100.00,CNY,2022-09-27,2027-09-27
2026-09-03 17:34:45,395686,drivecarads.com,100.00,CNY,2022-09-27,2027-09-27
2026-09-03 17:34:45,395686,apartmentpromo.com,100.00,CNY,2022-09-27,2027-09-27
2026-09-03 17:34:45,395686,adhocdatabases.com,100.00,CNY,2022-09-27,2027-09-27
2026-09-03 17:34:45,395686,adhocdatabase.com,100.00,CNY,2022-09-27,2027-09-27
2026-09-03 17:34:45,395686,kensmarketplace.com,100.00,CNY,2022-09-27,2027-09-27
2026-09-03 17:34:45,395686,ira-protection.com,100.00,CNY,2022-09-27,2027-09-27
2026-09-03 17:34:45,395686,bestrabbitfood.com,100.00,CNY,2022-09-27,2027-09-27
2026-09-03 17:34:45,395686,blueelephantnyc.com,100.00,CNY,2022-09-27,2027-09-27
2026-09-03 17:34:45,395686,legacytradional.com,100.00,CNY,2022-09-27,2027-09-27
2026-09-03 17:34:45,395686,18benthillcourt.com,100.00,CNY,2022-09-27,2027-09-27
2026-09-03 17:34:45,395686,11crestwooddr.com,100.00,CNY,2022-09-27,2027-09-27
2026-09-03 17:34:45,395686,beashonboutique.com,100.00,CNY,2022-09-27,2027-09-27
2026-09-03 17:34:45,395686,20exchangeplace.com,100.00,CNY,2022-09-27,2027-09-27
2026-09-03 17:34:45,395686,bestvehicledeal.com,100.00,CNY,2022-09-27,2027-09-27
2026-09-03 17:34:45,395686,colorhappens.com,100.00,CNY,2022-09-27,2027-09-27
2026-09-03 17:34:45,395686,nmgpajq.com,100.00,CNY,2019-09-27,2027-09-27
2026-09-03 17:34:45,395686,wanjiezs.com,100.00,CNY,2019-09-27,2027-09-27
2026-09-03 17:34:45,395686,clarkamercan.com,100.00,CNY,2022-09-27,2027-09-27
2026-09-03 17:34:45,395686,tjziz.com,100.00,CNY,2020-09-27,2027-09-27
2026-09-03 17:34:45,395686,cqdalin.com,100.00,CNY,2017-09-27,2027-09-27
2026-09-03 17:34:45,395686,jlcscy.com,100.00,CNY,2020-09-27,2027-09-27
2026-09-03 17:34:45,395686,cdszmc.com,100.00,CNY,2020-09-27,2027-09-27
2026-09-03 17:34:45,395686,zhiqiyunhui.com,100.00,CNY,2018-09-26,2027-09-26
2026-09-03 17:34:45,395686,shangpinyichu.com,100.00,CNY,2022-09-26,2027-09-26
2026-09-03 17:34:45,395686,royalyonresorts.com,100.00,CNY,2022-09-26,2027-09-26
2026-09-03 17:34:45,395686,mydiaselclaim.com,100.00,CNY,2022-09-26,2027-09-26
2026-09-03 17:34:45,395686,juiceandfruits.com,100.00,CNY,2022-09-26,2027-09-26
2026-09-03 17:34:45,395686,hebeijinye.com,100.00,CNY,2017-09-26,2027-09-26
2026-09-03 17:34:45,395686,chawinjewelry.com,100.00,CNY,2022-09-26,2027-09-26
2026-09-03 17:34:45,395686,zhongtianschool.com,100.00,CNY,2022-09-26,2027-09-26
2026-09-03 17:34:45,395686,asaferbuilding.com,100.00,CNY,2022-09-26,2027-09-26
2026-09-03 17:34:45,395686,salesman-bd.com,100.00,CNY,2022-09-26,2027-09-26
2026-09-03 17:34:45,395686,asaferbusiness.com,100.00,CNY,2022-09-26,2027-09-26
2026-09-03 17:34:45,395686,akidneyforjosh.com,100.00,CNY,2022-09-26,2027-09-26
2026-09-03 17:34:45,395686,singlestruggles.com,100.00,CNY,2022-09-26,2027-09-26
2026-09-03 17:34:45,395686,aretheybackyet.com,100.00,CNY,2022-09-26,2027-09-26
2026-09-03 17:34:45,395686,getptclientsnow.com,100.00,CNY,2022-09-26,2027-09-26
2026-09-03 17:34:45,395686,agent99highroi.com,100.00,CNY,2022-09-26,2027-09-26
2026-09-03 17:34:45,395686,drive1financial.com,100.00,CNY,2022-09-26,2027-09-26
2026-09-03 17:34:45,395686,modernistmoose.com,100.00,CNY,2022-09-26,2027-09-26
2026-09-03 17:34:45,395686,mymortgagedaddy.com,100.00,CNY,2022-09-26,2027-09-26
2026-09-03 17:34:45,395686,yourcultureclub.com,100.00,CNY,2022-09-26,2027-09-26
2026-09-03 17:34:45,395686,ramyainteriors.com,100.00,CNY,2022-09-26,2027-09-26
2026-09-03 17:34:45,395686,moneymagnetplus.com,100.00,CNY,2022-09-26,2027-09-26
2026-09-03 17:34:45,395686,tiendajahnisi.com,100.00,CNY,2022-09-26,2027-09-26
2026-09-03 17:34:45,395686,thetimwilson.com,100.00,CNY,2022-09-26,2027-09-26
2026-09-03 17:34:45,395686,qingyuanmr.com,100.00,CNY,2022-09-26,2027-09-26
2026-09-03 17:34:45,395686,521productions.com,100.00,CNY,2022-09-26,2027-09-26
2026-09-03 17:34:45,395686,gdndl.com,100.00,CNY,2019-09-26,2027-09-26
2026-09-03 17:34:45,395686,kstchem.com,100.00,CNY,2017-09-26,2027-09-26
2026-09-03 17:34:45,395686,bjwjyfgs.com,100.00,CNY,2020-09-26,2027-09-26
2026-09-03 17:34:45,395686,miantb.com,100.00,CNY,2020-09-26,2027-09-26
2026-09-03 17:34:45,395686,hnajmb.com,100.00,CNY,2020-09-26,2027-09-26
2026-09-03 17:34:45,395686,jsxzxl.com,100.00,CNY,2020-09-26,2027-09-26
2026-09-03 17:34:45,395686,ahboyu.com,100.00,CNY,2020-09-26,2027-09-26
2026-09-03 17:34:45,395686,kpys1688.com,100.00,CNY,2020-09-26,2027-09-26
2026-09-03 17:34:45,395686,bwcxlove.com,100.00,CNY,2019-09-25,2027-09-25
2026-09-03 17:34:45,395686,rsy1717.com,100.00,CNY,2020-09-25,2027-09-25
2026-09-03 17:34:45,395686,huiset.com,100.00,CNY,2019-09-25,2027-09-25
2026-09-03 17:34:45,395686,sh-sldt.com,100.00,CNY,2014-09-25,2027-09-25
2026-09-03 17:34:45,395686,hushi11.com,100.00,CNY,2019-09-25,2027-09-25
2026-09-03 17:34:45,395686,ntyfhg.com,100.00,CNY,2020-09-25,2027-09-25
2026-09-03 17:34:45,395686,jual-mesinbubut.com,100.00,CNY,2022-09-24,2027-09-24
2026-09-03 17:34:45,395686,funbikescenter.com,100.00,CNY,2022-09-24,2027-09-24
2026-09-03 17:34:45,395686,hbj-ang.com,100.00,CNY,2020-09-24,2027-09-24
2026-09-03 17:34:45,395686,muawebsite.com,100.00,CNY,2020-09-24,2027-09-24
2026-09-03 17:34:50,395686,chunyip88.com,100.00,CNY,2014-09-24,2027-09-24
2026-09-03 17:34:50,395686,14713mccormick.com,100.00,CNY,2022-09-24,2027-09-24
2026-09-03 17:34:50,395686,healthyfitnfree.com,100.00,CNY,2022-09-24,2027-09-24
2026-09-03 17:34:50,395686,f8menu.com,100.00,CNY,2022-09-24,2027-09-24
2026-09-03 17:34:50,395686,jinheymz.com,100.00,CNY,2020-09-24,2027-09-24
2026-09-03 17:34:50,395686,lionesscalling.com,100.00,CNY,2022-09-24,2027-09-24
2026-09-03 17:34:50,395686,performwebs.com,100.00,CNY,2020-09-24,2027-09-24
2026-09-03 17:34:50,395686,0564nlife.com,100.00,CNY,2019-09-24,2027-09-24
2026-09-03 17:34:50,395686,ag83828.com,100.00,CNY,2022-09-23,2027-09-23
2026-09-03 17:34:50,395686,thehappyscreens.com,100.00,CNY,2022-09-23,2027-09-23
2026-09-03 17:34:50,395686,ag83821.com,100.00,CNY,2022-09-23,2027-09-23
2026-09-03 17:34:50,395686,unboxed-giftbox.com,100.00,CNY,2022-09-23,2027-09-23
2026-09-03 17:34:50,395686,88712666.com,100.00,CNY,2022-09-24,2027-09-24
2026-09-03 17:34:50,395686,wwwomens.com,100.00,CNY,2022-09-23,2027-09-23
2026-09-03 17:34:50,395686,ylqxhb.com,100.00,CNY,2020-09-24,2027-09-24
2026-09-03 17:34:50,395686,viewsonbroadway.com,100.00,CNY,2022-09-23,2027-09-23
2026-09-03 17:34:50,395686,promocodeswine.com,100.00,CNY,2022-09-23,2027-09-23
2026-09-03 17:34:50,395686,qbkj-app.com,100.00,CNY,2022-09-23,2027-09-23
2026-09-03 17:34:50,395686,breathinglungs.com,100.00,CNY,2022-09-23,2027-09-23
2026-09-03 17:34:50,395686,precisionvista.com,100.00,CNY,2022-09-23,2027-09-23
2026-09-03 17:34:50,395686,zachsoutherland.com,100.00,CNY,2022-09-23,2027-09-23
2026-09-03 17:34:50,395686,fatarchitects.com,100.00,CNY,2022-09-23,2027-09-23
2026-09-03 17:34:50,395686,collaborindex.com,100.00,CNY,2022-09-23,2027-09-23
2026-09-03 17:34:50,395686,buymaightybite.com,100.00,CNY,2022-09-23,2027-09-23
2026-09-03 17:34:50,395686,pimpdaddygroovy.com,100.00,CNY,2022-09-23,2027-09-23
2026-09-03 17:34:50,395686,true-revolution.com,100.00,CNY,2022-09-23,2027-09-23
2026-09-03 17:34:50,395686,thewealthminds.com,100.00,CNY,2022-09-23,2027-09-23
2026-09-03 17:34:50,395686,jenellekirchoff.com,100.00,CNY,2022-09-23,2027-09-23
2026-09-03 17:34:50,395686,sailinganamcara.com,100.00,CNY,2022-09-23,2027-09-23
2026-09-03 17:34:50,395686,adpworkdornow.com,100.00,CNY,2022-09-23,2027-09-23
2026-09-03 17:34:50,395686,solveforbread.com,100.00,CNY,2022-09-23,2027-09-23
2026-09-03 17:34:50,395686,0594dhj.com,100.00,CNY,2022-09-23,2027-09-23
2026-09-03 17:34:50,395686,empathytoolkit.com,100.00,CNY,2022-09-23,2027-09-23
2026-09-03 17:34:50,395686,520fanlitaobao.com,100.00,CNY,2022-09-23,2027-09-23
2026-09-03 17:34:50,395686,99215hd.com,100.00,CNY,2022-09-23,2027-09-23
2026-09-03 17:34:50,395686,zunairafirdous.com,100.00,CNY,2022-09-23,2027-09-23
2026-09-03 17:34:50,395686,cqyclp.com,100.00,CNY,2019-09-22,2027-09-22
2026-09-03 17:34:50,395686,whatspoppingmd.com,100.00,CNY,2022-09-23,2027-09-23
2026-09-03 17:34:50,395686,bestcryptostart.com,100.00,CNY,2022-09-23,2027-09-23
2026-09-03 17:34:50,395686,fenfa-666.com,100.00,CNY,2022-09-23,2027-09-23
2026-09-03 17:34:50,395686,jaibabamohanram.com,100.00,CNY,2022-09-23,2027-09-23
2026-09-03 17:34:50,395686,653124.com,100.00,CNY,2022-09-23,2027-09-23
2026-09-03 17:34:50,395686,plateau-tech.com,100.00,CNY,2022-09-23,2027-09-23
2026-09-03 17:34:50,395686,9se2oha.com,100.00,CNY,2022-09-23,2027-09-23
2026-09-03 17:34:50,395686,l-tplan.com,100.00,CNY,2022-09-23,2027-09-23
2026-09-03 17:34:50,395686,tianyangwenchang.com,100.00,CNY,2016-09-23,2027-09-23
2026-09-03 17:34:50,395686,tytx168.com,100.00,CNY,2020-09-22,2027-09-22
2026-09-03 17:34:50,395686,fitnessvshealth.com,100.00,CNY,2022-09-23,2027-09-23
2026-09-03 17:34:50,395686,fsysfan.com,100.00,CNY,2017-09-23,2027-09-23
2026-09-03 17:34:50,395686,casadinis.com,100.00,CNY,2022-09-21,2027-09-21
2026-09-03 17:34:50,395686,honshowgroup.com,100.00,CNY,2020-09-22,2027-09-22
2026-09-03 17:34:50,395686,app-chat-free.com,100.00,CNY,2022-09-21,2027-09-21
2026-09-03 17:34:50,395686,rafaelsjewelry.com,100.00,CNY,2022-09-20,2027-09-20
2026-09-03 17:34:50,395686,jizzitube.com,100.00,CNY,2022-09-20,2027-09-20
2026-09-03 17:34:50,395686,liuzhoult.com,100.00,CNY,2016-09-21,2027-09-21
2026-09-03 17:34:50,395686,laiyi-tech.com,100.00,CNY,2014-09-21,2027-09-21
2026-09-03 17:34:50,395686,bbjh0598.com,100.00,CNY,2022-09-21,2027-09-21
2026-09-03 17:34:50,395686,herogu.com,100.00,CNY,2016-09-20,2027-09-20
2026-09-03 17:34:50,395686,untorrents.com,100.00,CNY,2022-09-20,2027-09-20
2026-09-03 17:34:50,395686,tangle-free.com,100.00,CNY,2022-09-20,2027-09-20
2026-09-03 17:34:50,395686,limewireinc.com,100.00,CNY,2022-09-20,2027-09-20
2026-09-03 17:34:50,395686,dietalhp.com,100.00,CNY,2022-09-20,2027-09-20
2026-09-03 17:34:50,395686,optimizar-pc.com,100.00,CNY,2022-09-20,2027-09-20
2026-09-03 17:34:50,395686,3399vcd.com,100.00,CNY,2019-09-20,2027-09-20
2026-09-03 17:34:50,395686,msdsvip.com,100.00,CNY,2022-09-20,2027-09-20
2026-09-03 17:34:50,395686,xindianwang.com,100.00,CNY,2020-09-20,2027-09-20
2026-09-03 17:34:50,395686,proecobud.com,100.00,CNY,2022-09-20,2027-09-20
2026-09-03 17:34:50,395686,surfscreations.com,100.00,CNY,2022-09-20,2027-09-20
2026-09-03 17:34:50,395686,tianmarketing.com,100.00,CNY,2022-09-20,2027-09-20
2026-09-03 17:34:50,395686,ewhartonco.com,100.00,CNY,2022-09-20,2027-09-20
2026-09-03 17:34:50,395686,gallardrecycling.com,100.00,CNY,2022-09-20,2027-09-20
2026-09-03 17:34:50,395686,aaasphalttn.com,100.00,CNY,2022-09-19,2027-09-19
2026-09-03 17:34:50,395686,shanghejianfei.com,100.00,CNY,2020-09-19,2027-09-19
2026-09-03 17:34:50,395686,qdrmth.com,100.00,CNY,2019-09-19,2027-09-19
2026-09-03 17:34:50,395686,weiyi020.com,100.00,CNY,2020-09-19,2027-09-19
2026-09-03 17:34:50,395686,leyuan168.com,100.00,CNY,2020-09-19,2027-09-19
2026-09-03 17:34:50,395686,zjsxwlkj.com,100.00,CNY,2020-09-19,2027-09-19
2026-09-03 17:34:50,395686,xyph888.com,100.00,CNY,2020-09-18,2027-09-18
2026-09-03 17:34:50,395686,sxyxlg.com,100.00,CNY,2020-09-18,2027-09-18
2026-09-03 17:34:50,395686,qzmjm.com,100.00,CNY,2020-09-18,2027-09-18
2026-09-03 17:34:50,395686,yryjzs.com,100.00,CNY,2019-09-18,2027-09-18
2026-09-03 17:34:50,395686,xmyxpf.com,100.00,CNY,2020-09-18,2027-09-18
2026-09-03 17:34:50,395686,6dlg.com,100.00,CNY,2022-09-18,2027-09-18
2026-09-03 17:34:50,395686,xjtygy.com,100.00,CNY,2022-09-18,2027-09-18
2026-09-03 17:34:50,395686,wpscctv.com,100.00,CNY,2020-09-18,2027-09-18
2026-09-03 17:34:50,395686,13641051297.com,100.00,CNY,2022-09-26,2027-09-26
2026-09-03 17:34:50,395686,palmbeachtaste.com,100.00,CNY,2022-09-20,2027-09-20
2026-09-03 17:34:50,395686,hisju.com,100.00,CNY,2022-09-13,2027-09-13
2026-09-03 17:34:50,395686,tjansonline.com,100.00,CNY,2022-09-20,2027-09-20
2026-09-03 17:34:50,395686,seanamfishing.com,100.00,CNY,2022-09-19,2027-09-19
2026-09-03 17:34:50,395686,5cau.com,100.00,CNY,2022-09-28,2027-09-28
2026-09-03 17:34:50,395686,sitconweb.com,100.00,CNY,2022-09-28,2027-09-28
2026-09-03 17:34:50,395686,akinmearslaw.com,100.00,CNY,2022-09-28,2027-09-28
2026-09-03 17:34:50,395686,zbgala.com,100.00,CNY,2022-09-28,2027-09-28
2026-09-03 17:34:50,395686,aldenscapes.com,100.00,CNY,2022-09-28,2027-09-28
2026-09-03 17:34:50,395686,djsynergysound.com,100.00,CNY,2022-09-28,2027-09-28
2026-09-03 17:34:50,395686,8ezs.com,100.00,CNY,2022-09-28,2027-09-28
2026-09-03 17:34:50,395686,c1el.com,100.00,CNY,2022-09-28,2027-09-28
2026-09-03 17:34:50,395686,8zgq.com,100.00,CNY,2022-09-28,2027-09-28
2026-09-03 17:34:50,395686,waterlooevent.com,100.00,CNY,2022-09-28,2027-09-28
2026-09-03 17:34:50,395686,dianping-n.com,100.00,CNY,2022-09-28,2027-09-28
2026-09-03 17:34:50,395686,tie-dyewiki.com,100.00,CNY,2022-09-28,2027-09-28
2026-09-03 17:34:50,395686,anitaharrisjazz.com,100.00,CNY,2022-09-28,2027-09-28
2026-09-03 17:34:50,395686,100daysofcandor.com,100.00,CNY,2022-09-28,2027-09-28
2026-09-03 17:34:50,395686,boursetadbir.com,100.00,CNY,2022-09-28,2027-09-28
2026-09-03 17:34:50,395686,guojiudingzhi.com,100.00,CNY,2022-09-28,2027-09-28
2026-09-03 17:34:50,395686,tinytoesevents.com,100.00,CNY,2022-09-28,2027-09-28
2026-09-03 17:34:50,395686,0916tzy.com,100.00,CNY,2020-09-28,2027-09-28
2026-09-03 17:34:50,395686,qdjrwy.com,100.00,CNY,2020-09-28,2027-09-28
2026-09-03 17:34:50,395686,wxzghj.com,100.00,CNY,2020-09-28,2027-09-28
2026-09-03 17:34:50,395686,designcosalon.com,100.00,CNY,2022-09-28,2027-09-28
2026-09-03 17:34:50,395686,evertopsz.com,100.00,CNY,2019-09-28,2027-09-28
2026-09-03 17:34:50,395686,baisdtools.com,100.00,CNY,2020-09-28,2027-09-28
2026-09-03 17:34:50,395686,666888000.com,100.00,CNY,2022-09-27,2027-09-27
2026-09-03 17:34:50,395686,goodness-sake.com,100.00,CNY,2022-09-27,2027-09-27
2026-09-03 17:34:50,395686,bethandcliff.com,100.00,CNY,2022-09-27,2027-09-27
2026-09-03 17:34:50,395686,765sp.com,100.00,CNY,2022-09-27,2027-09-27
2026-09-03 17:34:50,395686,moodupgrade.com,100.00,CNY,2022-09-27,2027-09-27
2026-09-03 17:34:50,395686,ulti-mates.com,100.00,CNY,2022-09-27,2027-09-27
2026-09-03 17:34:50,395686,fabuloussweetie.com,100.00,CNY,2022-09-27,2027-09-27
2026-09-03 17:34:50,395686,hostyourideas.com,100.00,CNY,2022-09-27,2027-09-27
2026-09-03 17:34:50,395686,dajuechanyuan.com,100.00,CNY,2022-09-27,2027-09-27
2026-09-03 17:34:50,395686,faaaacebook.com,100.00,CNY,2022-09-27,2027-09-27
2026-09-03 17:34:50,395686,keirenacornish.com,100.00,CNY,2022-09-24,2027-09-24
2026-09-03 17:34:50,395686,gzjygjz.com,100.00,CNY,2016-09-30,2027-09-30
2026-09-03 17:34:50,395686,epsgrc.com,100.00,CNY,2013-09-30,2027-09-30
2026-09-03 17:34:50,395686,hanwangjicj.com,100.00,CNY,2019-09-30,2027-09-30
2026-09-03 17:34:50,395686,junanxiansifaju.com,100.00,CNY,2022-09-30,2027-09-30
2026-09-03 17:34:50,395686,g-niusmusic.com,100.00,CNY,2022-09-30,2027-09-30
2026-09-03 17:34:50,395686,ybdfzs.com,100.00,CNY,2020-09-30,2027-09-30
2026-09-03 17:34:50,395686,ahlsfz.com,100.00,CNY,2020-09-29,2027-09-29
2026-09-03 17:34:50,395686,xtjtzj.com,100.00,CNY,2020-09-30,2027-09-30
2026-09-03 17:34:50,395686,jrcwyy.com,100.00,CNY,2020-09-30,2027-09-30
2026-09-03 17:34:50,395686,laimozb.com,100.00,CNY,2020-09-30,2027-09-30
2026-09-03 17:34:50,395686,slansam.com,100.00,CNY,2020-09-30,2027-09-30
2026-09-03 17:34:50,395686,hnnfgk.com,100.00,CNY,2020-09-30,2027-09-30
2026-09-03 17:34:50,395686,xinwang0408.com,100.00,CNY,2020-09-30,2027-09-30
2026-09-03 17:34:50,395686,telerexpress.com,100.00,CNY,2016-09-29,2027-09-29
2026-09-03 17:34:50,395686,zichenyiyao.com,100.00,CNY,2019-09-28,2027-09-28
2026-09-03 17:34:50,395686,mocfarm.com,100.00,CNY,2019-09-29,2027-09-29
2026-09-03 17:34:50,395686,xinhuovalve.com,100.00,CNY,2020-09-30,2027-09-30
2026-09-03 17:34:50,395686,fzy-audi.com,100.00,CNY,2020-09-29,2027-09-29
2026-09-03 17:34:50,395686,trxl8888.com,100.00,CNY,2017-09-28,2027-09-28
2026-09-03 17:34:50,395686,josandeli.com,100.00,CNY,2022-09-28,2027-09-28
2026-09-03 17:34:50,395686,jbodsata.com,100.00,CNY,2022-09-28,2027-09-28
2026-09-03 17:34:50,395686,585495.com,100.00,CNY,2022-09-28,2027-09-28
2026-09-03 17:34:50,395686,095qs.com,100.00,CNY,2022-09-28,2027-09-28
2026-09-03 17:34:50,395686,6ez8.com,100.00,CNY,2022-09-28,2027-09-28
2026-09-03 17:34:50,395686,1377555.com,100.00,CNY,2022-09-28,2027-09-28
2026-09-03 17:34:50,395686,yijiayijiaju.com,100.00,CNY,2017-09-28,2027-09-28
2026-09-03 17:34:50,395686,354358.com,100.00,CNY,2022-09-28,2027-09-28
2026-09-03 17:34:50,395686,yijiecompany.com,100.00,CNY,2022-09-28,2027-09-28
2026-09-03 17:34:50,395686,brandopartners.com,100.00,CNY,2022-09-28,2027-09-28
2026-09-03 17:34:50,395686,aioternet.com,100.00,CNY,2022-09-28,2027-09-28
2026-09-03 17:34:50,395686,c8lg.com,100.00,CNY,2022-09-28,2027-09-28
2026-09-03 17:34:50,395686,8cvx.com,100.00,CNY,2022-09-28,2027-09-28
2026-09-03 17:34:50,395686,ccjcsj.com,100.00,CNY,2020-09-27,2027-09-27
2026-09-03 17:35:10,395686,18888387333.com,150.00,CNY,2021-04-01,2027-04-01
2026-09-03 17:35:10,395686,ryjcw.com,150.00,CNY,2021-04-04,2027-04-04
2026-09-03 17:35:10,395686,tvtechnical.com,150.00,CNY,2021-04-01,2027-04-01
2026-09-03 17:35:10,395686,dgchenhui168.com,150.00,CNY,2021-04-02,2027-04-02
2026-09-03 17:35:10,395686,bestsensesj.com,150.00,CNY,2021-04-01,2027-04-01
2026-09-03 17:35:10,395686,gpkjw.com,150.00,CNY,2021-04-03,2027-04-03
2026-09-03 17:35:10,395686,rskjw.com,150.00,CNY,2021-04-04,2027-04-04
2026-09-03 17:35:10,395686,rkzyw.com,150.00,CNY,2021-04-04,2027-04-04
2026-09-03 17:35:10,395686,nrjcw.com,150.00,CNY,2021-04-04,2027-04-04
2026-09-03 17:35:10,395686,fmxww.com,150.00,CNY,2021-04-04,2027-04-04
2026-09-03 17:35:10,395686,pkjjw.com,150.00,CNY,2021-04-04,2027-04-04
2026-09-03 17:35:10,395686,nwzyw.com,150.00,CNY,2021-04-04,2027-04-04
2026-09-03 17:35:10,395686,brxww.com,150.00,CNY,2021-04-04,2027-04-04
2026-09-03 17:35:10,395686,pbjjw.com,150.00,CNY,2021-04-04,2027-04-04
2026-09-03 17:35:10,395686,nwdyw.com,150.00,CNY,2021-04-04,2027-04-04
2026-09-03 17:35:10,395686,mkjjw.com,150.00,CNY,2021-04-04,2027-04-04
2026-09-03 17:35:10,395686,kwjjw.com,150.00,CNY,2021-04-04,2027-04-04
2026-09-03 17:35:10,395686,dplyw.com,150.00,CNY,2021-04-04,2027-04-04
2026-09-03 17:35:10,395686,rnjcw.com,150.00,CNY,2021-04-04,2027-04-04
2026-09-03 17:35:10,395686,pqjjw.com,150.00,CNY,2021-04-04,2027-04-04
2026-09-03 17:35:10,395686,qwjjw.com,150.00,CNY,2021-04-04,2027-04-04
2026-09-03 17:35:10,395686,pfdsw.com,150.00,CNY,2021-04-04,2027-04-04
2026-09-03 17:35:10,395686,mqzyw.com,150.00,CNY,2021-04-04,2027-04-04
2026-09-03 17:35:10,395686,ljdyw.com,150.00,CNY,2021-04-04,2027-04-04
2026-09-03 17:35:10,395686,rtlyw.com,150.00,CNY,2021-04-04,2027-04-04
2026-09-03 17:35:10,395686,ryshw.com,150.00,CNY,2021-04-04,2027-04-04
2026-09-03 17:35:10,395686,rkjjw.com,150.00,CNY,2021-04-04,2027-04-04
2026-09-03 17:35:10,395686,rfjcw.com,150.00,CNY,2021-04-04,2027-04-04
2026-09-03 17:35:10,395686,nljcw.com,150.00,CNY,2021-04-04,2027-04-04
2026-09-03 17:35:10,395686,mqxcl.com,150.00,CNY,2021-04-04,2027-04-04
2026-09-03 17:35:10,395686,mpkjw.com,150.00,CNY,2021-04-04,2027-04-04
2026-09-03 17:35:10,395686,kplyw.com,150.00,CNY,2021-04-04,2027-04-04
2026-09-03 17:35:10,395686,brzyw.com,150.00,CNY,2021-04-04,2027-04-04
2026-09-03 17:35:10,395686,mwjcw.com,150.00,CNY,2021-04-04,2027-04-04
2026-09-03 17:35:10,395686,zmkjw.com,150.00,CNY,2021-04-04,2027-04-04
2026-09-03 17:35:10,395686,mrxcl.com,150.00,CNY,2021-04-04,2027-04-04
2026-09-03 17:35:10,395686,kpjcw.com,150.00,CNY,2021-04-04,2027-04-04
2026-09-03 17:35:10,395686,kcjjw.com,150.00,CNY,2021-04-04,2027-04-04
2026-09-03 17:35:10,395686,dkxww.com,150.00,CNY,2021-04-04,2027-04-04
2026-09-03 17:35:10,395686,bqzsw.com,150.00,CNY,2021-04-04,2027-04-04
2026-09-03 17:35:10,395686,bkjcw.com,150.00,CNY,2021-04-04,2027-04-04
2026-09-03 17:35:10,395686,rgjcw.com,150.00,CNY,2021-04-04,2027-04-04
2026-09-03 17:35:10,395686,rfzyw.com,150.00,CNY,2021-04-04,2027-04-04
2026-09-03 17:35:10,395686,pnjjw.com,150.00,CNY,2021-04-04,2027-04-04
2026-09-03 17:35:10,395686,pdzyw.com,150.00,CNY,2021-04-04,2027-04-04
2026-09-03 17:35:10,395686,ckshw.com,150.00,CNY,2021-04-04,2027-04-04
2026-09-03 17:35:10,395686,qfjjw.com,150.00,CNY,2021-04-04,2027-04-04
2026-09-03 17:35:10,395686,prjjw.com,150.00,CNY,2021-04-04,2027-04-04
2026-09-03 17:35:10,395686,pkzsw.com,150.00,CNY,2021-04-04,2027-04-04
2026-09-03 17:35:10,395686,kgjcw.com,150.00,CNY,2021-04-04,2027-04-04
2026-09-03 17:35:10,395686,crjcw.com,150.00,CNY,2021-04-04,2027-04-04
2026-09-03 17:35:10,395686,bnxww.com,150.00,CNY,2021-04-04,2027-04-04
2026-09-03 17:35:10,395686,bpjcw.com,150.00,CNY,2021-04-04,2027-04-04
2026-09-03 17:35:10,395686,frqpw.com,150.00,CNY,2021-04-05,2027-04-05
2026-09-03 17:35:10,395686,rfxxg.com,150.00,CNY,2021-04-05,2027-04-05
2026-09-03 17:35:10,395686,pkxxg.com,150.00,CNY,2021-04-05,2027-04-05
2026-09-03 17:35:10,395686,srzyw.com,150.00,CNY,2021-04-05,2027-04-05
2026-09-03 17:35:10,395686,knqpw.com,150.00,CNY,2021-04-05,2027-04-05
2026-09-03 17:35:10,395686,pwjcw.com,150.00,CNY,2021-04-04,2027-04-04
2026-09-03 17:35:10,395686,rcdsw.com,150.00,CNY,2021-04-04,2027-04-04
2026-09-03 17:35:10,395686,nqjcw.com,150.00,CNY,2021-04-04,2027-04-04
2026-09-03 17:35:10,395686,qtjcw.com,150.00,CNY,2021-04-04,2027-04-04
2026-09-03 17:35:10,395686,pgjcw.com,150.00,CNY,2021-04-05,2027-04-05
2026-09-03 17:35:10,395686,rtkjw.com,150.00,CNY,2021-04-04,2027-04-04
2026-09-03 17:35:10,395686,rcjcw.com,150.00,CNY,2021-04-04,2027-04-04
2026-09-03 17:35:10,395686,kblyw.com,150.00,CNY,2021-04-04,2027-04-04
2026-09-03 17:35:10,395686,pqqpw.com,150.00,CNY,2021-04-05,2027-04-05
2026-09-03 17:35:10,395686,pwzsw.com,150.00,CNY,2021-04-04,2027-04-04
2026-09-03 17:35:10,395686,rbjjw.com,150.00,CNY,2021-04-04,2027-04-04
2026-09-03 17:35:10,395686,pqzyw.com,150.00,CNY,2021-04-04,2027-04-04
2026-09-03 17:35:10,395686,bpxxg.com,150.00,CNY,2021-04-05,2027-04-05
2026-09-03 17:35:10,395686,rljjw.com,150.00,CNY,2021-04-04,2027-04-04
2026-09-03 17:35:10,395686,mkjcw.com,150.00,CNY,2021-04-04,2027-04-04
2026-09-03 17:35:10,395686,drjcw.com,150.00,CNY,2021-04-04,2027-04-04
2026-09-03 17:35:10,395686,rfshw.com,150.00,CNY,2021-04-05,2027-04-05
2026-09-03 17:35:10,395686,pbjcw.com,150.00,CNY,2021-04-04,2027-04-04
2026-09-03 17:35:10,395686,skxxg.com,150.00,CNY,2021-04-05,2027-04-05
2026-09-03 17:35:10,395686,rqlyw.com,150.00,CNY,2021-04-04,2027-04-04
2026-09-03 17:35:10,395686,rfqpw.com,150.00,CNY,2021-04-05,2027-04-05
2026-09-03 17:35:10,395686,nsqpw.com,150.00,CNY,2021-04-05,2027-04-05
2026-09-03 17:35:10,395686,kgqpw.com,150.00,CNY,2021-04-05,2027-04-05
2026-09-03 17:35:10,395686,pmkjw.com,150.00,CNY,2021-04-04,2027-04-04
2026-09-03 17:35:10,395686,qwqpw.com,150.00,CNY,2021-04-05,2027-04-05
2026-09-03 17:35:10,395686,rkxxg.com,150.00,CNY,2021-04-05,2027-04-05
2026-09-03 17:35:10,395686,knxxg.com,150.00,CNY,2021-04-05,2027-04-05
2026-09-03 17:35:10,395686,ghxxg.com,150.00,CNY,2021-04-05,2027-04-05
2026-09-03 17:35:10,395686,fpqpw.com,150.00,CNY,2021-04-05,2027-04-05
2026-09-03 17:35:10,395686,gnqpw.com,150.00,CNY,2021-04-05,2027-04-05
2026-09-03 17:35:10,395686,pqxxg.com,150.00,CNY,2021-04-05,2027-04-05
2026-09-03 17:35:10,395686,bqqpw.com,150.00,CNY,2021-04-05,2027-04-05
2026-09-03 17:35:10,395686,kgxxg.com,150.00,CNY,2021-04-05,2027-04-05
2026-09-03 17:35:10,395686,tkjjw.com,150.00,CNY,2021-04-05,2027-04-05
2026-09-03 17:35:10,395686,gndyw.com,150.00,CNY,2021-04-04,2027-04-04
2026-09-03 17:35:10,395686,tnzsw.com,150.00,CNY,2021-04-05,2027-04-05
2026-09-03 17:35:10,395686,jtshw.com,150.00,CNY,2021-04-04,2027-04-04
2026-09-03 17:35:10,395686,gpqpw.com,150.00,CNY,2021-04-05,2027-04-05
2026-09-03 17:35:10,395686,bpqpw.com,150.00,CNY,2021-04-05,2027-04-05
2026-09-03 17:35:10,395686,pkjcw.com,150.00,CNY,2021-04-04,2027-04-04
2026-09-03 17:35:10,395686,lpqpw.com,150.00,CNY,2021-04-05,2027-04-05
2026-09-03 17:35:10,395686,prqpw.com,150.00,CNY,2021-04-05,2027-04-05
2026-09-03 17:35:10,395686,rkqpw.com,150.00,CNY,2021-04-05,2027-04-05
2026-09-03 17:35:10,395686,grjcw.com,150.00,CNY,2021-04-04,2027-04-04
2026-09-03 17:35:10,395686,pfqpw.com,150.00,CNY,2021-04-05,2027-04-05
2026-09-03 17:35:10,395686,bnqpw.com,150.00,CNY,2021-04-05,2027-04-05
2026-09-03 17:35:10,395686,mpqpw.com,150.00,CNY,2021-04-05,2027-04-05
2026-09-03 17:35:10,395686,ngqpw.com,150.00,CNY,2021-04-05,2027-04-05
2026-09-03 17:35:10,395686,kwzyw.com,150.00,CNY,2021-04-05,2027-04-05
2026-09-03 17:35:10,395686,ppxxg.com,150.00,CNY,2021-04-05,2027-04-05
2026-09-03 17:35:10,395686,brxxg.com,150.00,CNY,2021-04-05,2027-04-05
2026-09-03 17:35:10,395686,pgqpw.com,150.00,CNY,2021-04-05,2027-04-05
2026-09-03 17:35:10,395686,tgxxg.com,150.00,CNY,2021-04-05,2027-04-05
2026-09-03 17:35:10,395686,njdyw.com,150.00,CNY,2021-04-04,2027-04-04
2026-09-03 17:35:10,395686,brqpw.com,150.00,CNY,2021-04-05,2027-04-05
2026-09-03 17:35:10,395686,hnczhgnw.com,150.00,CNY,2021-08-08,2027-08-08
2026-09-03 17:35:10,395686,hamklm.com,150.00,CNY,2021-08-08,2027-08-08
2026-09-03 17:35:10,395686,eworldsupport.com,150.00,CNY,2021-08-08,2027-08-08
2026-09-03 17:35:10,395686,belionfx.com,150.00,CNY,2021-08-08,2027-08-08
2026-09-03 17:35:10,395686,qjnbhg.com,150.00,CNY,2021-08-08,2027-08-08
2026-09-03 17:35:10,395686,llqkkl.com,150.00,CNY,2021-08-08,2027-08-08
2026-09-03 17:35:10,395686,jngbjs.com,150.00,CNY,2021-08-08,2027-08-08
2026-09-03 17:35:10,395686,tmhgrq.com,150.00,CNY,2021-08-08,2027-08-08
2026-09-03 17:35:10,395686,burtonatlanta.com,150.00,CNY,2021-08-08,2027-08-08
2026-09-03 17:35:10,395686,kfrpjs.com,150.00,CNY,2021-08-09,2027-08-09
2026-09-03 17:35:10,395686,xzdkkl.com,150.00,CNY,2021-08-09,2027-08-09
2026-09-03 17:35:10,395686,dxmzkl.com,150.00,CNY,2021-08-09,2027-08-09
2026-09-03 17:35:10,395686,lyppmu.com,150.00,CNY,2021-08-09,2027-08-09
2026-09-03 17:35:10,395686,srhgjy.com,150.00,CNY,2021-08-09,2027-08-09
2026-09-03 17:35:10,395686,akswpjs.com,150.00,CNY,2021-08-09,2027-08-09
2026-09-03 17:35:10,395686,llklgx.com,150.00,CNY,2021-08-09,2027-08-09
2026-09-03 17:35:10,395686,hyqrkl.com,150.00,CNY,2021-08-09,2027-08-09
2026-09-03 17:35:10,395686,xsbndzfskl.com,150.00,CNY,2021-08-09,2027-08-09
2026-09-03 17:35:10,395686,fxmupw.com,150.00,CNY,2021-08-09,2027-08-09
2026-09-03 17:35:10,395686,njlszmuzy.com,150.00,CNY,2021-08-09,2027-08-09
2026-09-03 17:35:10,395686,cshgss.com,150.00,CNY,2021-08-09,2027-08-09
2026-09-03 17:35:10,395686,hghgcj.com,150.00,CNY,2021-08-09,2027-08-09
2026-09-03 17:35:10,395686,tmjsgw.com,150.00,CNY,2021-08-09,2027-08-09
2026-09-03 17:35:10,395686,dtjsjf.com,150.00,CNY,2021-08-09,2027-08-09
2026-09-03 17:35:10,395686,jnnlmu.com,150.00,CNY,2021-08-09,2027-08-09
2026-09-03 17:35:10,395686,mzmubp.com,150.00,CNY,2021-08-09,2027-08-09
2026-09-03 17:35:10,395686,sxahgh.com,150.00,CNY,2021-08-09,2027-08-09
2026-09-03 17:35:10,395686,smxwpjs.com,150.00,CNY,2021-08-09,2027-08-09
2026-09-03 17:35:10,395686,hclphg.com,150.00,CNY,2021-08-10,2027-08-10
2026-09-03 17:35:10,395686,bjlxmu.com,150.00,CNY,2021-08-10,2027-08-10
2026-09-03 17:35:10,395686,taxklb.com,150.00,CNY,2021-08-10,2027-08-10
2026-09-03 17:35:10,395686,mzpshg.com,150.00,CNY,2021-08-10,2027-08-10
2026-09-03 17:35:10,395686,xydcjs.com,150.00,CNY,2021-08-10,2027-08-10
2026-09-03 17:35:10,395686,dlklah.com,150.00,CNY,2021-08-10,2027-08-10
2026-09-03 17:35:10,395686,mmgzmu.com,150.00,CNY,2021-08-10,2027-08-10
2026-09-03 17:35:10,395686,tamucj.com,150.00,CNY,2021-08-10,2027-08-10
2026-09-03 17:35:10,395686,xgrchg.com,150.00,CNY,2021-08-10,2027-08-10
2026-09-03 17:35:10,395686,bmuywm.com,150.00,CNY,2021-08-10,2027-08-10
2026-09-03 17:35:10,395686,ldhgss.com,150.00,CNY,2021-08-10,2027-08-10
2026-09-03 17:35:10,395686,kfamhg.com,150.00,CNY,2021-08-10,2027-08-10
2026-09-03 17:35:10,395686,zjjklxg.com,150.00,CNY,2021-08-10,2027-08-10
2026-09-03 17:35:10,395686,xxtjzmzbbmu.com,150.00,CNY,2021-08-10,2027-08-10
2026-09-03 17:35:10,395686,sysjsdf.com,150.00,CNY,2021-08-10,2027-08-10
2026-09-03 17:35:10,395686,qhdklgd.com,150.00,CNY,2021-08-10,2027-08-10
2026-09-03 17:35:10,395686,tmsksjsh.com,150.00,CNY,2021-08-10,2027-08-10
2026-09-03 17:35:10,395686,srrlhg.com,150.00,CNY,2021-08-10,2027-08-10
2026-09-03 17:35:10,395686,tlfhpmu.com,150.00,CNY,2021-08-10,2027-08-10
2026-09-03 17:35:10,395686,bxjswz.com,150.00,CNY,2021-08-10,2027-08-10
2026-09-03 17:35:10,395686,hebklql.com,150.00,CNY,2021-08-10,2027-08-10
2026-09-03 17:35:10,395686,taklfl.com,150.00,CNY,2021-08-10,2027-08-10
2026-09-03 17:35:10,395686,lpsjsbc.com,150.00,CNY,2021-08-10,2027-08-10
2026-09-03 17:35:10,395686,kfmugs.com,150.00,CNY,2021-08-10,2027-08-10
2026-09-03 17:35:10,395686,mzathg.com,150.00,CNY,2021-08-10,2027-08-10
2026-09-03 17:35:10,395686,hzwrhg.com,150.00,CNY,2021-08-11,2027-08-11
2026-09-03 17:35:10,395686,qxnbyzmzmusj.com,150.00,CNY,2021-08-10,2027-08-10
2026-09-03 17:35:10,395686,jmuynr.com,150.00,CNY,2021-08-10,2027-08-10
2026-09-03 17:35:10,395686,kzlskekzackl.com,150.00,CNY,2021-08-10,2027-08-10
2026-09-03 17:35:10,395686,lzsrjs.com,150.00,CNY,2021-08-10,2027-08-10
2026-09-03 17:35:10,395686,btbrhg.com,150.00,CNY,2021-08-10,2027-08-10
2026-09-03 17:35:10,395686,tawchg.com,150.00,CNY,2021-08-10,2027-08-10
2026-09-03 17:35:10,395686,hebmukf.com,150.00,CNY,2021-08-10,2027-08-10
2026-09-03 17:35:10,395686,wlmqxmu.com,150.00,CNY,2021-08-10,2027-08-10
2026-09-03 17:35:10,395686,hxmgzczwkll.com,150.00,CNY,2021-08-10,2027-08-10
2026-09-03 17:35:10,395686,fszghg.com,150.00,CNY,2021-08-10,2027-08-10
2026-09-03 17:35:10,395686,klmmuynt.com,150.00,CNY,2021-08-10,2027-08-10
2026-09-03 17:35:10,395686,mdjklel.com,150.00,CNY,2021-08-10,2027-08-10
2026-09-03 17:35:10,395686,zmdgtjs.com,150.00,CNY,2021-08-10,2027-08-10
2026-09-03 17:35:10,395686,gnczljsw.com,150.00,CNY,2021-08-10,2027-08-10
2026-09-03 17:35:10,395686,hshaiwei.com,150.00,CNY,2021-08-14,2027-08-14
2026-09-03 17:35:10,395686,it658.com,150.00,CNY,2021-08-12,2027-08-12
2026-09-03 17:35:10,395686,xgdtbwjp.com,150.00,CNY,2021-08-18,2027-08-18
2026-09-03 17:35:10,395686,985228.com,150.00,CNY,2021-08-18,2027-08-18
2026-09-03 17:35:10,395686,886572.com,150.00,CNY,2021-08-18,2027-08-18
2026-09-03 17:35:10,395686,985328.com,150.00,CNY,2021-08-18,2027-08-18
2026-09-03 17:35:10,395686,992518.com,150.00,CNY,2021-08-18,2027-08-18
2026-09-03 17:35:10,395686,997518.com,150.00,CNY,2021-08-18,2027-08-18
2026-09-03 17:35:10,395686,985718.com,150.00,CNY,2021-08-18,2027-08-18
2026-09-03 17:35:10,395686,886973.com,150.00,CNY,2021-08-18,2027-08-18
2026-09-03 17:35:10,395686,983758.com,150.00,CNY,2021-08-18,2027-08-18
2026-09-03 17:35:10,395686,976528.com,150.00,CNY,2021-08-18,2027-08-18
2026-09-03 17:35:10,395686,979368.com,150.00,CNY,2021-08-18,2027-08-18
2026-09-03 17:35:10,395686,993781.com,150.00,CNY,2021-08-23,2027-08-23
2026-09-03 17:35:10,395686,991969.com,150.00,CNY,2021-08-23,2027-08-23
2026-09-03 17:35:10,395686,319518.com,150.00,CNY,2021-08-25,2027-08-25
2026-09-03 17:35:10,395686,chenqiaozs.com,150.00,CNY,2016-08-28,2027-08-28
2026-09-03 17:35:10,395686,911278.com,150.00,CNY,2021-08-31,2027-08-31
2026-09-03 17:35:10,395686,lqjjw.com,150.00,CNY,2021-09-06,2027-09-06
2026-09-03 17:35:10,395686,881935.com,150.00,CNY,2021-09-06,2027-09-06
2026-09-03 17:35:10,395686,865758.com,150.00,CNY,2021-09-06,2027-09-06
2026-09-03 17:35:10,395686,nr61.com,150.00,CNY,2021-09-06,2027-09-06
2026-09-03 17:35:10,395686,881921.com,150.00,CNY,2021-09-06,2027-09-06
2026-09-03 17:35:10,395686,859398.com,150.00,CNY,2021-09-06,2027-09-06
2026-09-03 17:35:10,395686,858278.com,150.00,CNY,2021-09-06,2027-09-06
2026-09-03 17:35:10,395686,881971.com,150.00,CNY,2021-09-06,2027-09-06
2026-09-03 17:35:10,395686,881915.com,150.00,CNY,2021-09-06,2027-09-06
2026-09-03 17:35:10,395686,868528.com,150.00,CNY,2021-09-06,2027-09-06
2026-09-03 17:35:10,395686,829168.com,150.00,CNY,2021-09-06,2027-09-06
2026-09-03 17:35:10,395686,813168.com,150.00,CNY,2021-09-06,2027-09-06
2026-09-03 17:35:10,395686,862958.com,150.00,CNY,2021-09-06,2027-09-06
2026-09-03 17:35:10,395686,997198.com,150.00,CNY,2021-09-06,2027-09-06
2026-09-03 17:35:10,395686,881951.com,150.00,CNY,2021-09-06,2027-09-06
2026-09-03 17:35:10,395686,951798.com,150.00,CNY,2021-09-06,2027-09-06
2026-09-03 17:35:10,395686,985618.com,150.00,CNY,2021-09-06,2027-09-06
2026-09-03 17:35:10,395686,985728.com,150.00,CNY,2021-09-06,2027-09-06
2026-09-03 17:35:10,395686,982918.com,150.00,CNY,2021-09-06,2027-09-06
2026-09-03 17:35:10,395686,992158.com,150.00,CNY,2021-09-06,2027-09-06
2026-09-03 17:35:10,395686,887217.com,150.00,CNY,2021-09-06,2027-09-06
2026-09-03 17:35:10,395686,983228.com,150.00,CNY,2021-09-06,2027-09-06
2026-09-03 17:35:10,395686,886959.com,150.00,CNY,2021-09-06,2027-09-06
2026-09-03 17:35:10,395686,981728.com,150.00,CNY,2021-09-06,2027-09-06
2026-09-03 17:35:10,395686,993598.com,150.00,CNY,2021-09-06,2027-09-06
2026-09-03 17:35:10,395686,881975.com,150.00,CNY,2021-09-06,2027-09-06
2026-09-03 17:35:10,395686,951958.com,150.00,CNY,2021-09-06,2027-09-06
2026-09-03 17:35:10,395686,883297.com,150.00,CNY,2021-09-06,2027-09-06
2026-09-03 17:35:10,395686,857768.com,150.00,CNY,2021-09-08,2027-09-08
2026-09-03 17:35:10,395686,881936.com,150.00,CNY,2021-09-06,2027-09-06
2026-09-03 17:35:10,395686,881959.com,150.00,CNY,2021-09-06,2027-09-06
2026-09-03 17:35:10,395686,881956.com,150.00,CNY,2021-09-06,2027-09-06
2026-09-03 17:35:10,395686,992598.com,150.00,CNY,2021-09-06,2027-09-06
2026-09-03 17:35:10,395686,nikkor-lens.com,150.00,CNY,2021-09-13,2027-09-13
2026-09-03 17:35:10,395686,musilist.com,150.00,CNY,2021-09-28,2027-09-28
2026-09-03 17:35:10,395686,jollysydneyhostel.com,150.00,CNY,2021-09-30,2027-09-30
2026-09-03 17:35:10,395686,intranet-suma.com,150.00,CNY,2021-09-28,2027-09-28
2026-09-03 17:35:10,395686,collins-property.com,150.00,CNY,2021-09-30,2027-09-30
2026-09-03 17:35:10,395686,huberadvisors.com,150.00,CNY,2021-09-30,2027-09-30
2026-09-03 17:35:10,395686,mehrakizadeh.com,150.00,CNY,2021-09-30,2027-09-30
2026-09-03 17:35:10,395686,myboyfriendback.com,150.00,CNY,2021-09-29,2027-09-29
2026-09-03 17:35:10,395686,pesanbonda.com,150.00,CNY,2021-09-28,2027-09-28
2026-09-03 17:35:10,395686,pharmacyatdoor.com,150.00,CNY,2021-09-28,2027-09-28
2026-09-03 17:35:10,395686,mussackart.com,150.00,CNY,2021-09-28,2027-09-28
2026-09-03 17:35:10,395686,securitasuk.com,150.00,CNY,2021-09-28,2027-09-28
2026-09-03 17:35:10,395686,primedice-com.com,150.00,CNY,2021-09-29,2027-09-29
2026-09-03 17:35:10,395686,byxjsz.com,150.00,CNY,2021-09-23,2027-09-23
2026-09-03 17:35:10,395686,piotrwolowski.com,150.00,CNY,2021-09-28,2027-09-28
2026-09-03 17:35:10,395686,pacificpoolsvs.com,150.00,CNY,2021-09-28,2027-09-28
2026-09-03 17:35:10,395686,tatlialisveris.com,150.00,CNY,2021-09-30,2027-09-30
2026-09-03 17:35:10,395686,vietmarketer.com,150.00,CNY,2021-09-28,2027-09-28
2026-09-03 17:35:10,395686,oflexconverting.com,150.00,CNY,2021-09-28,2027-09-28
2026-09-03 17:35:10,395686,thepaintmovement.com,150.00,CNY,2021-09-28,2027-09-28
2026-09-03 17:35:10,395686,ebizguy.com,150.00,CNY,2003-03-21,2026-10-12
2026-09-03 17:35:10,395686,marcycom.com,150.00,CNY,2000-10-19,2026-10-19
2026-09-03 17:35:10,395686,mw4hclub.com,150.00,CNY,2003-10-23,2026-10-23
2026-09-03 17:35:10,395686,dlzslxx.com,150.00,CNY,2007-10-19,2026-10-19
2026-09-03 17:35:10,395686,slicklix.com,150.00,CNY,2003-10-13,2026-10-13
2026-09-03 17:35:10,395686,mufyy.com,150.00,CNY,2013-10-14,2026-10-14
2026-09-03 17:35:10,395686,16661999.com,150.00,CNY,2014-10-16,2026-10-16
2026-09-03 17:35:10,395686,jnlyzjzf.com,150.00,CNY,2020-10-28,2026-10-28
2026-09-03 17:35:10,395686,salaambombayindian.com,150.00,CNY,2013-10-05,2026-10-05
2026-09-03 17:35:10,395686,smdjzx.com,150.00,CNY,2017-10-13,2026-10-13
2026-09-03 17:35:10,395686,comecp.com,150.00,CNY,2011-10-13,2026-10-13
2026-09-03 17:35:10,395686,bjkmodel.com,150.00,CNY,2014-10-13,2026-10-13
2026-09-03 17:35:10,395686,derechoenbolivia.com,150.00,CNY,2020-10-06,2026-10-06
2026-09-03 17:35:10,395686,lztxjx.com,150.00,CNY,2014-10-25,2026-10-25
2026-09-03 17:35:10,395686,dxfl88.com,150.00,CNY,2014-10-03,2026-10-03
2026-09-03 17:35:10,395686,bustyhq.com,150.00,CNY,2012-10-23,2026-10-23
2026-09-03 17:35:10,395686,tlgofsilverspringmd.com,150.00,CNY,2007-10-05,2026-10-05
2026-09-03 17:35:10,395686,452366.com,150.00,CNY,2015-10-06,2026-10-06
2026-09-03 17:35:10,395686,hopobright.com,150.00,CNY,2013-10-29,2026-10-29
2026-09-03 17:35:10,395686,lujingapp.com,150.00,CNY,2017-11-16,2026-11-16
2026-09-03 17:35:10,395686,yichouhui.com,150.00,CNY,2021-11-17,2026-11-17
2026-09-03 17:35:10,395686,hfhongyue.com,150.00,CNY,2022-12-07,2026-12-07
2026-09-03 17:35:10,395686,ndnmg.com,150.00,CNY,2021-02-02,2027-02-02
2026-09-03 17:35:10,395686,zuiliw.com,150.00,CNY,2021-02-02,2027-02-02
2026-09-03 17:35:10,395686,sqylgjg.com,150.00,CNY,2021-02-03,2027-02-03
2026-09-03 17:35:10,395686,langjunsw.com,150.00,CNY,2021-02-03,2027-02-03
2026-09-03 17:35:10,395686,xingtaifangchan.com,150.00,CNY,2021-02-12,2027-02-12
2026-09-03 17:35:10,395686,jieyoushitang.com,150.00,CNY,2021-02-14,2027-02-14
2026-09-03 17:35:10,395686,9599370.com,150.00,CNY,2021-02-17,2027-02-17
2026-09-03 17:35:10,395686,hebei66.com,150.00,CNY,2021-02-20,2027-02-20
2026-09-03 17:35:10,395686,spiwine.com,150.00,CNY,2021-02-21,2027-02-21
2026-09-03 17:35:10,395686,gxinrui.com,150.00,CNY,2021-02-22,2027-02-22
2026-09-03 17:35:10,395686,jljw1.com,150.00,CNY,2021-02-21,2027-02-21
2026-09-03 17:35:10,395686,xionganyingcheng.com,150.00,CNY,2021-12-05,2027-12-05
2026-09-03 17:35:10,395686,chinawebbings.com,150.00,CNY,2021-11-17,2027-11-17
2026-09-03 17:35:10,395686,rfpz1.com,150.00,CNY,2021-09-09,2027-09-09
2026-09-03 17:35:10,395686,952738.com,150.00,CNY,2020-09-17,2027-09-17
2026-09-03 17:35:10,395686,powerstar-macau.com,150.00,CNY,2013-09-25,2027-09-25
2026-09-03 17:35:10,395686,yanggalan-z.com,150.00,CNY,2021-09-29,2027-09-29
2026-09-03 17:35:10,395686,qgjjzx.com,150.00,CNY,2015-09-21,2027-09-21
2026-09-03 17:35:23,395686,china-fruits.net,200.00,CNY,2006-09-04,2027-09-04
2026-09-03 17:35:23,395686,gckjw.com,200.00,CNY,2021-04-03,2027-04-03
2026-09-03 17:35:23,395686,gtjjw.com,200.00,CNY,2021-04-04,2027-04-04
2026-09-03 17:35:23,395686,rlqpw.com,200.00,CNY,2021-04-05,2027-04-05
2026-09-03 17:35:23,395686,871958.com,200.00,CNY,2021-04-06,2027-04-06
2026-09-03 17:35:23,395686,zgjszm.com,200.00,CNY,2015-04-17,2027-04-17
2026-09-03 17:35:23,395686,jinjiangrc.com,200.00,CNY,2012-04-22,2027-04-22
2026-09-03 17:35:23,395686,chia2017.com,200.00,CNY,2021-04-18,2027-04-18
2026-09-03 17:35:23,395686,minhourc.com,200.00,CNY,2012-04-26,2027-04-26
2026-09-03 17:35:23,395686,jiangyinrc.com,200.00,CNY,2012-04-22,2027-04-22
2026-09-03 17:35:23,395686,xinghuarc.com,200.00,CNY,2012-04-30,2027-04-30
2026-09-03 17:35:23,395686,taicangrc.com,200.00,CNY,2012-04-22,2027-04-22
2026-09-03 17:35:23,395686,jiaozhourc.com,200.00,CNY,2012-04-27,2027-04-27
2026-09-03 17:35:23,395686,zhaopianxiu.com,200.00,CNY,2021-04-28,2027-04-28
2026-09-03 17:35:23,395686,huianrc.com,200.00,CNY,2012-05-01,2027-05-01
2026-09-03 17:35:23,395686,dandongrc.com,200.00,CNY,2012-05-11,2027-05-11
2026-09-03 17:35:23,395686,fuxinrc.com,200.00,CNY,2012-05-16,2027-05-16
2026-09-03 17:35:23,395686,danyangrc.com,200.00,CNY,2012-05-21,2027-05-21
2026-09-03 17:35:23,395686,tonghuarc.com,200.00,CNY,2012-05-28,2027-05-28
2026-09-03 17:35:23,395686,hnfwzs.com,200.00,CNY,2018-06-26,2027-06-26
2026-09-03 17:35:23,395686,wulianjiewu.com,200.00,CNY,2019-06-19,2027-06-19
2026-09-03 17:35:23,395686,0517hywy.com,200.00,CNY,2019-07-16,2027-07-16
2026-09-03 17:35:23,395686,yb12371.com,200.00,CNY,2016-08-03,2027-08-03
2026-09-03 17:35:23,395686,p1y1.net,200.00,CNY,2007-09-08,2027-09-08
2026-09-03 17:35:23,395686,gctspace.net,200.00,CNY,2006-09-06,2027-09-06
2026-09-03 17:35:23,395686,gcthome.net,200.00,CNY,2006-09-06,2027-09-06
2026-09-03 17:35:23,395686,vcombb.net,200.00,CNY,2005-09-07,2027-09-07
2026-09-03 17:35:23,395686,nhyg.net,200.00,CNY,2008-09-08,2027-09-08
2026-09-03 17:35:23,395686,sbmk.net,200.00,CNY,2005-09-05,2027-09-05
2026-09-03 17:35:23,395686,hostsell.net,200.00,CNY,2009-09-11,2027-09-11
2026-09-03 17:35:23,395686,haodao.net,200.00,CNY,2008-09-10,2027-09-10
2026-09-03 17:35:23,395686,dg-huarong.com,200.00,CNY,2009-09-03,2027-09-03
2026-09-03 17:35:23,395686,ningboplumbing.com,200.00,CNY,2009-09-05,2027-09-05
2026-09-03 17:35:23,395686,shuimujixie.com,200.00,CNY,2008-09-05,2027-09-05
2026-09-03 17:35:23,395686,plg3.com,200.00,CNY,2000-09-05,2027-09-05
2026-09-03 17:35:23,395686,jinshilianke.com,200.00,CNY,2005-09-05,2027-09-05
2026-09-03 17:35:23,395686,dalianfish.com,200.00,CNY,2009-09-06,2027-09-06
2026-09-03 17:35:23,395686,mumujiurifishing.com,200.00,CNY,2009-09-06,2027-09-06
2026-09-03 17:35:23,395686,dlwow.com,200.00,CNY,2009-09-08,2027-09-08
2026-09-03 17:35:23,395686,lvvei.com,200.00,CNY,2009-09-08,2027-09-08
2026-09-03 17:35:23,395686,ovnvo.com,200.00,CNY,2008-09-06,2027-09-06
2026-09-03 17:35:23,395686,callingtime.com,200.00,CNY,2002-09-07,2027-09-07
2026-09-03 17:35:23,395686,ucanvcan.com,200.00,CNY,2009-09-06,2027-09-06
2026-09-03 17:35:23,395686,xinzhouqu.com,200.00,CNY,2009-09-09,2027-09-09
2026-09-03 17:35:23,395686,glochrom.com,200.00,CNY,2009-09-09,2027-09-09
2026-09-03 17:35:23,395686,bei-na.com,200.00,CNY,2004-09-08,2027-09-08
2026-09-03 17:35:23,395686,qiongerdai.com,200.00,CNY,2009-09-09,2027-09-09
2026-09-03 17:35:23,395686,baoxiangbank.com,200.00,CNY,2009-09-09,2027-09-09
2026-09-03 17:35:23,395686,hqsepu.com,200.00,CNY,2009-09-09,2027-09-09
2026-09-03 17:35:23,395686,dragon-union.com,200.00,CNY,2001-09-10,2027-09-10
2026-09-03 17:35:23,395686,523816.com,200.00,CNY,2015-09-11,2027-09-11
2026-09-03 17:35:23,395686,525836.com,200.00,CNY,2015-09-11,2027-09-11
2026-09-03 17:35:23,395686,523896.com,200.00,CNY,2015-09-11,2027-09-11
2026-09-03 17:35:23,395686,523826.com,200.00,CNY,2015-09-11,2027-09-11
2026-09-03 17:35:23,395686,elbow-machine.com,200.00,CNY,2009-09-10,2027-09-10
2026-09-03 17:35:23,395686,525856.com,200.00,CNY,2015-09-11,2027-09-11
2026-09-03 17:35:23,395686,zs-wxcs.com,200.00,CNY,2009-09-10,2027-09-10
2026-09-03 17:35:23,395686,525816.com,200.00,CNY,2015-09-11,2027-09-11
2026-09-03 17:35:23,395686,525826.com,200.00,CNY,2015-09-11,2027-09-11
2026-09-03 17:35:23,395686,400692.com,200.00,CNY,2015-09-17,2027-09-17
2026-09-03 17:35:23,395686,ggpyidaitianjiao.com,200.00,CNY,2020-09-29,2027-09-29
2026-09-03 17:35:23,395686,lbswsj.com,200.00,CNY,2016-09-16,2027-09-16
2026-09-03 17:35:23,395686,183603.com,200.00,CNY,2015-09-26,2027-09-26
2026-09-03 17:35:23,395686,sisebao.com,200.00,CNY,2015-09-19,2027-09-19
2026-09-03 17:35:23,395686,juxiangyanxuan.com,200.00,CNY,2020-09-25,2027-09-25
2026-09-03 17:35:23,395686,0394pk.com,200.00,CNY,2019-09-20,2027-09-20
2026-09-03 17:35:23,395686,400291.com,200.00,CNY,2015-09-17,2027-09-17
2026-09-03 17:35:23,395686,beidanshi.com,200.00,CNY,2015-09-24,2027-09-24
2026-09-03 17:35:23,395686,shanximingxuan.com,200.00,CNY,2018-09-20,2027-09-20
2026-09-03 17:35:23,395686,doufangke.com,200.00,CNY,2020-09-30,2027-09-30
2026-09-03 17:35:23,395686,doufanggou.com,200.00,CNY,2020-09-30,2027-09-30
2026-09-03 17:35:23,395686,teseshangyequ.com,200.00,CNY,2020-09-30,2027-09-30
2026-09-03 17:35:23,395686,delixi2.com,200.00,CNY,2019-09-28,2027-09-28
2026-09-03 17:35:23,395686,palixiu.com,200.00,CNY,2013-10-09,2027-10-09
2026-09-03 17:35:23,395686,shnmw.com,200.00,CNY,2021-07-05,2027-07-05
2026-09-03 17:35:23,395686,lzdyw.com,200.00,CNY,2021-07-26,2027-07-26
2026-09-03 17:35:23,395686,encunxi.com,200.00,CNY,2020-09-01,2027-09-01
2026-09-03 17:35:23,395686,apjingyou.com,200.00,CNY,2020-09-04,2027-09-04
2026-09-03 17:35:23,395686,benxinjiazheng.com,200.00,CNY,2018-09-06,2027-09-06
2026-09-03 17:35:23,395686,huiyoubei365.com,200.00,CNY,2020-09-06,2027-09-06
2026-09-03 17:35:23,395686,feixianggangwan.com,200.00,CNY,2020-09-08,2027-09-08
2026-09-03 17:35:23,395686,housekeeperofwindow.com,200.00,CNY,2019-09-09,2027-09-09
2026-09-03 17:35:23,395686,htyywk.com,200.00,CNY,2019-09-09,2027-09-09
2026-09-03 17:35:23,395686,aimeibibei.com,200.00,CNY,2019-09-09,2027-09-09
2026-09-03 17:35:23,395686,easiestcity.com,200.00,CNY,2019-09-10,2027-09-10
2026-09-03 17:35:23,395686,sanguoxiansheng.com,200.00,CNY,2020-09-10,2027-09-10
2026-09-03 17:35:23,395686,g1811.com,200.00,CNY,2020-09-12,2027-09-12
2026-09-03 17:35:23,395686,growingrobot.com,200.00,CNY,2020-09-15,2027-09-15
2026-09-03 17:35:23,395686,stoneyacht.com,200.00,CNY,2020-09-17,2027-09-17
2026-09-03 17:35:23,395686,njtddzgs.com,200.00,CNY,2020-09-16,2027-09-16
2026-09-03 17:35:23,395686,kengchuang.com,200.00,CNY,2020-09-12,2027-09-12
2026-09-03 17:35:23,395686,xytourby.com,200.00,CNY,2020-09-14,2027-09-14
2026-09-03 17:35:23,395686,coxreels-chian.com,200.00,CNY,2019-09-30,2027-09-30
2026-09-03 17:35:23,395686,gdhfdcj.com,200.00,CNY,2019-09-30,2027-09-30
2026-09-03 17:35:23,395686,depinjc.com,200.00,CNY,2020-09-30,2027-09-30
2026-09-03 17:35:23,395686,15625399366.com,200.00,CNY,2020-09-30,2027-09-30
2026-09-03 17:35:23,395686,ydl5.com,200.00,CNY,2020-09-30,2027-09-30
2026-09-03 17:35:23,395686,flb38.com,200.00,CNY,2020-09-29,2027-09-29
2026-09-03 17:35:23,395686,baserahotel.com,200.00,CNY,2020-09-29,2027-09-29
2026-09-03 17:35:23,395686,pa-bx.com,200.00,CNY,2019-09-28,2027-09-28
2026-09-03 17:35:23,395686,weilanqudong.com,200.00,CNY,2020-09-28,2027-09-28
2026-09-03 17:35:23,395686,bodaoinfo.com,200.00,CNY,2020-09-25,2027-09-25
2026-09-03 17:35:23,395686,fuzhouwangzhansheji.com,200.00,CNY,2020-09-27,2027-09-27
2026-09-03 17:35:23,395686,xingyoulive.com,200.00,CNY,2018-09-26,2027-09-26
2026-09-03 17:35:23,395686,4001627880.com,200.00,CNY,2020-09-24,2027-09-24
2026-09-03 17:35:23,395686,mengniujiaju.com,200.00,CNY,2017-09-22,2027-09-22
2026-09-03 17:35:23,395686,nanningyeshenghuo.com,200.00,CNY,2020-09-22,2027-09-22
2026-09-03 17:35:23,395686,ipcoming.com,200.00,CNY,2020-09-23,2027-09-23
2026-09-03 17:35:23,395686,yingyun100.com,200.00,CNY,2019-09-20,2027-09-20
2026-09-03 17:35:23,395686,youyuanfenxiang.com,200.00,CNY,2018-09-19,2027-09-19
2026-09-03 17:35:23,395686,foshanbolusi.com,200.00,CNY,2020-09-18,2027-09-18
2026-09-03 17:35:23,395686,zrhszf.com,200.00,CNY,2019-09-17,2027-09-17
2026-09-03 17:35:23,395686,687368.com,200.00,CNY,2020-09-17,2027-09-17
2026-09-03 17:35:23,395686,687268.com,200.00,CNY,2020-09-17,2027-09-17
2026-09-03 17:35:23,395686,599268.com,200.00,CNY,2020-09-17,2027-09-17
2026-09-03 17:35:23,395686,683268.com,200.00,CNY,2020-09-17,2027-09-17
2026-09-03 17:35:23,395686,932578.com,200.00,CNY,2020-09-17,2027-09-17
2026-09-03 17:35:23,395686,932278.com,200.00,CNY,2020-09-17,2027-09-17
2026-09-03 17:35:23,395686,926738.com,200.00,CNY,2020-09-17,2027-09-17
2026-09-03 17:35:23,395686,932658.com,200.00,CNY,2020-09-17,2027-09-17
2026-09-03 17:35:23,395686,926178.com,200.00,CNY,2020-09-17,2027-09-17
2026-09-03 17:35:23,395686,936828.com,200.00,CNY,2020-09-17,2027-09-17
2026-09-03 17:35:23,395686,936628.com,200.00,CNY,2020-09-17,2027-09-17
2026-09-03 17:35:23,395686,953578.com,200.00,CNY,2020-09-17,2027-09-17
2026-09-03 17:35:23,395686,921958.com,200.00,CNY,2020-09-17,2027-09-17
2026-09-03 17:35:23,395686,938318.com,200.00,CNY,2020-09-17,2027-09-17
2026-09-03 17:35:23,395686,938358.com,200.00,CNY,2020-09-17,2027-09-17
2026-09-03 17:35:23,395686,938638.com,200.00,CNY,2020-09-17,2027-09-17
2026-09-03 17:35:23,395686,952638.com,200.00,CNY,2020-09-17,2027-09-17
2026-09-03 17:35:23,395686,953718.com,200.00,CNY,2020-09-17,2027-09-17
2026-09-03 17:35:23,395686,953768.com,200.00,CNY,2020-09-17,2027-09-17
2026-09-03 17:35:23,395686,953728.com,200.00,CNY,2020-09-17,2027-09-17
2026-09-03 17:35:23,395686,953928.com,200.00,CNY,2020-09-17,2027-09-17
2026-09-03 17:35:23,395686,956358.com,200.00,CNY,2020-09-17,2027-09-17
2026-09-03 17:35:23,395686,953758.com,200.00,CNY,2020-09-17,2027-09-17
2026-09-03 17:35:23,395686,953938.com,200.00,CNY,2020-09-17,2027-09-17
2026-09-03 17:35:23,395686,961638.com,200.00,CNY,2020-09-17,2027-09-17
2026-09-03 17:35:23,395686,957298.com,200.00,CNY,2020-09-17,2027-09-17
2026-09-03 17:35:23,395686,959378.com,200.00,CNY,2020-09-17,2027-09-17
2026-09-03 17:35:23,395686,yingyushuju.com,200.00,CNY,2020-09-17,2027-09-17
2026-09-03 17:35:23,395686,962638.com,200.00,CNY,2020-09-17,2027-09-17
2026-09-03 17:35:23,395686,962658.com,200.00,CNY,2020-09-17,2027-09-17
2026-09-03 17:35:23,395686,962758.com,200.00,CNY,2020-09-17,2027-09-17
2026-09-03 17:35:23,395686,963178.com,200.00,CNY,2020-09-17,2027-09-17
2026-09-03 17:35:23,395686,965798.com,200.00,CNY,2020-09-17,2027-09-17
2026-09-03 17:35:23,395686,963528.com,200.00,CNY,2020-09-17,2027-09-17
2026-09-03 17:35:23,395686,967268.com,200.00,CNY,2020-09-17,2027-09-17
2026-09-03 17:35:23,395686,965278.com,200.00,CNY,2020-09-17,2027-09-17
2026-09-03 17:35:23,395686,963758.com,200.00,CNY,2020-09-17,2027-09-17
2026-09-03 17:35:23,395686,969278.com,200.00,CNY,2020-09-17,2027-09-17
2026-09-03 17:35:23,395686,338528.com,200.00,CNY,2020-09-17,2027-09-17
2026-09-03 17:35:23,395686,336978.com,200.00,CNY,2020-09-17,2027-09-17
2026-09-03 17:35:23,395686,933578.com,200.00,CNY,2020-09-17,2027-09-17
2026-09-03 17:35:23,395686,926878.com,200.00,CNY,2020-09-17,2027-09-17
2026-09-03 17:35:23,395686,933638.com,200.00,CNY,2020-09-17,2027-09-17
2026-09-03 17:35:23,395686,693158.com,200.00,CNY,2020-09-17,2027-09-17
2026-09-03 17:35:23,395686,957738.com,200.00,CNY,2020-09-17,2027-09-17
2026-09-03 17:35:23,395686,968158.com,200.00,CNY,2020-09-17,2027-09-17
2026-09-03 17:35:23,395686,968578.com,200.00,CNY,2020-09-17,2027-09-17
2026-09-03 17:35:23,395686,957728.com,200.00,CNY,2020-09-17,2027-09-17
2026-09-03 17:35:23,395686,973968.com,200.00,CNY,2020-09-17,2027-09-17
2026-09-03 17:35:23,395686,336758.com,200.00,CNY,2020-09-17,2027-09-17
2026-09-03 17:35:23,395686,982128.com,200.00,CNY,2020-09-17,2027-09-17
2026-09-03 17:35:23,395686,992968.com,200.00,CNY,2020-09-17,2027-09-17
2026-09-03 17:35:23,395686,331268.com,200.00,CNY,2020-09-17,2027-09-17
2026-09-03 17:35:23,395686,977198.com,200.00,CNY,2020-09-17,2027-09-17
2026-09-03 17:35:23,395686,957718.com,200.00,CNY,2020-09-17,2027-09-17
2026-09-03 17:35:23,395686,633198.com,200.00,CNY,2020-09-17,2027-09-17
2026-09-03 17:35:23,395686,952538.com,200.00,CNY,2020-09-17,2027-09-17
2026-09-03 17:35:23,395686,951578.com,200.00,CNY,2020-09-17,2027-09-17
2026-09-03 17:35:23,395686,951728.com,200.00,CNY,2020-09-17,2027-09-17
2026-09-03 17:35:23,395686,798298.com,200.00,CNY,2020-09-17,2027-09-17
2026-09-03 17:35:23,395686,627518.com,200.00,CNY,2020-09-17,2027-09-17
2026-09-03 17:35:23,395686,519268.com,200.00,CNY,2020-09-17,2027-09-17
2026-09-03 17:35:23,395686,662398.com,200.00,CNY,2020-09-17,2027-09-17
2026-09-03 17:35:23,395686,239518.com,200.00,CNY,2020-09-17,2027-09-17
2026-09-03 17:35:23,395686,226158.com,200.00,CNY,2020-09-17,2027-09-17
2026-09-03 17:35:23,395686,215928.com,200.00,CNY,2020-09-17,2027-09-17
2026-09-03 17:35:23,395686,515728.com,200.00,CNY,2020-09-17,2027-09-17
2026-09-03 17:35:23,395686,219198.com,200.00,CNY,2020-09-17,2027-09-17
2026-09-03 17:35:23,395686,196828.com,200.00,CNY,2020-09-17,2027-09-17
2026-09-03 17:35:23,395686,175878.com,200.00,CNY,2020-09-17,2027-09-17
2026-09-03 17:35:23,395686,196928.com,200.00,CNY,2020-09-17,2027-09-17
2026-09-03 17:35:23,395686,196328.com,200.00,CNY,2020-09-17,2027-09-17
2026-09-03 17:35:23,395686,199158.com,200.00,CNY,2020-09-17,2027-09-17
2026-09-03 17:35:23,395686,176518.com,200.00,CNY,2020-09-17,2027-09-17
2026-09-03 17:35:23,395686,181628.com,200.00,CNY,2020-09-17,2027-09-17
2026-09-03 17:35:23,395686,182238.com,200.00,CNY,2020-09-17,2027-09-17
2026-09-03 17:35:23,395686,196258.com,200.00,CNY,2020-09-17,2027-09-17
2026-09-03 17:35:23,395686,179518.com,200.00,CNY,2020-09-17,2027-09-17
2026-09-03 17:35:23,395686,183368.com,200.00,CNY,2020-09-17,2027-09-17
2026-09-03 17:35:23,395686,215158.com,200.00,CNY,2020-09-17,2027-09-17
2026-09-03 17:35:23,395686,wt2u.com,200.00,CNY,2019-09-30,2027-09-30
2026-09-03 17:35:23,395686,957378.com,200.00,CNY,2020-09-17,2027-09-17
2026-09-03 17:35:23,395686,938328.com,200.00,CNY,2020-09-17,2027-09-17
2026-09-04 11:15:43,223007,kmvrtq.com,15.00,CNY,2024-02-23,2027-02-23
2026-09-04 11:15:43,223007,aqmjox.com,15.00,CNY,2024-02-23,2027-02-23
2026-09-04 11:15:43,223007,wbtfxi.com,15.00,CNY,2024-02-23,2027-02-23
2026-09-04 11:15:43,223007,tlfjze.com,15.00,CNY,2024-02-23,2027-02-23
2026-09-04 11:15:43,223007,xzzyblp.com,15.00,CNY,2024-02-22,2027-02-22
2026-09-04 11:15:43,223007,jxhhtjc.com,15.00,CNY,2024-02-22,2027-02-22
2026-09-04 11:15:43,223007,bbtktv.com,15.00,CNY,2024-02-22,2027-02-22
2026-09-04 11:15:43,223007,gjomgv.com,15.00,CNY,2024-02-22,2027-02-22
2026-09-04 11:15:43,223007,hibjm.com,15.00,CNY,2024-02-22,2027-02-22
2026-09-04 11:15:43,223007,junejh.com,15.00,CNY,2024-02-22,2027-02-22
2026-09-04 11:15:43,223007,xfmyaa.com,15.00,CNY,2024-02-22,2027-02-22
2026-09-04 11:15:43,223007,lyyzlove.com,15.00,CNY,2024-02-22,2027-02-22
2026-09-04 11:15:43,223007,pjsrdg.com,15.00,CNY,2024-02-22,2027-02-22
2026-09-04 11:15:43,223007,chcmtmt.com,15.00,CNY,2024-02-22,2027-02-22
2026-09-04 11:15:43,223007,tyeye9.com,15.00,CNY,2024-02-23,2027-02-23
2026-09-04 11:15:43,223007,zuerkang.com,15.00,CNY,2024-02-23,2027-02-23
2026-09-04 11:15:43,223007,zrmxswrl.com,15.00,CNY,2024-02-23,2027-02-23
2026-09-04 11:15:43,223007,xazyjzgc.com,15.00,CNY,2024-02-23,2027-02-23
2026-09-04 11:15:43,223007,sucaimb.com,15.00,CNY,2024-02-23,2027-02-23
2026-09-04 11:15:43,223007,nlkjsb.com,15.00,CNY,2024-02-23,2027-02-23
2026-09-04 11:15:43,223007,nbhchb.com,15.00,CNY,2024-02-23,2027-02-23
2026-09-04 11:15:43,223007,mczczx.com,15.00,CNY,2024-02-23,2027-02-23
2026-09-04 11:15:43,223007,jzqnzy.com,15.00,CNY,2024-02-23,2027-02-23
2026-09-04 11:15:43,223007,jxjzsz.com,15.00,CNY,2024-02-23,2027-02-23
2026-09-04 11:15:43,223007,jsft888.com,15.00,CNY,2024-02-23,2027-02-23
2026-09-04 11:15:43,223007,cthaian.com,15.00,CNY,2024-02-23,2027-02-23
2026-09-04 11:15:43,223007,buzupk.com,15.00,CNY,2024-02-23,2027-02-23
2026-09-04 11:15:43,223007,baibwang.com,15.00,CNY,2024-02-23,2027-02-23
2026-09-04 11:15:43,223007,frhprg.com,15.00,CNY,2024-02-23,2027-02-23
2026-09-04 11:15:43,223007,jtvpcs.com,15.00,CNY,2024-02-23,2027-02-23
2026-09-04 11:15:43,223007,ztrrph.com,15.00,CNY,2024-02-23,2027-02-23
2026-09-04 11:15:43,223007,byqvdo.com,15.00,CNY,2024-02-23,2027-02-23
2026-09-04 11:15:43,223007,tzbfmc.com,15.00,CNY,2024-02-23,2027-02-23
2026-09-04 11:15:43,223007,wgugai.com,15.00,CNY,2024-02-23,2027-02-23
2026-09-04 11:15:43,223007,ansotk.com,15.00,CNY,2024-02-23,2027-02-23
2026-09-04 11:15:43,223007,zsvufo.com,15.00,CNY,2024-02-23,2027-02-23
2026-09-04 11:15:43,223007,vezlmh.com,15.00,CNY,2024-02-23,2027-02-23
2026-09-04 11:15:43,223007,fbockn.com,15.00,CNY,2024-02-23,2027-02-23
2026-09-04 11:15:43,223007,bhxifg.com,15.00,CNY,2024-02-23,2027-02-23
2026-09-04 11:15:43,223007,rdyrft.com,15.00,CNY,2024-02-23,2027-02-23
2026-09-04 11:15:43,223007,ojzjwz.com,15.00,CNY,2024-02-23,2027-02-23
2026-09-04 11:15:43,223007,flcrvp.com,15.00,CNY,2024-02-23,2027-02-23
2026-09-04 11:15:43,223007,bnsptq.com,15.00,CNY,2024-02-23,2027-02-23
2026-09-04 11:15:43,223007,ghqwsg.com,15.00,CNY,2024-02-23,2027-02-23
2026-09-04 11:15:43,223007,pymiiy.com,15.00,CNY,2024-02-23,2027-02-23
2026-09-04 11:15:43,223007,mmtepp.com,15.00,CNY,2024-02-23,2027-02-23
2026-09-04 11:15:43,223007,tbizyn.com,15.00,CNY,2024-02-23,2027-02-23
2026-09-04 11:15:43,223007,xfpzsf.com,15.00,CNY,2024-02-23,2027-02-23
2026-09-04 11:15:43,223007,munwzu.com,15.00,CNY,2024-02-23,2027-02-23
2026-09-04 11:15:43,223007,tqxmsa.com,15.00,CNY,2024-02-23,2027-02-23
2026-09-04 11:15:43,223007,zzqhkf.com,15.00,CNY,2024-02-23,2027-02-23
2026-09-04 11:15:43,223007,eqmjic.com,15.00,CNY,2024-02-23,2027-02-23
2026-09-04 11:15:43,223007,ypoeok.com,15.00,CNY,2024-02-23,2027-02-23
2026-09-04 11:15:43,223007,zrmiob.com,15.00,CNY,2024-02-23,2027-02-23
2026-09-04 11:15:43,223007,rerben.com,15.00,CNY,2024-02-23,2027-02-23
2026-09-04 11:15:43,223007,kkbyda.com,15.00,CNY,2024-02-23,2027-02-23
2026-09-04 11:15:43,223007,bvgvsz.com,15.00,CNY,2024-02-23,2027-02-23
2026-09-04 11:15:43,223007,fktzpe.com,15.00,CNY,2024-02-23,2027-02-23
2026-09-04 11:15:43,223007,dyhtmh.com,15.00,CNY,2024-02-23,2027-02-23
2026-09-04 11:15:43,223007,ixkfkh.com,15.00,CNY,2024-02-23,2027-02-23
2026-09-04 11:15:43,223007,ppeehh.com,15.00,CNY,2024-02-23,2027-02-23
2026-09-04 11:15:43,223007,xmdtem.com,15.00,CNY,2024-02-23,2027-02-23
2026-09-04 11:15:43,223007,fkeybt.com,15.00,CNY,2024-02-23,2027-02-23
2026-09-04 11:15:43,223007,zmnnpm.com,15.00,CNY,2024-02-23,2027-02-23
2026-09-04 11:15:43,223007,gkxwny.com,15.00,CNY,2024-02-23,2027-02-23
2026-09-04 11:15:43,223007,zizanx.com,15.00,CNY,2024-02-23,2027-02-23
2026-09-04 11:15:43,223007,wxthop.com,15.00,CNY,2024-02-23,2027-02-23
2026-09-04 11:15:43,223007,kdiecn.com,15.00,CNY,2024-02-23,2027-02-23
2026-09-04 11:15:43,223007,gbewns.com,15.00,CNY,2024-02-23,2027-02-23
2026-09-04 11:15:43,223007,ticthk.com,15.00,CNY,2024-02-23,2027-02-23
2026-09-04 11:15:43,223007,bzrqwb.com,15.00,CNY,2024-02-23,2027-02-23
2026-09-04 11:15:43,223007,uhcsvu.com,15.00,CNY,2024-02-23,2027-02-23
2026-09-04 11:15:43,223007,ufhqfs.com,15.00,CNY,2024-02-23,2027-02-23
2026-09-04 11:15:43,223007,gnzzdi.com,15.00,CNY,2024-02-23,2027-02-23
2026-09-04 11:15:43,223007,khovbv.com,15.00,CNY,2024-02-23,2027-02-23
2026-09-04 11:15:43,223007,ltorzy.com,15.00,CNY,2024-02-23,2027-02-23
2026-09-04 11:15:43,223007,irqayx.com,15.00,CNY,2024-02-23,2027-02-23
2026-09-04 11:15:43,223007,zanxmo.com,15.00,CNY,2024-02-23,2027-02-23
2026-09-04 11:15:43,223007,hexgfs.com,15.00,CNY,2024-02-23,2027-02-23
2026-09-04 11:15:43,223007,zmnaix.com,15.00,CNY,2024-02-23,2027-02-23
2026-09-04 11:15:43,223007,hvoofk.com,15.00,CNY,2024-02-23,2027-02-23
2026-09-04 11:15:43,223007,tnxkai.com,15.00,CNY,2024-02-23,2027-02-23
2026-09-04 11:15:43,223007,idzrcx.com,15.00,CNY,2024-02-23,2027-02-23
2026-09-04 11:15:43,223007,urzdfn.com,15.00,CNY,2024-02-23,2027-02-23
2026-09-04 11:15:43,223007,kdakys.com,15.00,CNY,2024-02-23,2027-02-23
2026-09-04 11:15:43,223007,pdjaqx.com,15.00,CNY,2024-02-23,2027-02-23
2026-09-04 11:15:43,223007,nsmzzt.com,15.00,CNY,2024-02-23,2027-02-23
2026-09-04 11:15:43,223007,ubrszg.com,15.00,CNY,2024-02-23,2027-02-23
2026-09-04 11:15:43,223007,ofvfsp.com,15.00,CNY,2024-02-23,2027-02-23
2026-09-04 11:15:43,223007,pxtzbp.com,15.00,CNY,2024-02-23,2027-02-23
2026-09-04 11:15:43,223007,uzstiy.com,15.00,CNY,2024-02-23,2027-02-23
2026-09-04 11:15:43,223007,ajynof.com,15.00,CNY,2024-02-23,2027-02-23
2026-09-04 11:15:43,223007,vtqoqd.com,15.00,CNY,2024-02-23,2027-02-23
2026-09-04 11:15:43,223007,nbvshb.com,15.00,CNY,2024-02-23,2027-02-23
2026-09-04 11:15:43,223007,rgixpf.com,15.00,CNY,2024-02-23,2027-02-23
2026-09-04 11:15:43,223007,fdgvzw.com,15.00,CNY,2024-02-23,2027-02-23
2026-09-04 11:15:43,223007,ergtfk.com,15.00,CNY,2024-02-23,2027-02-23
2026-09-04 11:15:43,223007,audkkd.com,15.00,CNY,2024-02-23,2027-02-23
2026-09-04 11:15:43,223007,jkpxyx.com,15.00,CNY,2024-02-23,2027-02-23
2026-09-04 11:15:43,223007,ydevje.com,15.00,CNY,2024-02-23,2027-02-23
2026-09-04 11:15:43,223007,roisar.com,15.00,CNY,2024-02-23,2027-02-23
2026-09-04 11:15:43,223007,zeaqky.com,15.00,CNY,2024-02-23,2027-02-23
2026-09-04 11:15:43,223007,cagcwi.com,15.00,CNY,2024-02-23,2027-02-23
2026-09-04 11:15:43,223007,keggky.com,15.00,CNY,2024-02-23,2027-02-23
2026-09-04 11:15:43,223007,naautc.com,15.00,CNY,2024-02-23,2027-02-23
2026-09-04 11:15:43,223007,tnvxjh.com,15.00,CNY,2024-02-23,2027-02-23
2026-09-04 11:15:43,223007,dqsnmn.com,15.00,CNY,2024-02-23,2027-02-23
2026-09-04 11:15:43,223007,gfpeqx.com,15.00,CNY,2024-02-23,2027-02-23
2026-09-04 11:15:43,223007,ibbpqv.com,15.00,CNY,2024-02-23,2027-02-23
2026-09-04 11:15:43,223007,jctggq.com,15.00,CNY,2024-02-23,2027-02-23
2026-09-04 11:15:43,223007,wovxbe.com,15.00,CNY,2024-02-23,2027-02-23
2026-09-04 11:15:43,223007,wqdeox.com,15.00,CNY,2024-02-23,2027-02-23
2026-09-04 11:15:43,223007,soonwg.com,15.00,CNY,2024-02-23,2027-02-23
2026-09-04 11:15:43,223007,sjpobw.com,15.00,CNY,2024-02-23,2027-02-23
2026-09-04 11:15:43,223007,desvwf.com,15.00,CNY,2024-02-23,2027-02-23
2026-09-04 11:15:43,223007,wvrhmk.com,15.00,CNY,2024-02-23,2027-02-23
2026-09-04 11:15:43,223007,ffinwu.com,15.00,CNY,2024-02-23,2027-02-23
2026-09-04 11:15:43,223007,wzehbv.com,15.00,CNY,2024-02-23,2027-02-23
2026-09-04 11:15:47,223007,yrhxdj.com,15.00,CNY,2024-02-23,2027-02-23
2026-09-04 11:15:47,223007,wxpbqk.com,15.00,CNY,2024-02-23,2027-02-23
2026-09-04 11:15:47,223007,udfsay.com,15.00,CNY,2024-02-23,2027-02-23
2026-09-04 11:15:47,223007,mcfzph.com,15.00,CNY,2024-02-23,2027-02-23
2026-09-04 11:15:47,223007,zrnvqz.com,15.00,CNY,2024-02-23,2027-02-23
2026-09-04 11:15:47,223007,rrpngf.com,15.00,CNY,2024-02-23,2027-02-23
2026-09-04 11:15:47,223007,ptyuub.com,15.00,CNY,2024-02-23,2027-02-23
2026-09-04 11:15:47,223007,tshrsy.com,15.00,CNY,2024-02-23,2027-02-23
2026-09-04 11:15:47,223007,dqdwau.com,15.00,CNY,2024-02-23,2027-02-23
2026-09-04 11:15:47,223007,vykhei.com,15.00,CNY,2024-02-23,2027-02-23
2026-09-04 11:15:47,223007,wktxfy.com,15.00,CNY,2024-02-23,2027-02-23
2026-09-04 11:15:47,223007,rwrpyr.com,15.00,CNY,2024-02-23,2027-02-23
2026-09-04 11:15:47,223007,zvjygh.com,15.00,CNY,2024-02-23,2027-02-23
2026-09-04 11:15:47,223007,ezghow.com,15.00,CNY,2024-02-23,2027-02-23
2026-09-04 11:15:47,223007,nsagpv.com,15.00,CNY,2024-02-23,2027-02-23
2026-09-04 11:15:47,223007,hqdjkz.com,15.00,CNY,2024-02-23,2027-02-23
2026-09-04 11:15:47,223007,kmbtss.com,15.00,CNY,2024-02-23,2027-02-23
2026-09-04 11:15:47,223007,duuouv.com,15.00,CNY,2024-02-23,2027-02-23
2026-09-04 11:15:47,223007,nkiaoh.com,15.00,CNY,2024-02-23,2027-02-23
2026-09-04 11:15:47,223007,woftdp.com,15.00,CNY,2024-02-23,2027-02-23
2026-09-04 11:15:47,223007,pjrpew.com,15.00,CNY,2024-02-23,2027-02-23
2026-09-04 11:15:47,223007,uhpqgr.com,15.00,CNY,2024-02-23,2027-02-23
2026-09-04 11:15:47,223007,whnpwf.com,15.00,CNY,2024-02-23,2027-02-23
2026-09-04 11:15:47,223007,sqbejy.com,15.00,CNY,2024-02-23,2027-02-23
2026-09-04 11:15:47,223007,qvseuc.com,15.00,CNY,2024-02-23,2027-02-23
2026-09-04 11:15:47,223007,fhcboy.com,15.00,CNY,2024-02-23,2027-02-23
2026-09-04 11:15:47,223007,azsngp.com,15.00,CNY,2024-02-23,2027-02-23
2026-09-04 11:15:47,223007,qhadxu.com,15.00,CNY,2024-02-23,2027-02-23
2026-09-04 11:15:47,223007,nntwbv.com,15.00,CNY,2024-02-23,2027-02-23
2026-09-04 11:15:47,223007,nknguo.com,15.00,CNY,2024-02-23,2027-02-23
2026-09-04 11:15:47,223007,dxvvqx.com,15.00,CNY,2024-02-23,2027-02-23
2026-09-04 11:15:47,223007,etrvrd.com,15.00,CNY,2024-02-23,2027-02-23
2026-09-04 11:15:47,223007,qcsyqh.com,15.00,CNY,2024-02-23,2027-02-23
2026-09-04 11:15:47,223007,vxqkzc.com,15.00,CNY,2024-02-23,2027-02-23
2026-09-04 11:15:47,223007,ufffis.com,15.00,CNY,2024-02-23,2027-02-23
2026-09-04 11:15:47,223007,nvxdno.com,15.00,CNY,2024-02-23,2027-02-23
2026-09-04 11:15:47,223007,wxsgoy.com,15.00,CNY,2024-02-23,2027-02-23
2026-09-04 11:15:47,223007,vycobr.com,15.00,CNY,2024-02-23,2027-02-23
2026-09-04 11:15:47,223007,pdruxm.com,15.00,CNY,2024-02-23,2027-02-23
2026-09-04 11:15:47,223007,nujrhf.com,15.00,CNY,2024-02-23,2027-02-23
2026-09-04 11:15:47,223007,kuncqk.com,15.00,CNY,2024-02-23,2027-02-23
2026-09-04 11:15:47,223007,xpxgev.com,15.00,CNY,2024-02-23,2027-02-23
2026-09-04 11:15:47,223007,pgvcpx.com,15.00,CNY,2024-02-23,2027-02-23
2026-09-04 11:15:47,223007,gaeiwv.com,15.00,CNY,2024-02-23,2027-02-23
2026-09-04 11:15:47,223007,xkawpu.com,15.00,CNY,2024-02-23,2027-02-23
2026-09-04 11:15:47,223007,negvoa.com,15.00,CNY,2024-02-23,2027-02-23
2026-09-04 11:15:47,223007,xiawci.com,15.00,CNY,2024-02-23,2027-02-23
2026-09-04 11:15:47,223007,aispmf.com,15.00,CNY,2024-02-23,2027-02-23
2026-09-04 11:15:47,223007,furkks.com,15.00,CNY,2024-02-23,2027-02-23
2026-09-04 11:15:47,223007,mqzwfe.com,15.00,CNY,2024-02-23,2027-02-23
2026-09-04 11:15:47,223007,mjsbrt.com,15.00,CNY,2024-02-23,2027-02-23
2026-09-04 11:15:47,223007,xfomfp.com,15.00,CNY,2024-02-23,2027-02-23
2026-09-04 11:15:47,223007,hkwfih.com,15.00,CNY,2024-02-23,2027-02-23
2026-09-04 11:15:47,223007,ihhtre.com,15.00,CNY,2024-02-23,2027-02-23
2026-09-04 11:15:47,223007,bsycmh.com,15.00,CNY,2024-02-23,2027-02-23
2026-09-04 11:15:47,223007,xpbsno.com,15.00,CNY,2024-02-23,2027-02-23
2026-09-04 11:15:47,223007,bybver.com,15.00,CNY,2024-02-23,2027-02-23
2026-09-04 11:15:47,223007,ejicsw.com,15.00,CNY,2024-02-23,2027-02-23
2026-09-04 11:15:47,223007,xnoani.com,15.00,CNY,2024-02-23,2027-02-23
2026-09-04 11:15:47,223007,bpvxip.com,15.00,CNY,2024-02-23,2027-02-23
2026-09-04 11:15:47,223007,pcmwmh.com,15.00,CNY,2024-02-23,2027-02-23
2026-09-04 11:15:47,223007,frzzwj.com,15.00,CNY,2024-02-23,2027-02-23
2026-09-04 11:15:47,223007,yrwcum.com,15.00,CNY,2024-02-23,2027-02-23
2026-09-04 11:15:47,223007,vmzjzc.com,15.00,CNY,2024-02-23,2027-02-23
2026-09-04 11:15:47,223007,vgxvtp.com,15.00,CNY,2024-02-23,2027-02-23
2026-09-04 11:15:47,223007,etmpxv.com,15.00,CNY,2024-02-23,2027-02-23
2026-09-04 11:15:47,223007,rxktbj.com,15.00,CNY,2024-02-23,2027-02-23
2026-09-04 11:15:47,223007,gsaidn.com,15.00,CNY,2024-02-23,2027-02-23
2026-09-04 11:15:47,223007,vobvqk.com,15.00,CNY,2024-02-23,2027-02-23
2026-09-04 11:15:47,223007,epxrbw.com,15.00,CNY,2024-02-23,2027-02-23
2026-09-04 11:15:47,223007,jtjdmz.com,15.00,CNY,2024-02-23,2027-02-23
2026-09-04 11:15:47,223007,bwgjkx.com,15.00,CNY,2024-02-23,2027-02-23
2026-09-04 11:15:47,223007,jatuuv.com,15.00,CNY,2024-02-23,2027-02-23
2026-09-04 11:15:47,223007,khkzee.com,15.00,CNY,2024-02-23,2027-02-23
2026-09-04 11:15:47,223007,ysezqv.com,15.00,CNY,2024-02-23,2027-02-23
2026-09-04 11:15:47,223007,hhpyrv.com,15.00,CNY,2024-02-23,2027-02-23
2026-09-04 11:15:47,223007,zmrkcv.com,15.00,CNY,2024-02-23,2027-02-23
2026-09-04 11:15:47,223007,aystmd.com,15.00,CNY,2024-02-23,2027-02-23
2026-09-04 11:15:47,223007,jrcmjk.com,15.00,CNY,2024-02-23,2027-02-23
2026-09-04 11:15:47,223007,ttvsro.com,15.00,CNY,2024-02-23,2027-02-23
2026-09-04 11:15:47,223007,bhafdz.com,15.00,CNY,2024-02-23,2027-02-23
2026-09-04 11:15:47,223007,rqepoq.com,15.00,CNY,2024-02-23,2027-02-23
2026-09-04 11:15:47,223007,zmxcup.com,15.00,CNY,2024-02-23,2027-02-23
2026-09-04 11:15:47,223007,bkncmx.com,15.00,CNY,2024-02-23,2027-02-23
2026-09-04 11:15:47,223007,hgpkwb.com,15.00,CNY,2024-02-23,2027-02-23
2026-09-04 11:15:47,223007,vwpetf.com,15.00,CNY,2024-02-23,2027-02-23
2026-09-04 11:15:47,223007,nrggwy.com,15.00,CNY,2024-02-23,2027-02-23
2026-09-04 11:15:47,223007,oyiauw.com,15.00,CNY,2024-02-23,2027-02-23
2026-09-04 11:15:47,223007,szjpiu.com,15.00,CNY,2024-02-23,2027-02-23
2026-09-04 11:15:47,223007,kmxqko.com,15.00,CNY,2024-02-23,2027-02-23
2026-09-04 11:15:47,223007,cvbxjs.com,15.00,CNY,2024-02-23,2027-02-23
2026-09-04 11:15:47,223007,jsngic.com,15.00,CNY,2024-02-23,2027-02-23
2026-09-04 11:15:47,223007,dfitaa.com,15.00,CNY,2024-02-23,2027-02-23
2026-09-04 11:15:47,223007,kdybi.com,20.00,CNY,2019-03-22,2027-03-22
2026-09-04 11:15:47,223007,lnqqhouse.com,20.00,CNY,2020-03-22,2027-03-22
2026-09-04 11:15:47,223007,xihongshe.com,20.00,CNY,2020-03-22,2027-03-22
2026-09-04 11:15:47,223007,fengzhou-hz.com,20.00,CNY,2019-03-22,2027-03-22
2026-09-04 11:15:47,223007,hszctm.com,20.00,CNY,2021-03-22,2027-03-22
2026-09-04 11:15:47,223007,jiejiangzs.com,20.00,CNY,2019-03-22,2027-03-22
2026-09-04 11:15:47,223007,xiaoyoujy.com,20.00,CNY,2021-03-22,2027-03-22
2026-09-04 11:15:47,223007,xunmiqingyuan.com,20.00,CNY,2021-03-22,2027-03-22
2026-09-04 11:15:47,223007,xbsxghw.com,20.00,CNY,2021-03-23,2027-03-23
2026-09-04 11:15:47,223007,yanwozixun.com,20.00,CNY,2021-03-23,2027-03-23
2026-09-04 11:15:47,223007,yxxfukang.com,20.00,CNY,2021-03-23,2027-03-23
2026-09-04 11:15:47,223007,aipindadan.com,20.00,CNY,2020-03-23,2027-03-23
2026-09-04 11:15:47,223007,zcfudingjixie.com,20.00,CNY,2020-03-23,2027-03-23
2026-09-04 11:15:47,223007,qinghuaiwenhua.com,20.00,CNY,2019-03-23,2027-03-23
2026-09-04 11:15:47,223007,x-quants.com,20.00,CNY,2019-03-23,2027-03-23
2026-09-04 11:15:47,223007,qianzhimengfan.com,20.00,CNY,2020-03-23,2027-03-23
2026-09-04 11:15:47,223007,niucibao.com,20.00,CNY,2021-03-23,2027-03-23
2026-09-04 11:15:47,223007,lianhuatexi.com,20.00,CNY,2021-03-23,2027-03-23
2026-09-04 11:15:47,223007,jumeiyoucheng.com,20.00,CNY,2021-03-23,2027-03-23
2026-09-04 11:15:47,223007,bsgmm.com,20.00,CNY,2020-03-23,2027-03-23
2026-09-04 11:15:47,223007,qishengzdh.com,20.00,CNY,2020-03-23,2027-03-23
2026-09-04 11:15:47,223007,zumi1314.com,20.00,CNY,2021-03-24,2027-03-24
2026-09-04 11:15:47,223007,zgutm.com,20.00,CNY,2021-03-24,2027-03-24
2026-09-04 11:15:47,223007,xjfzkj.com,20.00,CNY,2021-03-24,2027-03-24
2026-09-04 11:15:47,223007,x-ray-china.com,20.00,CNY,2020-03-24,2027-03-24
2026-09-04 11:15:47,223007,shangaidou.com,20.00,CNY,2021-03-24,2027-03-24
2026-09-04 11:15:47,223007,ruiyouteab2b.com,20.00,CNY,2020-03-24,2027-03-24
2026-09-04 11:15:47,223007,jomojoy.com,20.00,CNY,2021-03-24,2027-03-24
2026-09-04 11:15:47,223007,fahootech.com,20.00,CNY,2020-03-24,2027-03-24
2026-09-04 11:15:47,223007,khpacs.com,20.00,CNY,2020-03-24,2027-03-24
2026-09-04 11:15:47,223007,liuritujian.com,20.00,CNY,2020-03-24,2027-03-24
2026-09-04 11:15:47,223007,xrkshop.com,20.00,CNY,2021-03-24,2027-03-24
2026-09-04 11:15:47,223007,budingww.com,20.00,CNY,2021-03-24,2027-03-24
2026-09-04 11:15:47,223007,bazhongzao.com,20.00,CNY,2020-03-24,2027-03-24
2026-09-04 11:15:47,223007,bartnerchina.com,20.00,CNY,2019-03-24,2027-03-24
2026-09-04 11:15:47,223007,aokera.com,20.00,CNY,2021-03-24,2027-03-24
2026-09-04 11:15:47,223007,4008203622.com,20.00,CNY,2021-03-24,2027-03-24
2026-09-04 11:15:47,223007,doubaott.com,20.00,CNY,2021-03-24,2027-03-24
2026-09-04 11:15:47,223007,dengwei168.com,20.00,CNY,2021-03-24,2027-03-24
2026-09-04 11:15:47,223007,boyisuliao.com,20.00,CNY,2020-03-24,2027-03-24
2026-09-04 11:15:47,223007,zhenusi.com,20.00,CNY,2021-03-25,2027-03-25
2026-09-04 11:15:47,223007,dongfanglianmei.com,20.00,CNY,2019-03-25,2027-03-25
2026-09-04 11:15:47,223007,zhixunan.com,20.00,CNY,2019-03-25,2027-03-25
2026-09-04 11:15:47,223007,qishang777.com,20.00,CNY,2019-03-25,2027-03-25
2026-09-04 11:15:47,223007,panpawangsb.com,20.00,CNY,2020-03-25,2027-03-25
2026-09-04 11:15:47,223007,diandiansg.com,20.00,CNY,2020-03-25,2027-03-25
2026-09-04 11:15:47,223007,wuwengyj.com,20.00,CNY,2021-03-25,2027-03-25
2026-09-04 11:15:47,223007,cocokdy.com,20.00,CNY,2020-03-25,2027-03-25
2026-09-04 11:15:47,223007,jlshyltzn.com,20.00,CNY,2020-03-25,2027-03-25
2026-09-04 11:15:47,223007,zjjxinrui.com,20.00,CNY,2020-03-25,2027-03-25
2026-09-04 11:15:47,223007,kupaiche.com,20.00,CNY,2020-03-25,2027-03-25
2026-09-04 11:15:47,223007,topmymz.com,20.00,CNY,2021-03-25,2027-03-25
2026-09-04 11:15:47,223007,syxgysmy.com,20.00,CNY,2020-03-25,2027-03-25
2026-09-04 11:15:47,223007,songzigroup.com,20.00,CNY,2021-03-25,2027-03-25
2026-09-04 11:15:47,223007,shidaoku.com,20.00,CNY,2021-03-25,2027-03-25
2026-09-04 11:15:47,223007,qgzpzs.com,20.00,CNY,2021-03-25,2027-03-25
2026-09-04 11:15:47,223007,nfyysc.com,20.00,CNY,2021-03-25,2027-03-25
2026-09-04 11:15:47,223007,jinyuanwei.com,20.00,CNY,2021-03-25,2027-03-25
2026-09-04 11:15:47,223007,aishangleting.com,20.00,CNY,2021-03-25,2027-03-25
2026-09-04 11:15:47,223007,besthnhtgt.com,20.00,CNY,2019-03-25,2027-03-25
2026-09-04 11:15:47,223007,mxjz123.com,20.00,CNY,2019-03-26,2027-03-26
2026-09-04 11:15:47,223007,meimeixiuchang.com,20.00,CNY,2020-03-26,2027-03-26
2026-09-04 11:15:47,223007,lyxzspt.com,20.00,CNY,2021-03-26,2027-03-26
2026-09-04 11:15:47,223007,qingwo518.com,20.00,CNY,2020-03-26,2027-03-26
2026-09-04 11:15:47,223007,lantree168.com,20.00,CNY,2021-03-26,2027-03-26
2026-09-04 11:15:47,223007,kyjerp.com,20.00,CNY,2021-03-26,2027-03-26
2026-09-04 11:15:47,223007,kslcxjd.com,20.00,CNY,2020-03-26,2027-03-26
2026-09-04 11:15:47,223007,joyausemi.com,20.00,CNY,2021-03-26,2027-03-26
2026-09-04 11:15:47,223007,zhuoteganggeban.com,20.00,CNY,2021-03-26,2027-03-26
2026-09-04 11:15:47,223007,yexiaohei.com,20.00,CNY,2021-03-26,2027-03-26
2026-09-04 11:15:47,223007,xyaqvip.com,20.00,CNY,2021-03-26,2027-03-26
2026-09-04 11:15:47,223007,xinyaguanghua.com,20.00,CNY,2021-03-26,2027-03-26
2026-09-04 11:15:47,223007,xianxunhe.com,20.00,CNY,2021-03-26,2027-03-26
2026-09-04 11:15:47,223007,tiankangzn.com,20.00,CNY,2021-03-26,2027-03-26
2026-09-04 11:15:47,223007,szmiao88.com,20.00,CNY,2021-03-26,2027-03-26
2026-09-04 11:15:47,223007,hbzhengxi.com,20.00,CNY,2019-03-26,2027-03-26
2026-09-04 11:15:47,223007,gzhuozhu.com,20.00,CNY,2021-03-26,2027-03-26
2026-09-04 11:15:47,223007,glqianyi.com,20.00,CNY,2019-03-26,2027-03-26
2026-09-04 11:15:47,223007,ganfanquan.com,20.00,CNY,2021-03-26,2027-03-26
2026-09-04 11:15:47,223007,dyhkwl.com,20.00,CNY,2021-03-26,2027-03-26
2026-09-04 11:15:47,223007,cshwch.com,20.00,CNY,2020-03-26,2027-03-26
2026-09-04 11:15:47,223007,cqwuxiaoxi.com,20.00,CNY,2021-03-26,2027-03-26
2026-09-04 11:15:47,223007,xnetbuilder.com,20.00,CNY,2020-03-26,2027-03-26
2026-09-04 11:15:47,223007,adzljs.com,20.00,CNY,2019-03-26,2027-03-26
2026-09-04 11:15:47,223007,bobater.com,20.00,CNY,2020-03-26,2027-03-26
2026-09-04 11:15:47,223007,rongaoji.com,20.00,CNY,2019-03-26,2027-03-26
2026-09-04 11:15:47,223007,bmxxcoin.com,20.00,CNY,2020-03-26,2027-03-26
2026-09-04 11:15:47,223007,cxqy12366.com,20.00,CNY,2020-03-26,2027-03-26
2026-09-04 11:15:47,223007,cmsttiexi.com,20.00,CNY,2021-03-26,2027-03-26
2026-09-04 11:15:47,223007,hejin178.com,20.00,CNY,2019-03-26,2027-03-26
2026-09-04 11:15:47,223007,feelcake.com,20.00,CNY,2020-03-26,2027-03-26
2026-09-04 11:15:47,223007,juheyuncang.com,20.00,CNY,2019-03-26,2027-03-26
2026-09-04 11:15:47,223007,bzb-center.com,20.00,CNY,2019-03-26,2027-03-26
2026-09-04 11:15:47,223007,xitedl.com,20.00,CNY,2019-03-26,2027-03-26
2026-09-04 11:15:47,223007,jsjjmy.com,20.00,CNY,2020-03-26,2027-03-26
2026-09-04 11:15:47,223007,qmjshs.com,20.00,CNY,2019-03-26,2027-03-26
2026-09-04 11:15:47,223007,ywgrsp.com,20.00,CNY,2019-03-26,2027-03-26
2026-09-04 11:15:47,223007,ntpyzn.com,20.00,CNY,2020-03-26,2027-03-26
2026-09-04 11:15:47,223007,zhwxls.com,20.00,CNY,2021-03-27,2027-03-27
2026-09-04 11:15:47,223007,drqpop.com,20.00,CNY,2021-03-27,2027-03-27
2026-09-04 11:15:47,223007,exlonge.com,20.00,CNY,2021-03-27,2027-03-27
2026-09-04 11:15:47,223007,fdc-data.com,20.00,CNY,2019-03-27,2027-03-27
2026-09-04 11:15:47,223007,fywuyun.com,20.00,CNY,2021-03-27,2027-03-27
2026-09-04 11:15:47,223007,gudianjiaju8.com,20.00,CNY,2021-03-27,2027-03-27
2026-09-04 11:15:47,223007,gxstairui.com,20.00,CNY,2019-03-27,2027-03-27
2026-09-04 11:15:47,223007,huilianchuang.com,20.00,CNY,2021-03-27,2027-03-27
2026-09-04 11:15:47,223007,jiuzunxinmeiti.com,20.00,CNY,2020-03-27,2027-03-27
2026-09-04 11:15:47,223007,mingyang668.com,20.00,CNY,2021-03-27,2027-03-27
2026-09-04 11:15:47,223007,pinyge.com,20.00,CNY,2021-03-27,2027-03-27
2026-09-04 11:15:47,223007,qq363638.com,20.00,CNY,2021-03-27,2027-03-27
2026-09-04 11:15:47,223007,weihaicaigou.com,20.00,CNY,2021-03-27,2027-03-27
2026-09-04 11:15:47,223007,dameng333.com,20.00,CNY,2019-03-27,2027-03-27
2026-09-04 11:15:47,223007,cocoovision.com,20.00,CNY,2020-03-27,2027-03-27
2026-09-04 11:15:47,223007,leixiaze.com,20.00,CNY,2020-03-27,2027-03-27
2026-09-04 11:15:47,223007,hblanxi.com,20.00,CNY,2019-03-27,2027-03-27
2026-09-04 11:15:47,223007,rrjkgl.com,20.00,CNY,2020-03-27,2027-03-27
2026-09-04 11:15:47,223007,bjzs91.com,20.00,CNY,2019-03-27,2027-03-27
2026-09-04 11:15:47,223007,pearlosophygirl.com,20.00,CNY,2020-03-27,2027-03-27
2026-09-04 11:15:47,223007,bjlionsheartedu.com,20.00,CNY,2019-03-27,2027-03-27
2026-09-04 11:15:47,223007,hfmengtao.com,20.00,CNY,2019-03-27,2027-03-27
2026-09-04 11:15:47,223007,ywm315.com,20.00,CNY,2020-03-27,2027-03-27
2026-09-04 11:15:47,223007,yntcgc.com,20.00,CNY,2020-03-27,2027-03-27
2026-09-04 11:15:47,223007,qjtszgc.com,20.00,CNY,2021-03-27,2027-03-27
2026-09-04 11:15:47,223007,szkmhbj.com,20.00,CNY,2021-03-27,2027-03-27
2026-09-04 11:15:47,223007,bio-changmao.com,20.00,CNY,2020-03-27,2027-03-27
2026-09-04 11:15:47,223007,jsmxzl.com,20.00,CNY,2020-03-28,2027-03-28
2026-09-04 11:15:47,223007,sdxyxclgs.com,20.00,CNY,2019-03-28,2027-03-28
2026-09-04 11:15:47,223007,tongchengxgj.com,20.00,CNY,2021-03-28,2027-03-28
2026-09-04 11:15:47,223007,wffadianjiz.com,20.00,CNY,2020-03-28,2027-03-28
2026-09-04 11:15:47,223007,magicfoxtech.com,20.00,CNY,2019-03-28,2027-03-28
2026-09-04 11:15:47,223007,xhaxqwork.com,20.00,CNY,2019-03-28,2027-03-28
2026-09-04 11:15:47,223007,linklinic.com,20.00,CNY,2019-03-28,2027-03-28
2026-09-04 11:15:47,223007,mdszx99.com,20.00,CNY,2019-03-28,2027-03-28
2026-09-04 11:15:47,223007,hezhangjiankang.com,20.00,CNY,2019-03-28,2027-03-28
2026-09-04 11:15:47,223007,xxffpt.com,20.00,CNY,2019-03-28,2027-03-28
2026-09-04 11:15:47,223007,szfrys.com,20.00,CNY,2020-03-28,2027-03-28
2026-09-04 11:15:47,223007,wjdy100.com,20.00,CNY,2020-03-28,2027-03-28
2026-09-04 11:15:47,223007,huizhouzhaofang.com,20.00,CNY,2021-03-28,2027-03-28
2026-09-04 11:15:47,223007,5g-it.com,20.00,CNY,2019-03-28,2027-03-28
2026-09-04 11:15:47,223007,wfhongfeng666.com,20.00,CNY,2021-03-28,2027-03-28
2026-09-04 11:15:47,223007,hnaymy66.com,20.00,CNY,2019-03-28,2027-03-28
2026-09-04 11:15:47,223007,qingyoujiaoyu.com,20.00,CNY,2021-03-28,2027-03-28
2026-09-04 11:15:47,223007,yishifeiyue.com,20.00,CNY,2020-03-28,2027-03-28
2026-09-04 11:15:47,223007,accufeeds.com,20.00,CNY,2020-03-28,2027-03-28
2026-09-04 11:15:47,223007,xlmr888.com,20.00,CNY,2020-03-28,2027-03-28
2026-09-04 11:15:47,223007,ahzylj.com,20.00,CNY,2020-03-28,2027-03-28
2026-09-04 11:15:47,223007,yunshanglongdao.com,20.00,CNY,2021-03-29,2027-03-29
2026-09-04 11:15:47,223007,whxlglass.com,20.00,CNY,2021-03-29,2027-03-29
2026-09-04 11:15:47,223007,tangtangxian.com,20.00,CNY,2019-03-29,2027-03-29
2026-09-04 11:15:47,223007,szgdtest.com,20.00,CNY,2021-03-29,2027-03-29
2026-09-04 11:15:47,223007,snzhushou.com,20.00,CNY,2021-03-29,2027-03-29
2026-09-04 11:15:47,223007,npzxxc.com,20.00,CNY,2021-03-29,2027-03-29
2026-09-04 11:15:47,223007,helenqd.com,20.00,CNY,2019-03-29,2027-03-29
2026-09-04 11:15:47,223007,bademore.com,20.00,CNY,2019-03-29,2027-03-29
2026-09-04 11:15:47,223007,beesugong.com,20.00,CNY,2021-03-29,2027-03-29
2026-09-04 11:15:47,223007,dianzhuojixie.com,20.00,CNY,2019-03-29,2027-03-29
2026-09-04 11:15:47,223007,sxczyt.com,20.00,CNY,2021-03-30,2027-03-30
2026-09-04 11:15:47,223007,xlhj88.com,20.00,CNY,2021-03-30,2027-03-30
2026-09-04 11:15:47,223007,xiangshulizhan.com,20.00,CNY,2021-03-30,2027-03-30
2026-09-04 11:15:47,223007,xalianbai.com,20.00,CNY,2021-03-30,2027-03-30
2026-09-04 11:15:47,223007,tongrenjiguang.com,20.00,CNY,2021-03-30,2027-03-30
2026-09-04 11:15:47,223007,tjmslm.com,20.00,CNY,2021-03-30,2027-03-30
2026-09-04 11:15:47,223007,stbjgame.com,20.00,CNY,2021-03-30,2027-03-30
2026-09-04 11:15:47,223007,sankanrity.com,20.00,CNY,2021-03-30,2027-03-30
2026-09-04 11:15:47,223007,yzxinghong.com,20.00,CNY,2021-03-30,2027-03-30
2026-09-04 11:15:47,223007,gseaccess.com,20.00,CNY,2019-03-30,2027-03-30
2026-09-04 11:15:47,223007,dyjxyd.com,20.00,CNY,2021-03-30,2027-03-30
2026-09-04 11:15:47,223007,cszcxcl.com,20.00,CNY,2021-03-30,2027-03-30
2026-09-04 11:15:47,223007,chinahmsl.com,20.00,CNY,2019-03-30,2027-03-30
2026-09-04 11:15:47,223007,qdljjh.com,20.00,CNY,2021-03-30,2027-03-30
2026-09-04 11:15:47,223007,ourchy.com,20.00,CNY,2020-03-30,2027-03-30
2026-09-04 11:15:47,223007,milicanpin.com,20.00,CNY,2021-03-30,2027-03-30
2026-09-04 11:15:47,223007,llsanjia.com,20.00,CNY,2021-03-30,2027-03-30
2026-09-04 11:15:47,223007,lhygcc.com,20.00,CNY,2020-03-30,2027-03-30
2026-09-04 11:15:47,223007,kcwy88.com,20.00,CNY,2021-03-30,2027-03-30
2026-09-04 11:15:47,223007,jizwy.com,20.00,CNY,2021-03-30,2027-03-30
2026-09-04 11:15:47,223007,51ymsg.com,20.00,CNY,2021-03-30,2027-03-30
2026-09-04 11:15:47,223007,zhongyihdbj.com,20.00,CNY,2021-03-30,2027-03-30
2026-09-04 11:15:47,223007,bjhxjm168.com,20.00,CNY,2020-03-30,2027-03-30
2026-09-04 11:15:47,223007,iperfumetech.com,20.00,CNY,2019-03-30,2027-03-30
2026-09-04 11:15:47,223007,tianhongdl.com,20.00,CNY,2020-03-30,2027-03-30
2026-09-04 11:15:47,223007,ynzlswc.com,20.00,CNY,2019-03-30,2027-03-30
2026-09-04 11:15:47,223007,bjnapianhai.com,20.00,CNY,2020-03-30,2027-03-30
2026-09-04 11:15:47,223007,algxcx.com,20.00,CNY,2019-03-30,2027-03-30
2026-09-04 11:15:47,223007,ksautoserve.com,20.00,CNY,2020-03-30,2027-03-30
2026-09-04 11:15:47,223007,hznxhwjckj.com,20.00,CNY,2020-03-30,2027-03-30
2026-09-04 11:15:47,223007,zhongjiaogroup.com,20.00,CNY,2020-03-30,2027-03-30
2026-09-04 11:15:47,223007,ftfinterview.com,20.00,CNY,2020-03-30,2027-03-30
2026-09-04 11:15:47,223007,xabw1010.com,20.00,CNY,2021-03-31,2027-03-31
2026-09-04 11:15:47,223007,szscfbzm.com,20.00,CNY,2021-03-31,2027-03-31
2026-09-04 11:15:47,223007,aqcdkj.com,20.00,CNY,2021-03-31,2027-03-31
2026-09-04 11:15:47,223007,apzhengyang168.com,20.00,CNY,2021-03-31,2027-03-31
2026-09-04 11:15:47,223007,aijiaxny.com,20.00,CNY,2021-03-31,2027-03-31
2026-09-04 11:15:47,223007,pzhpjw.com,20.00,CNY,2021-03-31,2027-03-31
2026-09-04 11:15:47,223007,gdnkhxyy.com,20.00,CNY,2020-03-31,2027-03-31
2026-09-04 11:15:47,223007,qichenshuke.com,20.00,CNY,2021-03-31,2027-03-31
2026-09-04 11:15:47,223007,njzlyjf.com,20.00,CNY,2021-03-31,2027-03-31
2026-09-04 11:15:47,223007,miboxpro.com,20.00,CNY,2021-03-31,2027-03-31
2026-09-04 11:15:47,223007,meiyemeiye.com,20.00,CNY,2020-03-31,2027-03-31
2026-09-04 11:15:47,223007,ljsdlxs.com,20.00,CNY,2021-03-31,2027-03-31
2026-09-04 11:15:47,223007,lifecoolyun.com,20.00,CNY,2021-03-31,2027-03-31
2026-09-04 11:15:47,223007,gzchuxian.com,20.00,CNY,2021-03-31,2027-03-31
2026-09-04 11:15:47,223007,bdlanlanwang.com,20.00,CNY,2020-03-31,2027-03-31
2026-09-04 11:15:47,223007,qiandwen.com,20.00,CNY,2019-03-31,2027-03-31
2026-09-04 11:15:47,223007,njzec26.com,20.00,CNY,2020-03-31,2027-03-31
2026-09-04 11:15:47,223007,whitiii.com,20.00,CNY,2020-03-31,2027-03-31
2026-09-04 11:15:47,223007,qin-bio.com,20.00,CNY,2019-03-31,2027-03-31
2026-09-04 11:15:47,223007,daziranguanggao.com,20.00,CNY,2019-03-31,2027-03-31
2026-09-04 11:15:47,223007,twhksf.com,20.00,CNY,2020-03-31,2027-03-31
2026-09-04 11:15:47,223007,hospital-union.com,20.00,CNY,2021-03-31,2027-03-31
2026-09-04 11:15:47,223007,dghexing888.com,20.00,CNY,2021-03-31,2027-03-31
2026-09-04 11:15:47,223007,haorunem.com,20.00,CNY,2021-03-31,2027-03-31
2026-09-04 11:15:47,223007,zxyl168.com,20.00,CNY,2021-03-31,2027-03-31
2026-09-04 11:15:47,223007,qijiakuaibang.com,20.00,CNY,2021-04-01,2027-04-01
2026-09-04 11:15:47,223007,poissonbiology.com,20.00,CNY,2021-04-01,2027-04-01
2026-09-04 11:15:47,223007,lovewuyajun.com,20.00,CNY,2021-04-01,2027-04-01
2026-09-04 11:15:47,223007,kaolaqingshe.com,20.00,CNY,2021-04-01,2027-04-01
2026-09-04 11:15:47,223007,jsjtqccj.com,20.00,CNY,2021-04-01,2027-04-01
2026-09-04 11:15:47,223007,hyxjwxt.com,20.00,CNY,2021-04-01,2027-04-01
2026-09-04 11:15:47,223007,hantang668.com,20.00,CNY,2019-04-01,2027-04-01
2026-09-04 11:15:47,223007,gz-sct.com,20.00,CNY,2021-04-01,2027-04-01
2026-09-04 11:15:47,223007,gxyhsmart.com,20.00,CNY,2021-04-01,2027-04-01
2026-09-04 11:15:47,223007,gkyunvr.com,20.00,CNY,2020-04-01,2027-04-01
2026-09-04 11:15:47,223007,g3yunpingtai.com,20.00,CNY,2021-04-01,2027-04-01
2026-09-04 11:15:47,223007,fzgxrc-chain.com,20.00,CNY,2021-04-01,2027-04-01
2026-09-04 11:15:47,223007,douliangfang.com,20.00,CNY,2021-04-01,2027-04-01
2026-09-04 11:15:47,223007,zuodaoju.com,20.00,CNY,2021-04-01,2027-04-01
2026-09-04 11:15:47,223007,zjcslt.com,20.00,CNY,2019-04-01,2027-04-01
2026-09-04 11:15:47,223007,yaojinbeijian.com,20.00,CNY,2021-04-01,2027-04-01
2026-09-04 11:15:47,223007,yaobingblg.com,20.00,CNY,2021-04-01,2027-04-01
2026-09-04 11:15:47,223007,xyycpw.com,20.00,CNY,2021-04-01,2027-04-01
2026-09-04 11:15:47,223007,wx-iveco.com,20.00,CNY,2020-04-01,2027-04-01
2026-09-04 11:15:47,223007,wanhangjx.com,20.00,CNY,2021-04-01,2027-04-01
2026-09-04 11:15:47,223007,tanguohezi.com,20.00,CNY,2020-04-01,2027-04-01
2026-09-04 11:15:47,223007,shzdcbyx.com,20.00,CNY,2021-04-01,2027-04-01
2026-09-04 11:15:47,223007,rqxiaohong.com,20.00,CNY,2021-04-01,2027-04-01
2026-09-04 11:15:47,223007,zk1800.com,20.00,CNY,2019-04-01,2027-04-01
2026-09-04 11:15:47,223007,ynqb168.com,20.00,CNY,2019-04-01,2027-04-01
2026-09-04 11:15:47,223007,yiqishengxian.com,20.00,CNY,2020-04-01,2027-04-01
2026-09-04 11:15:47,223007,shinaifanghuo.com,20.00,CNY,2020-04-01,2027-04-01
2026-09-04 11:15:47,223007,blyouxuan.com,20.00,CNY,2019-04-01,2027-04-01
2026-09-04 11:15:47,223007,xyimagingcro.com,20.00,CNY,2020-04-01,2027-04-01
2026-09-04 11:15:47,223007,ainuozh.com,20.00,CNY,2021-04-01,2027-04-01
2026-09-04 11:15:47,223007,h2town.com,20.00,CNY,2019-04-01,2027-04-01
2026-09-04 11:15:47,223007,sumtrace.com,20.00,CNY,2021-04-01,2027-04-01
2026-09-04 11:15:47,223007,jiangmahe.com,20.00,CNY,2020-04-01,2027-04-01
2026-09-04 11:15:47,223007,zhenglunsteel.com,20.00,CNY,2019-04-01,2027-04-01
2026-09-04 11:15:47,223007,cndjscw.com,20.00,CNY,2021-04-01,2027-04-01
2026-09-04 11:15:47,223007,functionradian4.com,20.00,CNY,2020-04-01,2027-04-01
2026-09-04 11:15:47,223007,haichimiao.com,20.00,CNY,2020-04-01,2027-04-01
2026-09-04 11:15:47,223007,cdjvlbao.com,20.00,CNY,2019-04-01,2027-04-01
2026-09-04 11:15:47,223007,ofmom-yey.com,20.00,CNY,2019-04-01,2027-04-01
2026-09-04 11:15:47,223007,tzc-resort.com,20.00,CNY,2020-04-01,2027-04-01
2026-09-04 11:15:47,223007,tlpgy.com,20.00,CNY,2019-04-01,2027-04-01
2026-09-04 11:15:47,223007,maotianpai.com,20.00,CNY,2021-04-01,2027-04-01
2026-09-04 11:15:47,223007,gxym888.com,20.00,CNY,2021-04-01,2027-04-01
2026-09-04 11:15:47,223007,shangedian.com,20.00,CNY,2021-04-02,2027-04-02
2026-09-04 11:15:47,223007,penglianmjg.com,20.00,CNY,2021-04-02,2027-04-02
2026-09-04 11:15:47,223007,nc-hc.com,20.00,CNY,2020-04-02,2027-04-02
2026-09-04 11:15:47,223007,kakaxiaoyuan.com,20.00,CNY,2021-04-02,2027-04-02
2026-09-04 11:15:47,223007,jshystone.com,20.00,CNY,2021-04-02,2027-04-02
2026-09-04 11:15:47,223007,jiutuhuanbao.com,20.00,CNY,2021-04-02,2027-04-02
2026-09-04 11:15:47,223007,huataoxinghuo.com,20.00,CNY,2021-04-02,2027-04-02
2026-09-04 11:15:47,223007,hnzysdz.com,20.00,CNY,2021-04-02,2027-04-02
2026-09-04 11:15:47,223007,haoyanjszp.com,20.00,CNY,2020-04-02,2027-04-02
2026-09-04 11:15:47,223007,easytshow.com,20.00,CNY,2021-04-02,2027-04-02
2026-09-04 11:15:47,223007,douyinyunxiao.com,20.00,CNY,2021-04-02,2027-04-02
2026-09-04 11:15:47,223007,djcsgo.com,20.00,CNY,2021-04-02,2027-04-02
2026-09-04 11:15:47,223007,xinxing988.com,20.00,CNY,2021-04-02,2027-04-02
2026-09-04 11:15:47,223007,zsbosion.com,20.00,CNY,2021-04-02,2027-04-02
2026-09-04 11:15:47,223007,zhengdiannews.com,20.00,CNY,2021-04-02,2027-04-02
2026-09-04 11:15:47,223007,zdbgz.com,20.00,CNY,2021-04-02,2027-04-02
2026-09-04 11:15:47,223007,yandagh.com,20.00,CNY,2021-04-02,2027-04-02
2026-09-04 11:15:47,223007,xinboxian.com,20.00,CNY,2021-04-02,2027-04-02
2026-09-04 11:15:47,223007,xiangshenmaoyi.com,20.00,CNY,2021-04-02,2027-04-02
2026-09-04 11:15:47,223007,wxzjcjs.com,20.00,CNY,2021-04-02,2027-04-02
2026-09-04 11:15:47,223007,tjyuetu.com,20.00,CNY,2021-04-02,2027-04-02
2026-09-04 11:15:47,223007,tingfansiwang.com,20.00,CNY,2021-04-02,2027-04-02
2026-09-04 11:15:47,223007,taodaipu.com,20.00,CNY,2020-04-02,2027-04-02
2026-09-04 11:15:47,223007,tianjinbily.com,20.00,CNY,2020-04-02,2027-04-02
2026-09-04 11:15:47,223007,hnynkjs.com,20.00,CNY,2019-04-02,2027-04-02
2026-09-04 11:15:47,223007,bangyixinxi.com,20.00,CNY,2019-04-02,2027-04-02
2026-09-04 11:15:47,223007,hsnysj.com,20.00,CNY,2019-04-02,2027-04-02
2026-09-04 11:15:47,223007,yixinjiao.com,20.00,CNY,2019-04-02,2027-04-02
2026-09-04 11:15:47,223007,huibaohe.com,20.00,CNY,2019-04-02,2027-04-02
2026-09-04 11:15:47,223007,cng-shopping.com,20.00,CNY,2020-04-02,2027-04-02
2026-09-04 11:15:47,223007,hongyun63.com,20.00,CNY,2019-04-02,2027-04-02
2026-09-04 11:15:47,223007,zhonghaiiot.com,20.00,CNY,2020-04-02,2027-04-02
2026-09-04 11:15:47,223007,sjxiaozhan.com,20.00,CNY,2020-04-02,2027-04-02
2026-09-04 11:15:47,223007,ljyxkj.com,20.00,CNY,2020-04-02,2027-04-02
2026-09-04 11:15:47,223007,dacelife.com,20.00,CNY,2019-04-02,2027-04-02
2026-09-04 11:15:47,223007,91sumai.com,20.00,CNY,2020-04-02,2027-04-02
2026-09-04 11:15:47,223007,dajiangjiaoyu.com,20.00,CNY,2021-04-02,2027-04-02
2026-09-04 11:15:47,223007,1500hf.com,20.00,CNY,2019-04-02,2027-04-02
2026-09-04 11:15:47,223007,lehelehuo.com,20.00,CNY,2020-04-02,2027-04-02
2026-09-04 11:15:47,223007,dgxinlai888.com,20.00,CNY,2021-04-02,2027-04-02
2026-09-04 11:15:47,223007,cloud2021.com,20.00,CNY,2021-04-02,2027-04-02
2026-09-04 11:15:47,223007,5566321.com,20.00,CNY,2021-04-02,2027-04-02
2026-09-04 11:15:47,223007,xjbakouxiang.com,20.00,CNY,2019-04-02,2027-04-02
2026-09-04 11:15:47,223007,a57u.com,20.00,CNY,2019-04-02,2027-04-02
2026-09-04 11:15:47,223007,hz-jhwl.com,20.00,CNY,2019-04-02,2027-04-02
2026-09-04 11:15:47,223007,yinchig.com,20.00,CNY,2020-04-02,2027-04-02
2026-09-04 11:15:47,223007,cdleisen.com,20.00,CNY,2021-04-02,2027-04-02
2026-09-04 11:15:47,223007,lftengxuan.com,20.00,CNY,2021-04-02,2027-04-02
2026-09-04 11:15:47,223007,626159.com,20.00,CNY,2020-04-02,2027-04-02
2026-09-04 11:15:47,223007,bfrczg.com,20.00,CNY,2020-04-03,2027-04-03
2026-09-04 11:15:47,223007,ycyc123.com,20.00,CNY,2020-04-03,2027-04-03
2026-09-04 11:15:47,223007,vbli123.com,20.00,CNY,2021-04-03,2027-04-03
2026-09-04 11:15:47,223007,njsjzn.com,20.00,CNY,2020-04-03,2027-04-03
2026-09-04 11:15:47,223007,hnbnban.com,20.00,CNY,2019-04-03,2027-04-03
2026-09-04 11:15:47,223007,en9u.com,20.00,CNY,2019-04-03,2027-04-03
2026-09-04 11:15:47,223007,hiwingchun.com,20.00,CNY,2019-04-03,2027-04-03
2026-09-04 11:15:47,223007,smzn88.com,20.00,CNY,2019-04-03,2027-04-03
2026-09-04 11:15:47,223007,zhumgc.com,20.00,CNY,2019-04-03,2027-04-03
2026-09-04 11:15:47,223007,dgkjgw.com,20.00,CNY,2019-04-03,2027-04-03
2026-09-04 11:15:47,223007,yachengguandao.com,20.00,CNY,2021-04-03,2027-04-03
2026-09-04 11:15:47,223007,xuzhoujiance.com,20.00,CNY,2021-04-03,2027-04-03
2026-09-04 11:15:47,223007,summit-shipping.com,20.00,CNY,2019-04-03,2027-04-03
2026-09-04 11:15:47,223007,starsmcn.com,20.00,CNY,2019-04-03,2027-04-03
2026-09-04 11:15:47,223007,slktclean.com,20.00,CNY,2021-04-03,2027-04-03
2026-09-04 11:15:47,223007,q2fun.com,20.00,CNY,2019-04-03,2027-04-03
2026-09-04 11:15:47,223007,mingmenxian.com,20.00,CNY,2021-04-03,2027-04-03
2026-09-04 11:15:47,223007,liebiantui.com,20.00,CNY,2021-04-03,2027-04-03
2026-09-04 11:15:47,223007,gdzlsm.com,20.00,CNY,2021-04-03,2027-04-03
2026-09-04 11:15:47,223007,zld001.com,20.00,CNY,2020-04-03,2027-04-03
2026-09-04 11:15:47,223007,huidazhuang.com,20.00,CNY,2019-04-03,2027-04-03
2026-09-04 11:15:47,223007,sunachx.com,20.00,CNY,2020-04-03,2027-04-03
2026-09-04 11:15:47,223007,hehuzhi.com,20.00,CNY,2020-04-03,2027-04-03
2026-09-04 11:15:47,223007,pddaoyou917.com,20.00,CNY,2019-04-03,2027-04-03
2026-09-04 11:15:47,223007,hijiaowu.com,20.00,CNY,2021-04-03,2027-04-03
2026-09-04 11:15:47,223007,masenwood.com,20.00,CNY,2020-04-04,2027-04-04
2026-09-04 11:15:47,223007,dgcm66.com,20.00,CNY,2020-04-04,2027-04-04
2026-09-04 11:15:47,223007,huichuangspace.com,20.00,CNY,2019-04-04,2027-04-04
2026-09-04 11:15:47,223007,tklmxm.com,20.00,CNY,2021-04-05,2027-04-05
2026-09-04 11:15:47,223007,tanhuangxiao.com,20.00,CNY,2021-04-05,2027-04-05
2026-09-04 11:15:47,223007,dlgyfx.com,20.00,CNY,2019-04-05,2027-04-05
2026-09-04 11:15:47,223007,easy-xue.com,20.00,CNY,2020-04-05,2027-04-05
2026-09-04 11:15:47,223007,neorien.com,20.00,CNY,2021-04-05,2027-04-05
2026-09-04 11:15:47,223007,sdatwjx.com,20.00,CNY,2019-04-05,2027-04-05
2026-09-04 11:15:47,223007,duotebox.com,20.00,CNY,2021-04-06,2027-04-06
2026-09-04 11:15:47,223007,mengxi-umc.com,20.00,CNY,2021-04-06,2027-04-06
2026-09-04 11:15:47,223007,maohui8.com,20.00,CNY,2021-04-06,2027-04-06
2026-09-04 11:15:47,223007,jiulongguihe.com,20.00,CNY,2021-04-06,2027-04-06
2026-09-04 11:15:47,223007,8fsm.com,20.00,CNY,2021-04-06,2027-04-06
2026-09-04 11:15:47,223007,chongaiguo.com,20.00,CNY,2021-04-06,2027-04-06
2026-09-04 11:15:47,223007,yusongtaoli.com,20.00,CNY,2021-04-06,2027-04-06
2026-09-04 11:15:47,223007,tzyanxuan.com,20.00,CNY,2021-04-06,2027-04-06
2026-09-04 11:15:47,223007,tzhaodian.com,20.00,CNY,2021-04-06,2027-04-06
2026-09-04 11:15:47,223007,tsfxjy.com,20.00,CNY,2021-04-06,2027-04-06
2026-09-04 11:15:47,223007,tianji703.com,20.00,CNY,2020-04-06,2027-04-06
2026-09-04 11:15:47,223007,sxwl197878.com,20.00,CNY,2021-04-06,2027-04-06
2026-09-04 11:15:47,223007,longredian.com,20.00,CNY,2019-04-06,2027-04-06
2026-09-04 11:15:47,223007,fangqihui.com,20.00,CNY,2020-04-06,2027-04-06
2026-09-04 11:15:47,223007,jiandankee.com,20.00,CNY,2020-04-07,2027-04-07
2026-09-04 11:15:47,223007,huijianyunshang.com,20.00,CNY,2020-04-07,2027-04-07
2026-09-04 11:15:47,223007,fengyigame.com,20.00,CNY,2021-04-07,2027-04-07
2026-09-04 11:15:47,223007,ndlb02.com,20.00,CNY,2020-04-07,2027-04-07
2026-09-04 11:15:47,223007,szcmzkj.com,20.00,CNY,2021-04-07,2027-04-07
2026-09-04 11:15:47,223007,zhzhongxiantuan.com,20.00,CNY,2020-04-07,2027-04-07
2026-09-04 11:15:47,223007,jskqyl.com,20.00,CNY,2021-04-07,2027-04-07
2026-09-04 11:15:47,223007,jpkj888.com,20.00,CNY,2020-04-07,2027-04-07
2026-09-04 11:15:47,223007,itsuliao.com,20.00,CNY,2020-04-07,2027-04-07
2026-09-04 11:15:47,223007,shannaishiguang.com,20.00,CNY,2021-04-08,2027-04-08
2026-09-04 11:15:47,223007,shangyinshuiye1.com,20.00,CNY,2021-04-08,2027-04-08
2026-09-04 11:15:47,223007,zp-eb.com,20.00,CNY,2020-04-09,2027-04-09
2026-09-04 11:15:47,223007,zcbluesea.com,20.00,CNY,2020-04-10,2027-04-10
2026-09-04 11:15:47,223007,2684w1q.com,20.00,CNY,2021-04-10,2027-04-10
2026-09-04 11:15:47,223007,jnheshili.com,20.00,CNY,2020-04-10,2027-04-10
2026-09-04 11:15:47,223007,anbo101.com,20.00,CNY,2021-04-11,2027-04-11
2026-09-04 11:15:47,223007,bshlsqs.com,20.00,CNY,2019-04-11,2027-04-11
2026-09-04 11:15:47,223007,dezanflor.com,20.00,CNY,2019-04-11,2027-04-11
2026-09-04 11:15:47,223007,taizhoubrand.com,20.00,CNY,2020-04-11,2027-04-11
2026-09-04 11:15:47,223007,pangugrandview.com,20.00,CNY,2021-04-11,2027-04-11
2026-09-04 11:15:47,223007,tfdatas.com,20.00,CNY,2021-04-11,2027-04-11
2026-09-04 11:15:47,223007,dlk-qc.com,20.00,CNY,2019-04-11,2027-04-11
2026-09-04 11:15:47,223007,ccsfsj.com,20.00,CNY,2019-04-11,2027-04-11
2026-09-04 11:15:47,223007,xinyumgrs.com,20.00,CNY,2019-04-11,2027-04-11
2026-09-04 11:15:47,223007,lvdongfashion.com,20.00,CNY,2019-04-11,2027-04-11
2026-09-04 11:15:47,223007,jajhzs.com,20.00,CNY,2020-04-11,2027-04-11
2026-09-04 11:15:47,223007,qianlima66.com,20.00,CNY,2021-04-12,2027-04-12
2026-09-04 11:15:47,223007,tebaolongdbl.com,20.00,CNY,2021-04-12,2027-04-12
2026-09-04 11:15:47,223007,tui2v.com,20.00,CNY,2021-04-12,2027-04-12
2026-09-04 11:15:47,223007,cqmcplat.com,20.00,CNY,2021-04-12,2027-04-12
2026-09-04 11:15:47,223007,laidijx.com,20.00,CNY,2021-04-12,2027-04-12
2026-09-04 11:15:47,223007,sxzqsx.com,20.00,CNY,2020-04-12,2027-04-12
2026-09-04 11:15:47,223007,ajihua66.com,20.00,CNY,2021-04-12,2027-04-12
2026-09-04 11:15:47,223007,o297.com,20.00,CNY,2020-04-13,2027-04-13
2026-09-04 11:15:47,223007,sengi-studio.com,20.00,CNY,2021-04-13,2027-04-13
2026-09-04 11:15:47,223007,sanbingshuizu.com,20.00,CNY,2020-04-14,2027-04-14
2026-09-04 11:15:47,223007,dfc918.com,20.00,CNY,2021-04-14,2027-04-14
2026-09-04 11:15:47,223007,lzltlz.com,20.00,CNY,2019-04-15,2027-04-15
2026-09-04 11:15:47,223007,jfqsgc.com,20.00,CNY,2019-04-15,2027-04-15
2026-09-04 11:15:47,223007,hu9xi.com,20.00,CNY,2019-04-15,2027-04-15
2026-09-04 11:15:47,223007,97livehouse.com,20.00,CNY,2019-04-15,2027-04-15
2026-09-04 11:15:47,223007,yspjdjy.com,20.00,CNY,2019-04-17,2027-04-17
2026-09-04 11:15:47,223007,1hykj.com,20.00,CNY,2019-04-17,2027-04-17
2026-09-04 11:15:47,223007,nnskqs.com,20.00,CNY,2019-04-23,2027-04-23
2026-09-04 11:15:47,223007,gzneng.com,20.00,CNY,2020-03-24,2027-03-25
2026-09-04 11:15:47,223007,ginkgoinvest.com,20.00,CNY,2020-03-27,2027-03-27
2026-09-04 11:15:47,223007,keyhays.com,20.00,CNY,2020-03-29,2027-03-29
2026-09-04 11:17:45,223007,bjzhenghong.com,30.00,CNY,2019-05-01,2027-05-01
2026-09-04 11:17:45,223007,game949.com,30.00,CNY,2019-05-01,2027-05-01
2026-09-04 11:17:45,223007,bgmbgx.com,30.00,CNY,2019-05-02,2027-05-02
2026-09-04 11:17:45,223007,xueyuanbang.com,30.00,CNY,2019-05-02,2027-05-02
2026-09-04 11:17:45,223007,kelaiwoyun.com,30.00,CNY,2019-05-03,2027-05-03
2026-09-04 11:17:45,223007,wpeee.com,30.00,CNY,2019-05-04,2027-05-04
2026-09-04 11:17:45,223007,yhsrkj.com,30.00,CNY,2019-05-05,2027-05-05
2026-09-04 11:17:45,223007,rongchuangpipe.com,30.00,CNY,2019-05-06,2027-05-06
2026-09-04 11:17:45,223007,mongocang.com,30.00,CNY,2019-05-06,2027-05-06
2026-09-04 11:17:45,223007,lawbaobao.com,30.00,CNY,2019-05-06,2027-05-06
2026-09-04 11:17:45,223007,ireagan.com,30.00,CNY,2019-05-06,2027-05-06
2026-09-04 11:17:45,223007,ihyjl.com,30.00,CNY,2019-05-06,2027-05-06
2026-09-04 11:17:45,223007,hjtsw.com,30.00,CNY,2019-05-06,2027-05-06
2026-09-04 11:17:45,223007,giser123.com,30.00,CNY,2019-05-06,2027-05-06
2026-09-04 11:17:45,223007,egouhongbao.com,30.00,CNY,2019-05-06,2027-05-06
2026-09-04 11:17:45,223007,daliandade.com,30.00,CNY,2019-05-06,2027-05-06
2026-09-04 11:17:45,223007,bxjz8888.com,30.00,CNY,2019-05-06,2027-05-06
2026-09-04 11:17:45,223007,simiaoxq.com,30.00,CNY,2019-05-06,2027-05-06
2026-09-04 11:17:45,223007,91feihu.com,30.00,CNY,2019-05-06,2027-05-06
2026-09-04 11:17:45,223007,yndjm.com,30.00,CNY,2019-05-06,2027-05-06
2026-09-04 11:17:45,223007,yigouhongbao.com,30.00,CNY,2019-05-06,2027-05-06
2026-09-04 11:17:45,223007,yidejiankang.com,30.00,CNY,2019-05-06,2027-05-06
2026-09-04 11:17:45,223007,singast.com,30.00,CNY,2019-05-06,2027-05-06
2026-09-04 11:17:45,223007,shydhc.com,30.00,CNY,2019-05-06,2027-05-06
2026-09-04 11:17:45,223007,lvgaotech.com,30.00,CNY,2019-05-06,2027-05-06
2026-09-04 11:17:45,223007,sylxwjbj.com,30.00,CNY,2019-05-06,2027-05-06
2026-09-04 11:17:45,223007,jiajunprint.com,30.00,CNY,2019-05-06,2027-05-06
2026-09-04 11:17:45,223007,guaixinsi.com,30.00,CNY,2019-05-07,2027-05-07
2026-09-04 11:17:45,223007,jiajunyinshua.com,30.00,CNY,2019-05-07,2027-05-07
2026-09-04 11:17:45,223007,shmenghuan.com,30.00,CNY,2019-05-07,2027-05-07
2026-09-04 11:17:45,223007,tjzxbl.com,30.00,CNY,2019-05-07,2027-05-07
2026-09-04 11:17:45,223007,gxk8090.com,30.00,CNY,2019-05-07,2027-05-07
2026-09-04 11:17:45,223007,wswlove.com,30.00,CNY,2019-05-07,2027-05-07
2026-09-04 11:17:45,223007,whciclab.com,30.00,CNY,2019-05-07,2027-05-07
2026-09-04 11:17:45,223007,sxdhaq.com,30.00,CNY,2019-05-07,2027-05-07
2026-09-04 11:17:45,223007,shiyanhai.com,30.00,CNY,2019-05-07,2027-05-07
2026-09-04 11:17:45,223007,nfmysg.com,30.00,CNY,2019-05-07,2027-05-07
2026-09-04 11:17:45,223007,js-fukun.com,30.00,CNY,2019-05-07,2027-05-07
2026-09-04 11:17:45,223007,jdkjny.com,30.00,CNY,2019-05-07,2027-05-07
2026-09-04 11:17:45,223007,heikecha.com,30.00,CNY,2019-05-07,2027-05-07
2026-09-04 11:17:45,223007,yatuwenhua.com,30.00,CNY,2019-05-08,2027-05-08
2026-09-04 11:17:45,223007,xcjqw.com,30.00,CNY,2019-05-08,2027-05-08
2026-09-04 11:17:45,223007,tianhejingrui.com,30.00,CNY,2019-05-08,2027-05-08
2026-09-04 11:17:45,223007,thedivinesilk.com,30.00,CNY,2019-05-08,2027-05-08
2026-09-04 11:17:45,223007,sxcxpt.com,30.00,CNY,2019-05-08,2027-05-08
2026-09-04 11:17:45,223007,shundaxinxi.com,30.00,CNY,2019-05-08,2027-05-08
2026-09-04 11:17:45,223007,shengfufei.com,30.00,CNY,2019-05-08,2027-05-08
2026-09-04 11:17:45,223007,shanglian88.com,30.00,CNY,2019-05-08,2027-05-08
2026-09-04 11:17:45,223007,qzshanfupay.com,30.00,CNY,2019-05-08,2027-05-08
2026-09-04 11:17:45,223007,muisun.com,30.00,CNY,2019-05-08,2027-05-08
2026-09-04 11:17:45,223007,leasing-xjjh.com,30.00,CNY,2019-05-08,2027-05-08
2026-09-04 11:17:45,223007,hnzcpdr.com,30.00,CNY,2019-05-08,2027-05-08
2026-09-04 11:17:45,223007,guizhoulangxun.com,30.00,CNY,2019-05-08,2027-05-08
2026-09-04 11:17:45,223007,bjjhhyxcl.com,30.00,CNY,2019-05-08,2027-05-08
2026-09-04 11:17:45,223007,ddkjjt.com,30.00,CNY,2019-05-08,2027-05-08
2026-09-04 11:17:45,223007,njfzjs.com,30.00,CNY,2019-05-08,2027-05-08
2026-09-04 11:17:45,223007,haichuangyunyou.com,30.00,CNY,2019-05-08,2027-05-08
2026-09-04 11:17:45,223007,wuyeyongpin.com,30.00,CNY,2019-05-09,2027-05-09
2026-09-04 11:17:45,223007,sandaoo.com,30.00,CNY,2019-05-09,2027-05-09
2026-09-04 11:17:45,223007,mud10.com,30.00,CNY,2019-05-09,2027-05-09
2026-09-04 11:17:45,223007,lnzdxls.com,30.00,CNY,2019-05-09,2027-05-09
2026-09-04 11:17:45,223007,hongqujiaoyu.com,30.00,CNY,2019-05-09,2027-05-09
2026-09-04 11:17:45,223007,hisunslk.com,30.00,CNY,2019-05-09,2027-05-09
2026-09-04 11:17:45,223007,hdsccx.com,30.00,CNY,2019-05-09,2027-05-09
2026-09-04 11:17:45,223007,cctvadp.com,30.00,CNY,2019-05-09,2027-05-09
2026-09-04 11:17:45,223007,canfutang.com,30.00,CNY,2019-05-09,2027-05-09
2026-09-04 11:17:45,223007,sxborden.com,30.00,CNY,2019-05-09,2027-05-09
2026-09-04 11:17:45,223007,qcbj1688.com,30.00,CNY,2019-05-09,2027-05-09
2026-09-04 11:17:45,223007,tesaby.com,30.00,CNY,2019-05-10,2027-05-10
2026-09-04 11:17:45,223007,zhcxcn.com,30.00,CNY,2019-05-10,2027-05-10
2026-09-04 11:17:45,223007,tushen77.com,30.00,CNY,2019-05-10,2027-05-10
2026-09-04 11:17:45,223007,meiyouzijie.com,30.00,CNY,2019-05-10,2027-05-10
2026-09-04 11:17:45,223007,llggjt.com,30.00,CNY,2019-05-10,2027-05-10
2026-09-04 11:17:45,223007,hnhkhr.com,30.00,CNY,2019-05-10,2027-05-10
2026-09-04 11:17:45,223007,flyhighcn.com,30.00,CNY,2019-05-10,2027-05-10
2026-09-04 11:17:45,223007,ubuy-go.com,30.00,CNY,2019-05-10,2027-05-10
2026-09-04 11:17:45,223007,kuaizhiapp.com,30.00,CNY,2019-05-10,2027-05-10
2026-09-04 11:17:45,223007,cytssiyi.com,30.00,CNY,2019-05-10,2027-05-10
2026-09-04 11:17:45,223007,tufeicui.com,30.00,CNY,2019-05-10,2027-05-10
2026-09-04 11:17:45,223007,wuzhule.com,30.00,CNY,2019-05-11,2027-05-11
2026-09-04 11:17:45,223007,lsyjq.com,30.00,CNY,2019-05-11,2027-05-11
2026-09-04 11:17:45,223007,lssc777.com,30.00,CNY,2019-05-11,2027-05-11
2026-09-04 11:17:45,223007,jszc56.com,30.00,CNY,2019-05-11,2027-05-11
2026-09-04 11:17:45,223007,ertongyinji.com,30.00,CNY,2019-05-11,2027-05-11
2026-09-04 11:17:45,223007,zxbssc.com,30.00,CNY,2019-05-11,2027-05-11
2026-09-04 11:17:45,223007,28password.com,30.00,CNY,2019-05-11,2027-05-11
2026-09-04 11:17:45,223007,henankailai.com,30.00,CNY,2019-05-11,2027-05-11
2026-09-04 11:17:45,223007,70xuesh.com,30.00,CNY,2019-05-12,2027-05-12
2026-09-04 11:17:45,223007,pingshangongsi.com,30.00,CNY,2019-05-12,2027-05-12
2026-09-04 11:17:45,223007,asutui.com,30.00,CNY,2019-05-12,2027-05-12
2026-09-04 11:17:45,223007,315yunapp.com,30.00,CNY,2019-05-12,2027-05-12
2026-09-04 11:17:45,223007,yuanyispa.com,30.00,CNY,2019-05-12,2027-05-12
2026-09-04 11:17:45,223007,yifaweixiu.com,30.00,CNY,2019-05-13,2027-05-13
2026-09-04 11:17:45,223007,lushiyue.com,30.00,CNY,2019-05-13,2027-05-13
2026-09-04 11:17:45,223007,yjtwlx.com,30.00,CNY,2019-05-13,2027-05-13
2026-09-04 11:17:45,223007,wjyaoneng.com,30.00,CNY,2019-05-13,2027-05-13
2026-09-04 11:17:45,223007,sxview.com,30.00,CNY,2019-05-13,2027-05-13
2026-09-04 11:17:45,223007,stampsvip.com,30.00,CNY,2019-05-13,2027-05-13
2026-09-04 11:17:45,223007,shengdayuetai.com,30.00,CNY,2019-05-13,2027-05-13
2026-09-04 11:17:45,223007,szwenhewenhua.com,30.00,CNY,2019-05-13,2027-05-13
2026-09-04 11:18:10,223007,aliaecl.com,80.00,CNY,2021-04-06,2027-04-06
2026-09-04 11:18:10,223007,mzjulymall.com,80.00,CNY,2019-05-28,2027-05-28
2026-09-09 17:02:10,210584,hangmingufen.com,15.00,CNY,2023-10-17,2026-10-17
2026-09-09 17:02:10,210584,haixingufen.com,15.00,CNY,2023-10-17,2026-10-17
2026-09-09 17:02:10,210584,lkoer.com,15.00,CNY,2023-10-18,2026-10-18
2026-09-09 17:02:10,210584,bszhizao.com,15.00,CNY,2023-10-18,2026-10-18
2026-09-09 17:02:10,210584,yyunzn.com,15.00,CNY,2020-10-19,2026-10-19
2026-09-09 17:02:10,210584,luotuowx.com,15.00,CNY,2023-10-19,2026-10-19
2026-09-09 17:02:10,210584,longyanyzc.com,15.00,CNY,2023-10-20,2026-10-20
2026-09-09 17:02:10,210584,suwushuang.com,15.00,CNY,2023-10-20,2026-10-20
2026-09-09 17:02:10,210584,zgdzfzp.com,15.00,CNY,2023-10-20,2026-10-20
2026-09-09 17:02:10,210584,emptogo.com,15.00,CNY,2023-10-22,2026-10-22
2026-09-09 17:02:10,210584,huiyaowangnuo.com,15.00,CNY,2023-10-23,2026-10-23
2026-09-09 17:02:10,210584,sxjinyuetang.com,15.00,CNY,2023-10-24,2026-10-24
2026-09-09 17:02:10,210584,yhbujnc.com,15.00,CNY,2023-10-24,2026-10-24
2026-09-09 17:02:10,210584,njspcq.com,15.00,CNY,2023-10-25,2026-10-25
2026-09-09 17:02:10,210584,xiqingtongxing.com,15.00,CNY,2022-10-25,2026-10-25
2026-09-09 17:02:10,210584,ksaiz.com,15.00,CNY,2023-10-31,2026-10-31
2026-09-09 17:02:10,210584,sakqg.com,15.00,CNY,2023-10-31,2026-10-31
2026-09-09 17:02:10,210584,sakqx.com,15.00,CNY,2023-10-31,2026-10-31
2026-09-09 17:02:10,210584,bkywejianzhan.com,15.00,CNY,2022-11-01,2026-11-01
2026-09-09 17:02:10,210584,changquanwj.com,15.00,CNY,2021-11-05,2026-11-05
2026-09-09 17:02:10,210584,appinfor.com,15.00,CNY,2021-11-08,2026-11-08
2026-09-09 17:02:10,210584,maij1.com,15.00,CNY,2021-11-10,2026-11-10
2026-09-09 17:02:10,210584,mingyangfanhai.com,15.00,CNY,2022-11-10,2026-11-10
2026-09-09 17:02:10,210584,xinjiexiaowu.com,15.00,CNY,2021-11-13,2026-11-13
2026-09-09 17:02:10,210584,jstwaldorf.com,15.00,CNY,2022-11-14,2026-11-14
2026-09-09 17:02:10,210584,feelingfs.com,15.00,CNY,2022-11-17,2026-11-17
2026-09-09 17:02:10,210584,hlxxjsfw.com,15.00,CNY,2021-11-17,2026-11-17
2026-09-09 17:02:10,210584,gxrgsmkj.com,15.00,CNY,2022-11-19,2026-11-19
2026-09-09 17:02:10,210584,xiyishun666.com,15.00,CNY,2022-11-19,2026-11-19
2026-09-09 17:02:10,210584,ljchuxiuji.com,15.00,CNY,2021-11-19,2026-11-19
2026-09-09 17:02:10,210584,land-bio.com,15.00,CNY,2021-11-22,2026-11-22
2026-09-09 17:02:10,210584,zugouyx.com,15.00,CNY,2019-11-26,2026-11-26
2026-09-09 17:02:10,210584,eshowbin.com,15.00,CNY,2018-11-28,2026-11-28
2026-09-09 17:02:10,210584,fuzonggroup.com,15.00,CNY,2026-02-12,2026-12-01
2026-09-09 17:02:10,210584,wns421.com,15.00,CNY,2018-02-10,2027-02-10
2026-09-09 17:02:10,210584,hisuninfo.com,15.00,CNY,2011-02-10,2027-02-10
2026-09-09 17:02:10,210584,wedesignal.com,15.00,CNY,2015-02-10,2027-02-10
2026-09-09 17:02:10,210584,gzhuamin.com,15.00,CNY,2017-02-10,2027-02-10
2026-09-09 17:02:10,210584,townesoft.com,15.00,CNY,2017-02-10,2027-02-10
2026-09-09 17:02:10,210584,xysesc.com,15.00,CNY,2017-02-11,2027-02-11
2026-09-09 17:02:10,210584,tongtaisteel.com,15.00,CNY,2018-02-13,2027-02-13
2026-09-09 17:02:10,210584,szguangjing.com,15.00,CNY,2017-02-14,2027-02-14
2026-09-09 17:02:10,210584,chunxiaoxi.com,15.00,CNY,2017-02-17,2027-02-17
2026-09-09 17:02:10,210584,kuaiyinbang.com,15.00,CNY,2014-02-17,2027-02-17
2026-09-09 17:02:10,210584,esep-china.com,15.00,CNY,2017-02-17,2027-02-17
2026-09-09 17:02:10,210584,sctwhl.com,15.00,CNY,2017-02-17,2027-02-17
2026-09-09 17:02:10,210584,manjiafu.com,15.00,CNY,2026-04-18,2027-02-05
2026-09-09 17:02:10,210584,180tianlong.com,15.00,CNY,2017-02-20,2027-02-20
2026-09-09 17:02:10,210584,hexingyouzhi.com,15.00,CNY,2017-02-20,2027-02-20
2026-09-09 17:02:10,210584,zgwlrqyh.com,15.00,CNY,2017-02-21,2027-02-21
2026-09-09 17:02:10,210584,yuerplay.com,15.00,CNY,2018-02-21,2027-02-21
2026-09-09 17:02:10,210584,miaoliansw.com,15.00,CNY,2018-02-21,2027-02-21
2026-09-09 17:02:10,210584,zzksblgd.com,15.00,CNY,2017-02-22,2027-02-22
2026-09-09 17:02:10,210584,xiangan168.com,15.00,CNY,2017-02-22,2027-02-22
2026-09-09 17:02:10,210584,fzqigai.com,15.00,CNY,2016-02-23,2027-02-23
2026-09-09 17:02:10,210584,yiliaoshangquan.com,15.00,CNY,2016-02-23,2027-02-23
2026-09-09 17:02:10,210584,rollwe.com,15.00,CNY,2018-02-23,2027-02-23
2026-09-09 17:02:10,210584,gxyjsc.com,15.00,CNY,2016-02-24,2027-02-24
2026-09-09 17:02:10,210584,sw-ba.com,15.00,CNY,2017-02-24,2027-02-24
2026-09-09 17:02:10,210584,bcconn.com,15.00,CNY,2017-02-24,2027-02-24
2026-09-09 17:02:10,210584,wbcmjc.com,15.00,CNY,2017-02-24,2027-02-24
2026-09-09 17:02:10,210584,dkyspqjsy.com,15.00,CNY,2017-02-24,2027-02-24
2026-09-09 17:02:10,210584,taobao-com.com,15.00,CNY,2017-02-25,2027-02-25
2026-09-09 17:02:10,210584,wfgsw.com,15.00,CNY,2012-02-25,2027-02-25
2026-09-09 17:02:10,210584,haixiaxia.com,15.00,CNY,2017-02-25,2027-02-25
2026-09-09 17:02:10,210584,lianshanyijing.com,15.00,CNY,2016-02-25,2027-02-25
2026-09-09 17:02:10,210584,ijnsh.com,15.00,CNY,2016-02-25,2027-02-25
2026-09-09 17:02:10,210584,xawmtg.com,15.00,CNY,2017-02-25,2027-02-25
2026-09-09 17:02:10,210584,jlmintong.com,15.00,CNY,2011-02-25,2027-02-25
2026-09-09 17:02:10,210584,vido-yc.com,15.00,CNY,2017-02-25,2027-02-25
2026-09-09 17:02:10,210584,hantwin.com,15.00,CNY,2017-02-26,2027-02-26
2026-09-09 17:02:10,210584,sdytjscl.com,15.00,CNY,2018-02-27,2027-02-27
2026-09-09 17:02:10,210584,languakeji.com,15.00,CNY,2018-02-27,2027-02-27
2026-09-09 17:02:10,210584,qingwater678.com,15.00,CNY,2026-05-01,2027-02-18
2026-09-09 17:02:10,210584,weihotels.com,15.00,CNY,2013-02-27,2027-02-27
2026-09-09 17:02:10,210584,sunteda.com,20.00,CNY,2013-03-01,2027-03-01
2026-09-09 17:02:10,210584,piqitu.com,20.00,CNY,2018-03-02,2027-03-02
2026-09-09 17:02:10,210584,hzlcpay.com,20.00,CNY,2017-03-02,2027-03-02
2026-09-09 17:02:10,210584,wanmeidz.com,20.00,CNY,2017-03-02,2027-03-02
2026-09-09 17:02:10,210584,lyzhushi.com,20.00,CNY,2018-03-03,2027-03-03
2026-09-09 17:02:10,210584,huaosmart.com,20.00,CNY,2018-03-03,2027-03-03
2026-09-09 17:02:10,210584,jmcsgl.com,20.00,CNY,2017-03-03,2027-03-03
2026-09-09 17:02:10,210584,henglongelec.com,20.00,CNY,2010-03-05,2027-03-05
2026-09-09 17:02:10,210584,thtfk1818.com,20.00,CNY,2018-03-05,2027-03-05
2026-09-09 17:02:10,210584,gsdcasa.com,20.00,CNY,2018-03-05,2027-03-05
2026-09-09 17:02:10,210584,114hanrui.com,20.00,CNY,2018-03-05,2027-03-05
2026-09-09 17:02:10,210584,114hanruiwz.com,20.00,CNY,2018-03-05,2027-03-05
2026-09-09 17:02:10,210584,cjd8.com,20.00,CNY,2013-03-06,2027-03-06
2026-09-09 17:02:10,210584,zsuli.com,20.00,CNY,2016-03-06,2027-03-06
2026-09-09 17:02:10,210584,beijinghanruisi.com,20.00,CNY,2017-03-06,2027-03-06
2026-09-09 17:02:10,210584,zsyinfo.com,20.00,CNY,2018-03-06,2027-03-06
2026-09-09 17:02:10,210584,tansuozhejixie.com,20.00,CNY,2016-03-08,2027-03-08
2026-09-09 17:02:10,210584,vannesdental.com,20.00,CNY,2016-03-08,2027-03-08
2026-09-09 17:02:10,210584,igfdgroup.com,20.00,CNY,2016-03-08,2027-03-08
2026-09-09 17:02:10,210584,jingmultd.com,20.00,CNY,2018-03-08,2027-03-08
2026-09-09 17:02:10,210584,bjzjhr.com,20.00,CNY,2017-03-08,2027-03-08
2026-09-09 17:02:10,210584,dntcq.com,20.00,CNY,2018-03-08,2027-03-08
2026-09-09 17:02:10,210584,hekunzy.com,20.00,CNY,2018-03-08,2027-03-08
2026-09-09 17:02:10,210584,huilongwangluo.com,20.00,CNY,2017-03-08,2027-03-08
2026-09-09 17:02:10,210584,stansonpower.com,20.00,CNY,2018-03-08,2027-03-08
2026-09-09 17:02:10,210584,shsilong.com,20.00,CNY,2017-03-09,2027-03-09
2026-09-09 17:02:10,210584,zzjsij.com,20.00,CNY,2018-03-09,2027-03-09
2026-09-09 17:02:10,210584,hfkezhunjl.com,20.00,CNY,2017-03-09,2027-03-09
2026-09-09 17:02:10,210584,ln96577.com,20.00,CNY,2018-03-09,2027-03-09
2026-09-09 17:02:10,210584,yzbkm.com,20.00,CNY,2018-03-09,2027-03-09
2026-09-09 17:02:10,210584,dangjianweiwang.com,20.00,CNY,2018-03-10,2027-03-10
2026-09-09 17:02:10,210584,ez2car.com,20.00,CNY,2009-03-10,2027-03-10
2026-09-09 17:02:10,210584,es2sc.com,20.00,CNY,2009-03-10,2027-03-10
2026-09-09 17:02:10,210584,sanzhongcoating.com,20.00,CNY,2017-03-11,2027-03-11
2026-09-09 17:02:10,210584,boluegroup.com,20.00,CNY,2016-03-11,2027-03-11
2026-09-09 17:02:10,210584,doingw.com,20.00,CNY,2017-03-11,2027-03-11
2026-09-09 17:02:10,210584,qikelongzhu.com,20.00,CNY,2016-03-11,2027-03-11
2026-09-09 17:02:10,210584,yoga16.com,20.00,CNY,2016-03-11,2027-03-11
2026-09-09 17:02:10,210584,byrongauction.com,20.00,CNY,2018-03-12,2027-03-12
2026-09-09 17:02:10,210584,chengkunck.com,20.00,CNY,2018-03-12,2027-03-12
2026-09-09 17:02:10,210584,huymr.com,20.00,CNY,2017-03-12,2027-03-12
2026-09-09 17:02:10,210584,xuebojiaoyu.com,20.00,CNY,2018-03-12,2027-03-12
2026-09-09 17:02:10,210584,haojimou.com,20.00,CNY,2018-03-12,2027-03-12
2026-09-09 17:02:10,210584,hnzy365.com,20.00,CNY,2015-03-12,2027-03-12
2026-09-09 17:02:10,210584,zhijiezhifu.com,20.00,CNY,2013-03-12,2027-03-12
2026-09-09 17:02:10,210584,searutec.com,20.00,CNY,2018-03-12,2027-03-12
2026-09-09 17:02:10,210584,yrfengchaohotel.com,20.00,CNY,2017-03-13,2027-03-13
2026-09-09 17:02:10,210584,xiehui100.com,20.00,CNY,2018-03-13,2027-03-13
2026-09-09 17:02:10,210584,1016899.com,20.00,CNY,2016-03-13,2027-03-13
2026-09-09 17:02:10,210584,chinamasy.com,20.00,CNY,2018-03-13,2027-03-13
2026-09-09 17:02:10,210584,hellift.com,20.00,CNY,2014-03-13,2027-03-13
2026-09-09 17:02:10,210584,028gkao.com,20.00,CNY,2015-03-13,2027-03-13
2026-09-09 17:02:10,210584,huaxuanpurui.com,20.00,CNY,2018-03-13,2027-03-13
2026-09-09 17:02:10,210584,hutanglivestock.com,20.00,CNY,2017-03-13,2027-03-13
2026-09-09 17:02:10,210584,fsnaiqi.com,20.00,CNY,2017-03-14,2027-03-14
2026-09-09 17:02:10,210584,hzsfzn.com,20.00,CNY,2018-03-14,2027-03-14
2026-09-09 17:02:10,210584,td878.com,20.00,CNY,2018-03-14,2027-03-14
2026-09-09 17:02:10,210584,dadaogy.com,20.00,CNY,2018-03-14,2027-03-14
2026-09-09 17:02:10,210584,bewhy8.com,20.00,CNY,2017-03-14,2027-03-14
2026-09-09 17:02:10,210584,2-315.com,20.00,CNY,2017-03-15,2027-03-15
2026-09-09 17:02:10,210584,easytransn.com,20.00,CNY,2018-03-15,2027-03-15
2026-09-09 17:02:10,210584,gjmlzx.com,20.00,CNY,2016-03-15,2027-03-15
2026-09-09 17:02:10,210584,dacixinyuan.com,20.00,CNY,2018-03-15,2027-03-15
2026-09-09 17:02:10,210584,szbeixiang.com,20.00,CNY,2017-03-15,2027-03-15
2026-09-09 17:02:10,210584,xddxcj.com,20.00,CNY,2018-03-15,2027-03-15
2026-09-09 17:02:10,210584,pz2888.com,20.00,CNY,2018-03-15,2027-03-15
2026-09-09 17:02:10,210584,wine-inn.com,20.00,CNY,2011-03-16,2027-03-16
2026-09-09 17:02:10,210584,unique-study.com,20.00,CNY,2017-03-16,2027-03-16
2026-09-09 17:02:10,210584,isflw.com,20.00,CNY,2016-03-16,2027-03-16
2026-09-09 17:02:10,210584,cc6r.com,20.00,CNY,2016-03-16,2027-03-16
2026-09-09 17:02:10,210584,bellsdad.com,20.00,CNY,2018-03-16,2027-03-16
2026-09-09 17:02:10,210584,guanjinco.com,20.00,CNY,2018-03-16,2027-03-16
2026-09-09 17:02:10,210584,hbhuimai.com,20.00,CNY,2018-03-17,2027-03-17
2026-09-09 17:02:10,210584,yunyazn.com,20.00,CNY,2018-03-17,2027-03-17
2026-09-09 17:02:10,210584,yicaichengming.com,20.00,CNY,2015-03-17,2027-03-17
2026-09-09 17:02:10,210584,rjmba.com,20.00,CNY,2018-03-17,2027-03-17
2026-09-09 17:02:10,210584,tr5188.com,20.00,CNY,2010-03-17,2027-03-17
2026-09-09 17:02:10,210584,nnshlym.com,20.00,CNY,2018-03-18,2027-03-18
2026-09-09 17:02:10,210584,shrtcc.com,20.00,CNY,2014-03-18,2027-03-18
2026-09-09 17:02:10,210584,cn-abo.com,20.00,CNY,2017-03-18,2027-03-18
2026-09-09 17:02:10,210584,58pioneer.com,20.00,CNY,2018-03-18,2027-03-18
2026-09-09 17:02:10,210584,yunenjoy.com,20.00,CNY,2015-03-18,2027-03-18
2026-09-09 17:02:10,210584,icclubs.com,20.00,CNY,2017-03-18,2027-03-18
2026-09-09 17:02:10,210584,zuoxiangmu.com,20.00,CNY,2015-03-18,2027-03-18
2026-09-09 17:02:10,210584,bolingd.com,20.00,CNY,2018-03-19,2027-03-19
2026-09-09 17:02:10,210584,hanyushijing.com,20.00,CNY,2018-03-19,2027-03-19
2026-09-09 17:02:10,210584,lvyefangzong.com,20.00,CNY,2016-03-19,2027-03-19
2026-09-09 17:02:10,210584,hzajsk.com,20.00,CNY,2018-03-19,2027-03-19
2026-09-09 17:02:10,210584,szpljx.com,20.00,CNY,2014-03-19,2027-03-19
2026-09-09 17:02:10,210584,795088.com,20.00,CNY,2013-03-19,2027-03-19
2026-09-09 17:02:10,210584,yblfruit.com,20.00,CNY,2016-03-19,2027-03-19
2026-09-09 17:02:10,210584,nancalcharge.com,20.00,CNY,2018-03-19,2027-03-19
2026-09-09 17:02:10,210584,viditong.com,20.00,CNY,2018-03-19,2027-03-19
2026-09-09 17:02:10,210584,szbhcpa.com,20.00,CNY,2018-03-19,2027-03-19
2026-09-09 17:02:10,210584,0999tao.com,20.00,CNY,2013-03-20,2027-03-20
2026-09-09 17:02:10,210584,ezgjhcfz.com,20.00,CNY,2017-03-20,2027-03-20
2026-09-09 17:02:10,210584,315aiwuyou.com,20.00,CNY,2018-03-20,2027-03-20
2026-09-09 17:02:10,210584,theonebnb.com,20.00,CNY,2018-03-20,2027-03-20
2026-09-09 17:02:10,210584,0754zc.com,20.00,CNY,2017-03-20,2027-03-20
2026-09-09 17:02:10,210584,lanmeione.com,20.00,CNY,2018-03-20,2027-03-20
2026-09-09 17:02:10,210584,jiulijiu.com,20.00,CNY,2013-03-20,2027-03-20
2026-09-09 17:02:10,210584,ngdfco.com,20.00,CNY,2018-03-20,2027-03-20
2026-09-09 17:02:10,210584,hxjzkj.com,20.00,CNY,2018-03-20,2027-03-20
2026-09-09 17:02:10,210584,8pagou.com,20.00,CNY,2011-03-20,2027-03-20
2026-09-09 17:02:10,210584,cangzhouhaoyang.com,20.00,CNY,2013-03-20,2027-03-20
2026-09-09 17:02:10,210584,yzajg.com,20.00,CNY,2017-03-20,2027-03-20
2026-09-09 17:02:10,210584,livingift.com,20.00,CNY,2017-03-02,2027-03-02
2026-09-09 17:02:10,210584,628qp.com,20.00,CNY,2017-03-26,2027-03-26
2026-09-09 17:02:10,210584,ynyaqing.com,20.00,CNY,2018-03-27,2027-03-27
2026-09-09 17:02:10,210584,shuaimeimeng.com,20.00,CNY,2015-03-27,2027-03-27
2026-09-09 17:02:10,210584,51wangdiandashi.com,20.00,CNY,2018-03-27,2027-03-27
2026-09-09 17:02:10,210584,zgwnglgs.com,20.00,CNY,2018-03-27,2027-03-27
2026-09-09 17:02:10,210584,ecsuntrade.com,20.00,CNY,2014-03-27,2027-03-27
2026-09-09 17:02:10,210584,dataxhk.com,20.00,CNY,2015-03-27,2027-03-27
2026-09-09 17:02:10,210584,chonyan.com,20.00,CNY,2016-03-27,2027-03-27
2026-09-09 17:02:10,210584,usnent.com,20.00,CNY,2018-03-27,2027-03-27
2026-09-09 17:02:10,210584,zzmaopao.com,20.00,CNY,2018-03-27,2027-03-27
2026-09-09 17:02:10,210584,hhrose.com,20.00,CNY,2017-03-28,2027-03-28
2026-09-09 17:02:10,210584,yftsmk.com,20.00,CNY,2014-03-28,2027-03-28
2026-09-09 17:02:10,210584,xingbang360.com,20.00,CNY,2018-03-28,2027-03-28
2026-09-09 17:02:10,210584,bjyxyzs.com,20.00,CNY,2018-03-28,2027-03-28
2026-09-09 17:02:10,210584,xyjdglb.com,20.00,CNY,2026-04-22,2027-04-22
2026-09-09 17:02:10,210584,gssslzx.com,20.00,CNY,2026-04-22,2027-04-22
2026-09-09 17:02:10,210584,gyxrw.com,20.00,CNY,2026-04-22,2027-04-22
2026-09-09 17:02:10,210584,xmhcwsjd.com,20.00,CNY,2026-04-22,2027-04-22
2026-09-09 17:02:10,210584,xcxrsj.com,20.00,CNY,2026-04-22,2027-04-22
2026-09-09 17:02:10,210584,ycczxx.com,20.00,CNY,2026-04-22,2027-04-22
2026-09-09 17:02:10,210584,bjdtjy.com,20.00,CNY,2026-04-22,2027-04-22
2026-09-09 17:02:10,210584,pjhhlqw.com,20.00,CNY,2026-04-22,2027-04-22
2026-09-09 17:02:10,210584,gzzlk.com,20.00,CNY,2026-04-22,2027-04-22
2026-09-09 17:02:10,210584,bdhgongan.com,20.00,CNY,2026-04-22,2027-04-22
2026-09-09 17:02:10,210584,lblsj.com,20.00,CNY,2026-04-22,2027-04-22
2026-09-09 17:02:10,210584,xzq123.com,20.00,CNY,2018-03-28,2027-03-28
2026-09-09 17:02:10,210584,widdnw.com,20.00,CNY,2017-03-29,2027-03-29
2026-09-09 17:02:10,210584,360lty.com,20.00,CNY,2014-03-29,2027-03-29
2026-09-09 17:02:10,210584,weifangfuxi.com,20.00,CNY,2018-03-30,2027-03-30
2026-09-09 17:02:10,210584,mafylife.com,20.00,CNY,2018-03-30,2027-03-30
2026-09-09 17:02:10,210584,zhumeitex.com,20.00,CNY,2018-03-30,2027-03-30
2026-09-09 17:02:10,210584,rsjlike.com,20.00,CNY,2018-03-30,2027-03-30
2026-09-09 17:02:10,210584,ysjlike.com,20.00,CNY,2018-03-30,2027-03-30
2026-09-09 17:02:10,210584,kzdd100.com,20.00,CNY,2016-03-30,2027-03-30
2026-09-09 17:02:10,210584,czkcar.com,20.00,CNY,2018-03-30,2027-03-30
2026-09-09 17:02:10,210584,hzspart.com,20.00,CNY,2018-03-30,2027-03-30
2026-09-09 17:02:10,210584,knx168.com,20.00,CNY,2015-03-31,2027-03-31
2026-09-09 17:02:10,210584,ihovmall.com,20.00,CNY,2016-03-31,2027-03-31
2026-09-09 17:02:10,210584,kunxupay.com,20.00,CNY,2017-04-01,2027-04-01
2026-09-09 17:02:10,210584,njxmsm.com,20.00,CNY,2013-04-01,2027-04-01
2026-09-09 17:02:10,210584,lrrql.com,20.00,CNY,2018-04-01,2027-04-01
2026-09-09 17:02:10,210584,58kaqi.com,20.00,CNY,2018-04-01,2027-04-01
2026-09-09 17:02:10,210584,dxuda.com,20.00,CNY,2018-04-03,2027-04-03
2026-09-09 17:02:10,210584,ahawechat.com,20.00,CNY,2018-04-03,2027-04-03
2026-09-09 17:02:10,210584,hntre.com,20.00,CNY,2016-04-04,2027-04-04
2026-09-09 17:02:10,210584,eire-group.com,20.00,CNY,2018-04-04,2027-04-04
2026-09-09 17:02:10,210584,annrry.com,20.00,CNY,2015-04-04,2027-04-04
2026-09-09 17:02:10,210584,nyw000.com,20.00,CNY,2018-04-04,2027-04-04
2026-09-09 17:02:10,210584,botowy.com,20.00,CNY,2016-04-08,2027-04-08
2026-09-09 17:02:10,210584,sclongxinwx.com,20.00,CNY,2014-04-08,2027-04-08
2026-09-09 17:02:10,210584,sugarsfree.com,20.00,CNY,2016-03-13,2027-03-13
2026-09-09 17:02:10,210584,zhyingcheng.com,20.00,CNY,2016-04-09,2027-04-09
2026-09-09 17:02:10,210584,xiaolezhi.com,20.00,CNY,2017-04-10,2027-04-10
2026-09-09 17:02:10,210584,gengshengwang.com,20.00,CNY,2018-04-10,2027-04-10
2026-09-09 17:02:10,210584,huixianfu.com,20.00,CNY,2013-04-10,2027-04-10
2026-09-09 17:02:10,210584,lemonpacking.com,20.00,CNY,2018-04-11,2027-04-11
2026-09-09 17:02:10,210584,3dyunpin.com,20.00,CNY,2017-04-11,2027-04-11
2026-09-09 17:02:10,210584,dgsns.com,20.00,CNY,2015-04-11,2027-04-11
2026-09-09 17:02:10,210584,minshun56.com,20.00,CNY,2011-04-11,2027-04-11
2026-09-09 17:02:16,210584,iukababy.com,20.00,CNY,2016-04-11,2027-04-11
2026-09-09 17:02:16,210584,nctjkj.com,20.00,CNY,2018-04-11,2027-04-11
2026-09-09 17:02:16,210584,xsygkj.com,20.00,CNY,2017-04-11,2027-04-11
2026-09-09 17:02:16,210584,ulsztq.com,20.00,CNY,2017-04-11,2027-04-11
2026-09-09 17:02:16,210584,hsthyjy.com,20.00,CNY,2016-04-11,2027-04-11
2026-09-09 17:02:16,210584,clzzxt.com,20.00,CNY,2018-04-11,2027-04-11
2026-09-09 17:02:16,210584,88hyc.com,20.00,CNY,2016-04-11,2027-04-11
2026-09-09 17:02:16,210584,23bot.com,20.00,CNY,2017-04-12,2027-04-12
2026-09-09 17:02:16,210584,ygjilinsy.com,20.00,CNY,2018-04-12,2027-04-12
2026-09-09 17:02:16,210584,sdzyjzsj.com,20.00,CNY,2016-04-12,2027-04-12
2026-09-09 17:02:16,210584,xiuupu.com,20.00,CNY,2016-04-12,2027-04-12
2026-09-09 17:02:16,210584,whteyi.com,20.00,CNY,2018-04-12,2027-04-12
2026-09-09 17:02:16,210584,ai-mice.com,20.00,CNY,2017-04-14,2027-04-14
2026-09-09 17:02:16,210584,yd-iot.com,20.00,CNY,2016-04-14,2027-04-14
2026-09-09 17:02:16,210584,caishensoft.com,20.00,CNY,2017-04-14,2027-04-14
2026-09-09 17:02:16,210584,shenghaidichan.com,20.00,CNY,2014-04-14,2027-04-14
2026-09-09 17:02:16,210584,jsrfjlxh.com,20.00,CNY,2014-04-15,2027-04-15
2026-09-09 17:02:16,210584,ailesichocolate.com,20.00,CNY,2016-04-15,2027-04-15
2026-09-09 17:02:16,210584,ykhlgame.com,20.00,CNY,2017-04-15,2027-04-15
2026-09-09 17:02:16,210584,yzhtny.com,20.00,CNY,2014-04-15,2027-04-15
2026-09-09 17:02:16,210584,bkt-hr.com,20.00,CNY,2013-04-15,2027-04-15
2026-09-09 17:02:16,210584,djihome.com,20.00,CNY,2015-04-15,2027-04-15
2026-09-09 17:02:16,210584,qiyeneiwai.com,20.00,CNY,2018-04-15,2027-04-15
2026-09-09 17:02:16,210584,sz99286.com,20.00,CNY,2014-04-15,2027-04-15
2026-09-09 17:02:16,210584,an-pai.com,20.00,CNY,2015-04-15,2027-04-15
2026-09-09 17:02:16,210584,cdboan.com,20.00,CNY,2015-04-15,2027-04-15
2026-09-09 17:02:16,210584,cnitero.com,20.00,CNY,2011-04-15,2027-04-15
2026-09-09 17:02:16,210584,scxmqd.com,20.00,CNY,2011-04-15,2027-04-15
2026-09-09 17:02:16,210584,cpsdf.com,20.00,CNY,2017-04-15,2027-04-15
2026-09-09 17:02:16,210584,bkt-accounting.com,20.00,CNY,2013-04-15,2027-04-15
2026-09-09 17:02:16,210584,younihuoban.com,20.00,CNY,2018-04-15,2027-04-15
2026-09-09 17:02:16,210584,shmius.com,20.00,CNY,2002-04-16,2027-04-16
2026-09-09 17:02:16,210584,kuaixindai.com,20.00,CNY,2013-04-16,2027-04-16
2026-09-09 17:02:16,210584,starmeitong.com,20.00,CNY,2013-04-16,2027-04-16
2026-09-09 17:02:16,210584,smcsaas.com,20.00,CNY,2014-04-16,2027-04-16
2026-09-09 17:02:16,210584,chedongjia.com,20.00,CNY,2014-04-16,2027-04-16
2026-09-09 17:02:16,210584,hyjhbkj.com,20.00,CNY,2014-04-16,2027-04-16
2026-09-09 17:02:16,210584,3333sy.com,20.00,CNY,2017-04-16,2027-04-16
2026-09-09 17:02:16,210584,ytlsba.com,20.00,CNY,2016-04-16,2027-04-16
2026-09-09 17:02:16,210584,dgwwj168.com,20.00,CNY,2017-04-16,2027-04-16
2026-09-09 17:02:16,210584,huipaiban.com,20.00,CNY,2017-04-16,2027-04-16
2026-09-09 17:02:16,210584,pokermagiccube.com,20.00,CNY,2018-04-16,2027-04-16
2026-09-09 17:02:16,210584,ahjinlinghotels.com,20.00,CNY,2015-04-16,2027-04-16
2026-09-09 17:02:16,210584,59rc.com,20.00,CNY,2015-04-16,2027-04-16
2026-09-09 17:02:16,210584,njmmpu.com,20.00,CNY,2016-04-16,2027-04-16
2026-09-09 17:02:16,210584,family-hikes.com,20.00,CNY,2016-04-16,2027-04-16
2026-09-09 17:02:16,210584,shtaoye.com,20.00,CNY,2018-04-16,2027-04-16
2026-09-09 17:02:16,210584,weinanhz.com,20.00,CNY,2018-04-16,2027-04-16
2026-09-09 17:02:16,210584,hljzh120.com,20.00,CNY,2018-04-16,2027-04-16
2026-09-09 17:02:16,210584,shaolinwushuedu.com,20.00,CNY,2018-04-16,2027-04-16
2026-09-09 17:02:16,210584,njoumeijia.com,20.00,CNY,2018-04-16,2027-04-16
2026-09-09 17:02:16,210584,mbcomzh.com,20.00,CNY,2018-04-16,2027-04-16
2026-09-09 17:02:16,210584,mooncent.com,20.00,CNY,2018-04-16,2027-04-16
2026-09-09 17:02:16,210584,ecophytech.com,20.00,CNY,2018-04-16,2027-04-16
2026-09-09 17:02:16,210584,sdlansikai.com,20.00,CNY,2018-04-16,2027-04-16
2026-09-09 17:02:16,210584,cloudqh.com,20.00,CNY,2018-04-16,2027-04-16
2026-09-09 17:02:16,210584,qqyingxiaowang.com,20.00,CNY,2018-04-16,2027-04-16
2026-09-09 17:02:16,210584,tgfpw.com,20.00,CNY,2018-04-16,2027-04-16
2026-09-09 17:02:16,210584,0769qbw.com,20.00,CNY,2017-04-17,2027-04-17
2026-09-09 17:02:16,210584,gdhflcw.com,20.00,CNY,2016-04-17,2027-04-17
2026-09-09 17:02:16,210584,jumaike.com,20.00,CNY,2014-04-17,2027-04-17
2026-09-09 17:02:16,210584,kclmz.com,20.00,CNY,2017-04-17,2027-04-17
2026-09-09 17:02:16,210584,rhguan.com,20.00,CNY,2017-04-17,2027-04-17
2026-09-09 17:02:16,210584,wzzhengbu.com,20.00,CNY,2014-04-17,2027-04-17
2026-09-09 17:02:16,210584,ajlongqiang.com,20.00,CNY,2018-04-17,2027-04-17
2026-09-09 17:02:16,210584,fuhety.com,20.00,CNY,2017-04-28,2027-04-28
2026-09-09 17:02:16,210584,cdsentian.com,20.00,CNY,2017-04-28,2027-04-28
2026-09-09 17:02:16,210584,blusure.com,20.00,CNY,2017-04-28,2027-04-28
2026-09-09 17:02:16,210584,fsintimate.com,20.00,CNY,2018-04-28,2027-04-28
2026-09-09 17:02:16,210584,hbjuese.com,20.00,CNY,2015-04-28,2027-04-28
2026-09-09 17:02:16,210584,ygjy2004.com,20.00,CNY,2016-04-28,2027-04-28
2026-09-09 17:02:16,210584,zzfengrun.com,20.00,CNY,2018-04-28,2027-04-28
2026-09-09 17:02:16,210584,womaie.com,20.00,CNY,2016-04-28,2027-04-28
2026-09-09 17:02:16,210584,baiquanjinrong.com,20.00,CNY,2015-04-28,2027-04-28
2026-09-09 17:02:16,210584,lanniuwang.com,20.00,CNY,2017-04-28,2027-04-28
2026-09-09 17:02:16,210584,qyfw24.com,20.00,CNY,2018-04-28,2027-04-28
2026-09-09 17:02:16,210584,hyranshaoji.com,20.00,CNY,2018-04-28,2027-04-28
2026-09-09 17:02:16,210584,lechizi.com,20.00,CNY,2016-04-28,2027-04-28
2026-09-09 17:02:16,210584,burumall.com,20.00,CNY,2009-04-28,2027-04-28
2026-09-09 17:02:16,210584,vc-edu.com,20.00,CNY,2018-04-28,2027-04-28
2026-09-09 17:02:16,210584,zhongaoyian.com,20.00,CNY,2017-04-28,2027-04-28
2026-09-09 17:02:16,210584,chengdatx.com,20.00,CNY,2018-04-28,2027-04-28
2026-09-09 17:02:16,210584,diandiandog.com,20.00,CNY,2015-04-28,2027-04-28
2026-09-09 17:02:16,210584,nuoqianj.com,20.00,CNY,2018-04-28,2027-04-28
2026-09-09 17:02:16,210584,yikaobaokao.com,20.00,CNY,2017-04-28,2027-04-28
2026-09-09 17:02:16,210584,shemenwang.com,20.00,CNY,2016-04-28,2027-04-28
2026-09-09 17:02:16,210584,bluewhale-inc.com,20.00,CNY,2016-04-28,2027-04-28
2026-09-09 17:02:16,210584,boluetd.com,20.00,CNY,2017-04-28,2027-04-28
2026-09-09 17:02:16,210584,chinacldq.com,20.00,CNY,2017-04-28,2027-04-28
2026-09-09 17:02:16,210584,tchynet.com,20.00,CNY,2015-04-28,2027-04-28
2026-09-09 17:02:16,210584,wanrenjuntuan.com,20.00,CNY,2018-04-28,2027-04-28
2026-09-09 17:02:16,210584,zhongunion.com,20.00,CNY,2008-04-29,2027-04-29
2026-09-09 17:02:16,210584,zetaida.com,20.00,CNY,2018-04-29,2027-04-29
2026-09-09 17:02:16,210584,snledlight.com,20.00,CNY,2014-04-29,2027-04-29
2026-09-09 17:02:16,210584,dymdzs.com,20.00,CNY,2016-04-29,2027-04-29
2026-09-09 17:02:16,210584,gxrl56.com,20.00,CNY,2014-04-29,2027-04-29
2026-09-09 17:02:16,210584,dfmen.com,20.00,CNY,2010-04-29,2027-04-29
2026-09-09 17:02:16,210584,bje-2001.com,20.00,CNY,2011-04-29,2027-04-29
2026-09-09 17:02:16,210584,pianyidifang.com,20.00,CNY,2013-04-29,2027-04-29
2026-09-09 17:02:16,210584,warnertime.com,20.00,CNY,2015-04-29,2027-04-29
2026-09-09 17:02:16,210584,sdjddq.com,20.00,CNY,2015-04-29,2027-04-29
2026-09-09 17:02:16,210584,qqhrfdc.com,20.00,CNY,2009-04-29,2027-04-29
2026-09-09 17:02:16,210584,njguantong.com,20.00,CNY,2018-04-29,2027-04-29
2026-09-09 17:02:16,210584,zhongzike.com,20.00,CNY,2015-04-29,2027-04-29
2026-09-09 17:02:16,210584,864km.com,20.00,CNY,2016-04-29,2027-04-29
2026-09-09 17:02:16,210584,ywzajj.com,20.00,CNY,2011-04-29,2027-04-29
2026-09-09 17:02:16,210584,cqhbc.com,20.00,CNY,2010-04-29,2027-04-29
2026-09-09 17:02:16,210584,blkrc.com,20.00,CNY,2017-04-29,2027-04-29
2026-09-09 17:02:16,210584,bag-pp.com,20.00,CNY,2005-04-29,2027-04-29
2026-09-09 17:02:16,210584,htbuyi.com,20.00,CNY,2016-04-29,2027-04-29
2026-09-09 17:02:16,210584,hypjhl.com,20.00,CNY,2015-04-29,2027-04-29
2026-09-09 17:02:16,210584,bohehu.com,20.00,CNY,2013-04-29,2027-04-29
2026-09-09 17:02:16,210584,zhanpn.com,20.00,CNY,2016-04-29,2027-04-29
2026-09-09 17:02:16,210584,mengpatavern.com,20.00,CNY,2013-04-29,2027-04-29
2026-09-09 17:02:16,210584,xmhlcyw.com,20.00,CNY,2016-04-29,2027-04-29
2026-09-09 17:02:16,210584,kindinli.com,20.00,CNY,2005-04-30,2027-04-30
2026-09-09 17:02:16,210584,blwwy.com,20.00,CNY,2014-04-30,2027-04-30
2026-09-09 17:02:16,210584,sxanaj.com,20.00,CNY,2014-04-30,2027-04-30
2026-09-09 17:02:16,210584,bailaohuimc.com,20.00,CNY,2014-04-30,2027-04-30
2026-09-09 17:02:16,210584,jiaoyt.com,20.00,CNY,2017-04-30,2027-04-30
2026-09-09 17:02:16,210584,tztcjzw.com,20.00,CNY,2018-04-30,2027-04-30
2026-09-09 17:02:16,210584,qmklz168.com,20.00,CNY,2017-04-30,2027-04-30
2026-09-09 17:02:16,210584,sdyrz.com,20.00,CNY,2015-04-30,2027-04-30
2026-09-09 17:02:16,210584,xdslbz.com,20.00,CNY,2004-04-30,2027-04-30
2026-09-09 17:02:16,210584,yeeloving.com,20.00,CNY,2010-04-30,2027-04-30
2026-09-09 17:02:16,210584,cqgoulian.com,20.00,CNY,2018-04-30,2027-04-30
2026-09-09 17:02:16,210584,cpuea.com,20.00,CNY,2017-04-30,2027-04-30
2026-09-09 17:02:16,210584,bjochb.com,20.00,CNY,2010-04-30,2027-04-30
2026-09-09 17:02:16,210584,ebacera.com,20.00,CNY,2015-04-30,2027-04-30
2026-09-09 17:02:16,210584,mrmjysg.com,20.00,CNY,2014-04-30,2027-04-30
2026-09-09 17:02:16,210584,geshenhua.com,20.00,CNY,2014-04-30,2027-04-30
2026-09-09 17:02:16,210584,251152.com,20.00,CNY,2013-04-30,2027-04-30
2026-09-09 17:02:16,210584,tripbs.com,20.00,CNY,2016-04-13,2027-04-13
2026-09-09 17:02:16,210584,zgzihan.com,20.00,CNY,2026-07-09,2027-04-27
2026-09-09 17:04:41,210584,taonongji.com,25.00,CNY,2012-05-06,2027-05-06
2026-09-09 17:04:41,210584,fuchundryer.com,25.00,CNY,2011-05-14,2027-05-14
2026-09-09 17:04:41,210584,x500kw.com,25.00,CNY,2013-05-14,2027-05-14
2026-09-09 17:04:41,210584,maycure.com,25.00,CNY,2018-05-14,2027-05-14
2026-09-09 17:04:41,210584,falcon-grinding.com,25.00,CNY,2010-05-14,2027-05-14
2026-09-09 17:04:41,210584,hljhsjt.com,25.00,CNY,2008-05-14,2027-05-14
2026-09-09 17:04:41,210584,gzxhzk.com,25.00,CNY,2018-05-14,2027-05-14
2026-09-09 17:04:41,210584,qxmid.com,25.00,CNY,2016-05-14,2027-05-14
2026-09-09 17:04:41,210584,ibrandtop.com,25.00,CNY,2017-05-15,2027-05-15
2026-09-09 17:04:41,210584,wzjcjm.com,25.00,CNY,2017-05-15,2027-05-15
2026-09-09 17:04:41,210584,yzkjcn.com,25.00,CNY,2017-05-15,2027-05-15
2026-09-09 17:04:41,210584,sc0791.com,25.00,CNY,2009-05-15,2027-05-15
2026-09-09 17:04:41,210584,2297666hm.com,25.00,CNY,2016-05-15,2027-05-15
2026-09-09 17:04:41,210584,ksun0769.com,25.00,CNY,2012-05-15,2027-05-15
2026-09-09 17:04:41,210584,stliuliang119.com,25.00,CNY,2018-05-15,2027-05-15
2026-09-09 17:04:41,210584,01680178.com,25.00,CNY,2014-05-16,2027-05-16
2026-09-09 17:04:41,210584,anhui256.com,25.00,CNY,2015-05-16,2027-05-16
2026-09-09 17:04:41,210584,satusi.com,25.00,CNY,2014-05-16,2027-05-16
2026-09-09 17:04:41,210584,sukangzhichuang.com,25.00,CNY,2017-05-16,2027-05-16
2026-09-09 17:04:41,210584,kstemptation.com,25.00,CNY,2014-05-16,2027-05-16
2026-09-09 17:04:41,210584,kprsh.com,25.00,CNY,2018-05-16,2027-05-16
2026-09-09 17:04:41,210584,wechatprograms.com,25.00,CNY,2017-05-16,2027-05-16
2026-09-09 17:04:41,210584,szsboo.com,25.00,CNY,2017-05-16,2027-05-16
2026-09-09 17:04:41,210584,cdmeierda.com,25.00,CNY,2013-05-16,2027-05-16
2026-09-09 17:04:41,210584,whfkbyy.com,25.00,CNY,2016-05-16,2027-05-16
2026-09-09 17:04:41,210584,aomeng888.com,25.00,CNY,2018-05-16,2027-05-16
2026-09-09 17:04:41,210584,hnmcymy.com,25.00,CNY,2018-05-28,2027-05-28
2026-09-09 17:04:41,210584,inceptioncafe.com,25.00,CNY,2013-05-29,2027-05-29
2026-09-09 17:04:41,210584,cdfz999.com,25.00,CNY,2016-05-29,2027-05-29
2026-09-09 17:04:41,210584,hc321.com,25.00,CNY,2013-05-29,2027-05-29
2026-09-09 17:04:41,210584,db-egr.com,25.00,CNY,2018-05-29,2027-05-29
2026-09-09 17:04:41,210584,hfakx.com,25.00,CNY,2018-05-29,2027-05-29
2026-09-09 17:04:41,210584,amxplus.com,25.00,CNY,2018-05-29,2027-05-29
2026-09-09 17:04:52,210584,jugouyi.com,30.00,CNY,2015-05-01,2027-05-01
2026-09-09 17:04:52,210584,fuzhijing.com,30.00,CNY,2017-05-01,2027-05-01
2026-09-09 17:04:52,210584,nmben.com,30.00,CNY,2014-05-01,2027-05-01
2026-09-09 17:04:52,210584,shijiukeji.com,30.00,CNY,2012-05-01,2027-05-01
2026-09-09 17:04:52,210584,xoxoso.com,30.00,CNY,2017-05-01,2027-05-01
2026-09-09 17:04:52,210584,zzfzfs.com,30.00,CNY,2011-05-01,2027-05-01
2026-09-09 17:04:52,210584,127919.com,30.00,CNY,2015-05-01,2027-05-01
2026-09-09 17:04:52,210584,tiananyuhe.com,30.00,CNY,2016-05-01,2027-05-01
2026-09-09 17:04:52,210584,cnsww.com,30.00,CNY,2014-05-02,2027-05-02
2026-09-09 17:04:52,210584,yakuedu.com,30.00,CNY,2017-05-02,2027-05-02
2026-09-09 17:04:52,210584,hachicloud.com,30.00,CNY,2018-05-02,2027-05-02
2026-09-09 17:04:52,210584,runtonghair.com,30.00,CNY,2018-05-02,2027-05-02
2026-09-09 17:04:52,210584,jxkbjt.com,30.00,CNY,2017-05-02,2027-05-02
2026-09-09 17:04:52,210584,bjletumf.com,30.00,CNY,2017-05-02,2027-05-02
2026-09-09 17:04:52,210584,400519.com,30.00,CNY,2016-05-02,2027-05-02
2026-09-09 17:04:52,210584,qm474.com,30.00,CNY,2018-05-02,2027-05-02
2026-09-09 17:04:52,210584,51huaguoshan.com,30.00,CNY,2017-05-02,2027-05-02
2026-09-09 17:04:52,210584,gowils.com,30.00,CNY,2018-05-02,2027-05-02
2026-09-09 17:04:52,210584,lscqdl.com,30.00,CNY,2018-05-02,2027-05-02
2026-09-09 17:04:52,210584,cz51cc.com,30.00,CNY,2016-05-03,2027-05-03
2026-09-09 17:04:52,210584,lzdxxafy.com,30.00,CNY,2018-05-03,2027-05-03
2026-09-09 17:04:52,210584,weizt.com,30.00,CNY,2018-05-03,2027-05-03
2026-09-09 17:04:52,210584,qdkuishou.com,30.00,CNY,2012-05-03,2027-05-03
2026-09-09 17:04:52,210584,snwsbz.com,30.00,CNY,2018-05-03,2027-05-03
2026-09-09 17:04:52,210584,tj-kqjd.com,30.00,CNY,2018-05-03,2027-05-03
2026-09-09 17:04:52,210584,yoolala.com,30.00,CNY,2017-05-03,2027-05-03
2026-09-09 17:04:52,210584,boyayingcai.com,30.00,CNY,2018-05-03,2027-05-03
2026-09-09 17:04:52,210584,qunmeiwang.com,30.00,CNY,2017-05-03,2027-05-03
2026-09-09 17:04:52,210584,yongee.com,30.00,CNY,2016-05-03,2027-05-03
2026-09-09 17:04:52,210584,ebeykq.com,30.00,CNY,2017-05-03,2027-05-03
2026-09-09 17:04:52,210584,feifangaoding.com,30.00,CNY,2018-05-03,2027-05-03
2026-09-09 17:04:52,210584,yasibang.com,30.00,CNY,2015-05-03,2027-05-03
2026-09-09 17:04:52,210584,yundaidai.com,30.00,CNY,2013-05-03,2027-05-03
2026-09-09 17:04:52,210584,chuanxiaojian.com,30.00,CNY,2018-05-04,2027-05-04
2026-09-09 17:04:52,210584,phosens.com,30.00,CNY,2016-05-04,2027-05-04
2026-09-09 17:04:52,210584,zhiduokang.com,30.00,CNY,2014-05-04,2027-05-04
2026-09-09 17:04:52,210584,dkuykt.com,30.00,CNY,2017-05-04,2027-05-04
2026-09-09 17:04:52,210584,ahsia-learning.com,30.00,CNY,2010-05-04,2027-05-04
2026-09-09 17:04:52,210584,dangqianbao.com,30.00,CNY,2016-05-04,2027-05-04
2026-09-09 17:04:52,210584,gyjy01.com,30.00,CNY,2018-05-04,2027-05-04
2026-09-09 17:04:52,210584,gubaminter.com,30.00,CNY,2017-05-04,2027-05-04
2026-09-09 17:04:52,210584,zs-changying.com,30.00,CNY,2016-05-05,2027-05-05
2026-09-09 17:04:52,210584,ytjizhuangxiang.com,30.00,CNY,2017-05-05,2027-05-05
2026-09-09 17:04:52,210584,ks8851.com,30.00,CNY,2017-05-05,2027-05-05
2026-09-09 17:04:52,210584,1znk.com,30.00,CNY,2018-05-05,2027-05-05
2026-09-09 17:04:52,210584,alove168.com,30.00,CNY,2018-05-05,2027-05-05
2026-09-09 17:04:52,210584,luguochaoshi.com,30.00,CNY,2013-05-05,2027-05-05
2026-09-09 17:04:52,210584,52zhi.com,30.00,CNY,2013-05-05,2027-05-05
2026-09-09 17:04:52,210584,sdguigu.com,30.00,CNY,2016-05-05,2027-05-05
2026-09-09 17:04:52,210584,gdxiaojiu.com,30.00,CNY,2017-05-05,2027-05-05
2026-09-09 17:04:52,210584,demoodesign.com,30.00,CNY,2016-05-05,2027-05-05
2026-09-09 17:04:52,210584,honjia-design.com,30.00,CNY,2015-05-06,2027-05-06
2026-09-09 17:04:52,210584,jxnk-yf.com,30.00,CNY,2016-05-06,2027-05-06
2026-09-09 17:04:52,210584,wawahousing.com,30.00,CNY,2017-05-06,2027-05-06
2026-09-09 17:04:52,210584,anxinge.com,30.00,CNY,2017-05-06,2027-05-06
2026-09-09 17:04:52,210584,mjinggames.com,30.00,CNY,2015-05-06,2027-05-06
2026-09-09 17:04:52,210584,fgletu.com,30.00,CNY,2015-05-06,2027-05-06
2026-09-09 17:04:52,210584,jtfmm.com,30.00,CNY,2015-05-06,2027-05-06
2026-09-09 17:04:52,210584,rockypandesign.com,30.00,CNY,2016-05-06,2027-05-06
2026-09-09 17:04:52,210584,yestarkorea.com,30.00,CNY,2016-05-06,2027-05-06
2026-09-09 17:04:52,210584,gongchengfucai.com,30.00,CNY,2013-05-07,2027-05-07
2026-09-09 17:04:52,210584,huameiduo.com,30.00,CNY,2011-05-07,2027-05-07
2026-09-09 17:04:52,210584,kbyjy99.com,30.00,CNY,2018-05-07,2027-05-07
2026-09-09 17:04:52,210584,xf-nissan.com,30.00,CNY,2009-05-07,2027-05-07
2026-09-09 17:04:52,210584,ayouting.com,30.00,CNY,2018-05-07,2027-05-07
2026-09-09 17:04:52,210584,yft186.com,30.00,CNY,2018-05-07,2027-05-07
2026-09-09 17:04:52,210584,xiemianji.com,30.00,CNY,2014-05-07,2027-05-07
2026-09-09 17:04:52,210584,xiyou504.com,30.00,CNY,2014-05-07,2027-05-07
2026-09-09 17:04:52,210584,guaguayouxi.com,30.00,CNY,2016-05-07,2027-05-07
2026-09-09 17:04:52,210584,vipusb.com,30.00,CNY,2015-05-08,2027-05-08
2026-09-09 17:04:52,210584,chinadianjia.com,30.00,CNY,2018-05-07,2027-05-07
2026-09-09 17:04:52,210584,baichuanjm.com,30.00,CNY,2012-05-07,2027-05-07
2026-09-09 17:04:52,210584,zhitoujia.com,30.00,CNY,2016-05-07,2027-05-07
2026-09-09 17:04:52,210584,wangzhan1999.com,30.00,CNY,2018-05-07,2027-05-07
2026-09-09 17:04:52,210584,waiqing51.com,30.00,CNY,2015-05-07,2027-05-07
2026-09-09 17:04:52,210584,shnanhe.com,30.00,CNY,2015-05-07,2027-05-07
2026-09-09 17:04:52,210584,huyijia.com,30.00,CNY,2014-05-07,2027-05-07
2026-09-09 17:04:52,210584,sxmdzb.com,30.00,CNY,2009-05-08,2027-05-08
2026-09-09 17:04:52,210584,mdjgdly.com,30.00,CNY,2014-05-08,2027-05-08
2026-09-09 17:04:52,210584,hzscyzjd.com,30.00,CNY,2018-05-08,2027-05-08
2026-09-09 17:04:52,210584,zhuanzhujia.com,30.00,CNY,2017-05-08,2027-05-08
2026-09-09 17:04:52,210584,gyaomei.com,30.00,CNY,2017-05-08,2027-05-08
2026-09-09 17:04:52,210584,4000523666.com,30.00,CNY,2015-05-08,2027-05-08
2026-09-09 17:04:52,210584,kejimeirong.com,30.00,CNY,2018-05-08,2027-05-08
2026-09-09 17:04:52,210584,airpool-china.com,30.00,CNY,2016-05-13,2027-05-13
2026-09-09 17:04:52,210584,gyzypf120.com,30.00,CNY,2016-05-13,2027-05-13
2026-09-09 17:04:52,210584,snowxc.com,30.00,CNY,2016-05-13,2027-05-13
2026-09-09 17:04:52,210584,chaxiange.com,30.00,CNY,2017-05-13,2027-05-13
2026-09-09 17:04:52,210584,mingxionghuijc.com,30.00,CNY,2017-05-13,2027-05-13
2026-09-09 17:04:52,210584,kingpinstar.com,30.00,CNY,2017-05-13,2027-05-13
2026-09-09 17:04:52,210584,120hmj.com,30.00,CNY,2016-05-13,2027-05-13
2026-09-09 17:04:52,210584,longtuzhineng.com,30.00,CNY,2016-05-13,2027-05-13
2026-09-09 17:04:52,210584,yiziyufeicui.com,30.00,CNY,2014-05-14,2027-05-14
2026-09-09 17:04:52,210584,tcdjlf.com,30.00,CNY,2013-05-14,2027-05-14
2026-09-09 17:04:52,210584,hnwhxxjc.com,30.00,CNY,2017-05-14,2027-05-14
2026-09-09 17:04:52,210584,dataigu.com,30.00,CNY,2016-05-14,2027-05-14
2026-09-09 17:04:52,210584,koreanasa.com,30.00,CNY,2017-05-14,2027-05-14
2026-09-09 17:04:52,210584,cck-huatai.com,30.00,CNY,2018-05-14,2027-05-14
2026-09-09 17:04:52,210584,xichuang888.com,30.00,CNY,2015-05-14,2027-05-14
2026-09-09 17:04:52,210584,hzlikang.com,30.00,CNY,2013-05-14,2027-05-14
2026-09-09 17:04:52,210584,top1buyer.com,30.00,CNY,2018-05-14,2027-05-14
2026-09-09 17:04:52,210584,txzntech.com,30.00,CNY,2018-05-14,2027-05-14
2026-09-09 17:04:52,210584,weijingsai.com,30.00,CNY,2015-05-14,2027-05-14
2026-09-09 17:04:52,210584,haokaissj.com,30.00,CNY,2018-05-14,2027-05-14
2026-09-09 17:04:52,210584,hdtjb.com,30.00,CNY,2013-05-14,2027-05-14
2026-09-09 17:04:52,210584,iunma.com,30.00,CNY,2017-05-14,2027-05-14
2026-09-09 17:04:52,210584,lcecaepg.com,30.00,CNY,2015-05-14,2027-05-14
2026-09-09 17:04:52,210584,romiou.com,30.00,CNY,2018-05-14,2027-05-14
2026-09-09 17:04:52,210584,ahzyrh.com,30.00,CNY,2016-05-14,2027-05-14
2026-09-09 17:04:52,210584,sxbqjl.com,30.00,CNY,2007-05-14,2027-05-14
2026-09-09 17:04:52,210584,iotapostle.com,30.00,CNY,2017-05-14,2027-05-14
2026-09-09 17:04:52,210584,liaoss.com,30.00,CNY,2014-05-14,2027-05-14
2026-09-09 17:04:52,210584,ls8844.com,30.00,CNY,2014-05-15,2027-05-15
2026-09-09 17:04:52,210584,theplanetstar.com,30.00,CNY,2017-05-15,2027-05-15
2026-09-09 17:04:52,210584,0769made.com,30.00,CNY,2010-05-15,2027-05-15
2026-09-09 17:04:52,210584,hz-sujie.com,30.00,CNY,2009-05-15,2027-05-15
2026-09-09 17:04:52,210584,liangshujiaoyu.com,30.00,CNY,2017-05-15,2027-05-15
2026-09-09 17:04:52,210584,chuangkee.com,30.00,CNY,2017-05-15,2027-05-15
2026-09-09 17:04:52,210584,newdream1688.com,30.00,CNY,2017-05-15,2027-05-15
2026-09-09 17:04:52,210584,wiotwuxi.com,30.00,CNY,2017-05-15,2027-05-15
2026-09-09 17:04:52,210584,zonghengtemai.com,30.00,CNY,2018-05-15,2027-05-15
2026-09-09 17:04:52,210584,bmb597.com,30.00,CNY,2018-05-15,2027-05-15
2026-09-09 17:04:52,210584,shdxjgpg.com,30.00,CNY,2018-05-15,2027-05-15
2026-09-09 17:04:52,210584,mdybeaute.com,30.00,CNY,2018-05-15,2027-05-15
2026-09-09 17:04:52,210584,econtao.com,30.00,CNY,2018-05-15,2027-05-15
2026-09-09 17:04:52,210584,nok-jp.com,30.00,CNY,2018-05-15,2027-05-15
2026-09-09 17:04:52,210584,qmcar360.com,30.00,CNY,2018-05-15,2027-05-15
2026-09-09 17:04:52,210584,szzsjr.com,30.00,CNY,2017-05-15,2027-05-15
2026-09-09 17:04:52,210584,bjymjyy.com,30.00,CNY,2018-05-15,2027-05-15
2026-09-09 17:04:52,210584,dakaquan.com,30.00,CNY,2015-05-15,2027-05-15
2026-09-09 17:04:52,210584,fillandedu.com,30.00,CNY,2018-05-15,2027-05-15
2026-09-09 17:04:52,210584,fujilong100.com,30.00,CNY,2018-05-15,2027-05-15
2026-09-09 17:04:52,210584,gbjinbo.com,30.00,CNY,2018-05-15,2027-05-15
2026-09-09 17:04:52,210584,glyaoye.com,30.00,CNY,2017-05-15,2027-05-15
2026-09-09 17:04:52,210584,wnxmsjy.com,30.00,CNY,2018-05-15,2027-05-15
2026-09-09 17:04:52,210584,yunguganzhi.com,30.00,CNY,2018-05-15,2027-05-15
2026-09-09 17:04:52,210584,zhiku-robot.com,30.00,CNY,2018-05-15,2027-05-15
2026-09-09 17:04:52,210584,zhinp.com,30.00,CNY,2016-05-15,2027-05-15
2026-09-09 17:04:52,210584,rjhjlj.com,30.00,CNY,2018-05-15,2027-05-15
2026-09-09 17:04:52,210584,shuizhihun.com,30.00,CNY,2018-05-15,2027-05-15
2026-09-09 17:04:52,210584,panzei.com,30.00,CNY,2009-05-15,2027-05-15
2026-09-09 17:04:52,210584,at-che.com,30.00,CNY,2018-05-15,2027-05-15
2026-09-09 17:04:52,210584,wenboty.com,30.00,CNY,2015-05-15,2027-05-15
2026-09-09 17:04:52,210584,315te.com,30.00,CNY,2016-05-16,2027-05-16
2026-09-09 17:04:52,210584,tjtuda56.com,30.00,CNY,2017-05-16,2027-05-16
2026-09-09 17:04:52,210584,ricardo-cq.com,30.00,CNY,2016-05-16,2027-05-16
2026-09-09 17:04:52,210584,ahtyh.com,30.00,CNY,2017-05-16,2027-05-16
2026-09-09 17:04:52,210584,hnzllq.com,30.00,CNY,2016-05-16,2027-05-16
2026-09-09 17:04:52,210584,jloag.com,30.00,CNY,2013-05-16,2027-05-16
2026-09-09 17:04:52,210584,seo848.com,30.00,CNY,2012-05-16,2027-05-16
2026-09-09 17:04:52,210584,wdsms.com,30.00,CNY,2009-05-16,2027-05-16
2026-09-09 17:04:52,210584,zhgdypt.com,30.00,CNY,2017-05-16,2027-05-16
2026-09-09 17:04:52,210584,luquanhb.com,30.00,CNY,2015-05-16,2027-05-16
2026-09-09 17:04:52,210584,tianjinyouxue.com,30.00,CNY,2017-05-16,2027-05-16
2026-09-09 17:04:52,210584,chpcon.com,30.00,CNY,2017-05-16,2027-05-16
2026-09-09 17:04:52,210584,91ywk.com,30.00,CNY,2016-05-16,2027-05-16
2026-09-09 17:04:52,210584,hcppgroup.com,30.00,CNY,2014-05-16,2027-05-16
2026-09-09 17:04:52,210584,ruguoyouxuan.com,30.00,CNY,2018-05-16,2027-05-16
2026-09-09 17:04:52,210584,vmsjqx.com,30.00,CNY,2017-05-16,2027-05-16
2026-09-09 17:04:52,210584,meihengcdr.com,30.00,CNY,2018-05-16,2027-05-16
2026-09-09 17:04:52,210584,rucitiandi.com,30.00,CNY,2017-05-16,2027-05-16
2026-09-09 17:04:52,210584,chaojiyuce.com,30.00,CNY,2017-05-16,2027-05-16
2026-09-09 17:04:52,210584,kaidanbaofang.com,30.00,CNY,2016-05-16,2027-05-16
2026-09-09 17:04:52,210584,wodexinche.com,30.00,CNY,2017-05-16,2027-05-16
2026-09-09 17:04:52,210584,mojiegoudg.com,30.00,CNY,2014-05-16,2027-05-16
2026-09-09 17:04:52,210584,epluswork.com,30.00,CNY,2017-05-16,2027-05-16
2026-09-09 17:04:52,210584,chunlicheng.com,30.00,CNY,2012-05-16,2027-05-16
2026-09-09 17:04:52,210584,blgydgs.com,30.00,CNY,2018-05-16,2027-05-16
2026-09-09 17:04:52,210584,daobainian.com,30.00,CNY,2018-05-16,2027-05-16
2026-09-09 17:04:52,210584,ychtgj.com,30.00,CNY,2018-05-16,2027-05-16
2026-09-09 17:04:52,210584,youdianvip.com,30.00,CNY,2018-05-16,2027-05-16
2026-09-09 17:04:52,210584,suixingz.com,30.00,CNY,2018-05-16,2027-05-16
2026-09-09 17:04:52,210584,tianlongyumiao.com,30.00,CNY,2018-05-16,2027-05-16
2026-09-09 17:04:52,210584,whmglc.com,30.00,CNY,2016-05-16,2027-05-16
2026-09-09 17:04:52,210584,minamy.com,30.00,CNY,2018-05-16,2027-05-16
2026-09-09 17:04:52,210584,bjrdxzscl.com,30.00,CNY,2016-05-17,2027-05-17
2026-09-09 17:04:52,210584,yalingkeji.com,30.00,CNY,2018-05-17,2027-05-17
2026-09-09 17:04:52,210584,bjxuqixing.com,30.00,CNY,2012-05-17,2027-05-17
2026-09-09 17:04:52,210584,jiandanlian.com,30.00,CNY,2016-05-17,2027-05-17
2026-09-09 17:04:52,210584,v3softcloud.com,30.00,CNY,2018-05-17,2027-05-17
2026-09-09 17:04:52,210584,whxcxkj.com,30.00,CNY,2015-05-18,2027-05-18
2026-09-09 17:04:52,210584,aszndata.com,30.00,CNY,2018-05-18,2027-05-18
2026-09-09 17:04:52,210584,gzdzdc.com,30.00,CNY,2017-05-18,2027-05-18
2026-09-09 17:04:52,210584,fs-sheet.com,30.00,CNY,2013-05-18,2027-05-18
2026-09-09 17:04:52,210584,zkzyxy.com,30.00,CNY,2015-05-18,2027-05-18
2026-09-09 17:04:52,210584,twinklifemall.com,30.00,CNY,2016-05-18,2027-05-18
2026-09-09 17:04:52,210584,hzretech.com,30.00,CNY,2018-05-18,2027-05-18
2026-09-09 17:04:52,210584,yuefengqizhong.com,30.00,CNY,2017-05-18,2027-05-18
2026-09-09 17:04:52,210584,singokin.com,30.00,CNY,2018-05-18,2027-05-18
2026-09-09 17:04:52,210584,ndsdzx.com,30.00,CNY,2016-05-18,2027-05-18
2026-09-09 17:04:52,210584,7maer.com,30.00,CNY,2016-05-19,2027-05-19
2026-09-09 17:04:57,210584,esmais.com,30.00,CNY,2013-05-04,2027-05-04
2026-09-09 17:05:06,210584,nanfeiye.com,40.00,CNY,2023-01-29,2027-01-29
2026-09-09 17:05:06,210584,zhengyimen.com,40.00,CNY,2021-01-25,2027-01-25
2026-09-09 17:05:06,210584,ncfmsc.com,40.00,CNY,2018-01-26,2027-01-26
2026-09-09 17:05:06,210584,hzhlwk.com,40.00,CNY,2023-01-28,2027-01-28
2026-09-09 17:05:06,210584,chuandfoprint.com,40.00,CNY,2023-01-29,2027-01-29
2026-09-09 17:05:06,210584,whgkgm.com,40.00,CNY,2023-01-29,2027-01-29
2026-09-09 17:05:06,210584,wuyegong.com,40.00,CNY,2023-01-29,2027-01-29
2026-09-09 17:05:06,210584,xinxiejidian.com,40.00,CNY,2023-01-29,2027-01-29
2026-09-09 17:05:06,210584,duoyoumi1149.com,40.00,CNY,2023-01-30,2027-01-30
2026-09-09 17:05:06,210584,com-weixin-qq.com,40.00,CNY,2021-01-30,2027-01-30
2026-09-09 17:05:06,210584,ynlianjiang.com,40.00,CNY,2021-01-30,2027-01-30
2026-09-09 17:05:06,210584,hnjigang.com,40.00,CNY,2023-01-30,2027-01-30
2026-09-09 17:05:06,210584,hueyn.com,40.00,CNY,2023-01-30,2027-01-30
2026-09-09 17:05:06,210584,xkcys.com,40.00,CNY,2023-01-30,2027-01-30
2026-09-09 17:05:06,210584,xysxfhqc.com,40.00,CNY,2023-01-30,2027-01-30
2026-09-09 17:05:06,210584,tai0523.com,40.00,CNY,2023-01-30,2027-01-30
2026-09-09 17:05:06,210584,520hlhg.com,40.00,CNY,2021-02-02,2027-02-02
2026-09-09 17:05:06,210584,yasongzhiye.com,40.00,CNY,2021-02-02,2027-02-02
2026-09-09 17:05:06,210584,kctwl56.com,40.00,CNY,2021-02-02,2027-02-02
2026-09-09 17:05:06,210584,kuailehuoche.com,40.00,CNY,2017-02-04,2027-02-04
2026-09-09 17:05:06,210584,sh-nuocheng.com,40.00,CNY,2021-02-04,2027-02-04
2026-09-09 17:05:06,210584,hejintongcheng.com,40.00,CNY,2021-02-05,2027-02-05
2026-09-09 17:05:06,210584,ah2028.com,40.00,CNY,2020-02-06,2027-02-06
2026-09-09 17:05:06,210584,jidingcaishui.com,40.00,CNY,2021-02-07,2027-02-07
2026-09-09 17:05:06,210584,bingo2288.com,40.00,CNY,2017-02-08,2027-02-08
2026-09-09 17:05:06,210584,csxxftex.com,40.00,CNY,2023-02-11,2027-02-11
2026-09-09 17:05:06,210584,ywclnt.com,40.00,CNY,2021-02-11,2027-02-11
2026-09-09 17:05:06,210584,han-bao.com,40.00,CNY,2020-02-05,2027-02-05
2026-09-09 17:05:06,210584,dabangsec.com,40.00,CNY,2020-02-03,2027-02-03
2026-09-09 17:05:06,210584,gxhwh.com,40.00,CNY,2022-03-14,2027-03-14
2026-09-09 17:05:06,210584,jianchaiwang.com,40.00,CNY,2023-03-16,2027-03-16
2026-09-09 17:05:06,210584,jinnadou.com,40.00,CNY,2022-03-18,2027-03-18
2026-09-09 17:05:06,210584,xfk888.com,40.00,CNY,2022-03-22,2027-03-22
2026-09-09 17:05:06,210584,yljsbh.com,40.00,CNY,2023-03-23,2027-03-23
2026-09-09 17:05:06,210584,zbxthzj.com,40.00,CNY,2021-03-25,2027-03-25
2026-09-09 17:05:06,210584,shlice.com,40.00,CNY,2013-03-25,2027-03-25
2026-09-09 17:05:06,210584,miaojiazhizao.com,40.00,CNY,2015-03-26,2027-03-26
2026-09-09 17:05:06,210584,sdrdjx.com,40.00,CNY,2016-03-28,2027-03-28
2026-09-09 17:05:06,210584,bulagedz.com,40.00,CNY,2020-06-05,2027-06-05
2026-09-09 17:05:06,210584,zszm88223377.com,40.00,CNY,2018-06-08,2027-06-08
2026-09-09 17:05:06,210584,kyanxing.com,40.00,CNY,2021-06-24,2027-06-24
2026-09-09 17:05:06,210584,miannue.com,40.00,CNY,2023-10-26,2026-10-26
2026-09-09 17:05:06,210584,sheidei.com,40.00,CNY,2023-10-28,2026-10-28
2026-09-09 17:05:06,210584,fffstsky.com,40.00,CNY,2023-10-28,2026-10-28
2026-09-09 17:05:06,210584,bvumix.com,40.00,CNY,2023-10-26,2026-10-26
2026-09-09 17:05:06,210584,kunnue.com,40.00,CNY,2023-10-29,2026-10-29
2026-09-09 17:05:06,210584,kpazq.com,40.00,CNY,2023-10-30,2026-10-30
2026-09-09 17:05:06,210584,kalkv.com,40.00,CNY,2023-10-29,2026-10-29
2026-09-09 17:05:06,210584,daktz.com,40.00,CNY,2023-10-29,2026-10-29
2026-09-09 17:05:06,210584,shiyizhili.com,40.00,CNY,2019-11-06,2026-11-06
2026-09-09 17:05:06,210584,zhaowuwenhua.com,40.00,CNY,2019-11-04,2026-11-04
2026-09-09 17:05:06,210584,fjwid.com,40.00,CNY,2023-12-15,2026-12-15
2026-09-09 17:05:06,210584,zkjfr121314.com,40.00,CNY,2019-12-17,2026-12-17
2026-09-09 17:05:06,210584,fjidt.com,40.00,CNY,2023-12-15,2026-12-15
2026-09-09 17:05:06,210584,taotaomaidan.com,40.00,CNY,2022-12-26,2026-12-26
2026-09-09 17:05:06,210584,barter110.com,40.00,CNY,2021-12-29,2026-12-29
2026-09-09 17:05:06,210584,tulehuyu.com,40.00,CNY,2021-12-29,2026-12-29
2026-09-09 17:05:06,210584,haohanvisa.com,40.00,CNY,2018-12-28,2026-12-28
2026-09-09 17:05:06,210584,hqgxlx.com,40.00,CNY,2022-01-10,2027-01-10
2026-09-09 17:05:06,210584,yfyfe.com,40.00,CNY,2023-01-23,2027-01-23
2026-09-09 17:05:06,210584,yzjdcm.com,40.00,CNY,2022-01-10,2027-01-10
2026-09-09 17:05:06,210584,xmxszn.com,40.00,CNY,2022-01-11,2027-01-11
2026-09-09 17:05:06,210584,expfoods.com,40.00,CNY,2019-01-25,2027-01-25
2026-09-09 17:05:06,210584,dingyuanonline.com,40.00,CNY,2019-01-12,2027-01-12
2026-09-09 17:05:06,210584,zmzxjx.com,40.00,CNY,2020-01-04,2027-01-04
2026-09-09 17:05:06,210584,shanghaidehuiboen.com,40.00,CNY,2022-01-06,2027-01-06
2026-09-09 17:05:06,210584,qxzz1ii.com,40.00,CNY,2023-01-12,2027-01-12
2026-09-09 17:05:06,210584,fuftf.com,40.00,CNY,2023-01-23,2027-01-23
2026-09-09 17:05:06,210584,xthongsenjx.com,40.00,CNY,2021-01-28,2027-01-28
2026-09-09 17:05:10,210584,yihengzhongxin.com,40.00,CNY,2023-01-19,2027-01-19
2026-09-09 17:05:10,210584,uauzu.com,40.00,CNY,2023-01-23,2027-01-23
2026-09-09 17:05:10,210584,xiaozhudaoqin.com,40.00,CNY,2021-01-19,2027-01-19
2026-09-09 17:05:10,210584,tixiangyuan.com,40.00,CNY,2015-01-13,2027-01-13
2026-09-09 17:05:10,210584,ibqccn.com,40.00,CNY,2023-01-07,2027-01-07
2026-09-09 17:05:10,210584,6nifh.com,40.00,CNY,2023-01-14,2027-01-14
2026-09-09 17:05:10,210584,yonghuanfa.com,40.00,CNY,2022-01-10,2027-01-10
2026-09-09 17:05:10,210584,x7it5.com,40.00,CNY,2023-01-14,2027-01-14
2026-09-09 17:05:10,210584,zgludibinghu.com,40.00,CNY,2023-01-03,2027-01-03
2026-09-09 17:05:10,210584,wxhfwl.com,40.00,CNY,2023-01-14,2027-01-14
2026-09-09 17:05:10,210584,p17dy3o.com,40.00,CNY,2023-01-12,2027-01-12
2026-09-09 17:05:10,210584,028101.com,40.00,CNY,2014-01-20,2027-01-20
2026-09-09 17:05:10,210584,hnyanlingsf.com,40.00,CNY,2025-01-30,2027-01-30
2026-09-09 17:05:10,210584,sxmsgq.com,40.00,CNY,2023-01-30,2027-01-30
2026-09-09 17:05:10,210584,guowandq.com,40.00,CNY,2020-01-26,2027-01-26
2026-09-09 17:05:10,210584,dazhi1.com,40.00,CNY,2023-01-11,2027-01-11
2026-09-09 17:05:10,210584,shenc99.com,40.00,CNY,2023-01-04,2027-01-04
2026-09-09 17:05:10,210584,gagpg.com,40.00,CNY,2023-01-23,2027-01-23
2026-09-09 17:05:10,210584,ysc518.com,40.00,CNY,2022-01-23,2027-01-23
2026-09-09 17:05:10,210584,345gongyinglian.com,40.00,CNY,2023-01-03,2027-01-03
2026-09-09 17:05:10,210584,3376pk.com,40.00,CNY,2023-01-03,2027-01-03
2026-09-09 17:05:10,210584,qdjiaquan.com,40.00,CNY,2022-01-23,2027-01-23
2026-09-09 17:05:10,210584,hualiera.com,40.00,CNY,2019-01-25,2027-01-25
2026-09-09 17:05:10,210584,bingcuqiu.com,40.00,CNY,2023-01-03,2027-01-03
2026-09-09 17:05:10,210584,yaywy.com,40.00,CNY,2023-01-23,2027-01-23
2026-09-09 17:05:10,210584,zhong-rc.com,40.00,CNY,2023-01-11,2027-01-11
2026-09-09 17:05:10,210584,15qiyuan.com,40.00,CNY,2022-01-10,2027-01-10
2026-09-09 17:05:10,210584,szshhkj.com,40.00,CNY,2022-01-10,2027-01-10
2026-09-09 17:05:10,210584,eyasha3d.com,40.00,CNY,2023-01-06,2027-01-06
2026-09-09 17:05:10,210584,bvbub.com,40.00,CNY,2023-01-23,2027-01-23
2026-09-09 17:05:10,210584,zanycy.com,40.00,CNY,2025-01-31,2027-01-31
2026-09-09 17:05:10,210584,whzgjkys.com,40.00,CNY,2023-01-28,2027-01-28
2026-09-09 17:05:10,210584,scqdzszy.com,40.00,CNY,2022-01-10,2027-01-10
2026-09-09 17:05:10,210584,hntfcqp.com,40.00,CNY,2022-01-31,2027-01-31
2026-09-09 17:05:10,210584,tianbeifei.com,40.00,CNY,2023-01-07,2027-01-07
2026-09-09 17:05:10,210584,zonetron-nearspace.com,40.00,CNY,2018-01-19,2027-01-19
2026-09-09 17:05:10,210584,youyangups.com,40.00,CNY,2022-01-12,2027-01-12
2026-09-09 17:05:10,210584,yuanzhengshangwu.com,40.00,CNY,2023-01-04,2027-01-04
2026-09-09 17:05:10,210584,lxxdsz.com,40.00,CNY,2025-02-04,2027-02-04
2026-09-09 17:05:10,210584,0086028.com,40.00,CNY,2008-02-01,2027-02-01
2026-09-09 17:05:10,210584,b2b007.com,40.00,CNY,2021-02-04,2027-02-04
2026-09-09 17:05:10,210584,tgtime188.com,40.00,CNY,2023-02-03,2027-02-03
2026-09-09 17:05:10,210584,artxcx.com,40.00,CNY,2018-02-02,2027-02-02
2026-09-09 17:05:10,210584,pdwzx.com,40.00,CNY,2018-02-02,2027-02-02
2026-09-09 17:05:10,210584,qmjy100.com,40.00,CNY,2020-02-04,2027-02-04
2026-09-09 17:05:10,210584,yn841.com,40.00,CNY,2021-02-11,2027-02-11
2026-09-09 17:05:10,210584,sbzycc.com,40.00,CNY,2023-02-08,2027-02-08
2026-09-09 17:05:10,210584,fknk0771.com,40.00,CNY,2021-02-07,2027-02-07
2026-09-09 17:05:10,210584,ln-sunnymall.com,40.00,CNY,2025-02-07,2027-02-07
2026-09-09 17:05:10,210584,hbhldx.com,40.00,CNY,2023-02-11,2027-02-11
2026-09-09 17:05:10,210584,lanbojituan.com,40.00,CNY,2019-03-12,2027-03-12
2026-09-09 17:05:10,210584,aichongwua.com,40.00,CNY,2023-03-11,2027-03-11
2026-09-09 17:05:10,210584,zc-you.com,40.00,CNY,2023-03-14,2027-03-14
2026-09-09 17:05:10,210584,tianjinhuixinyin.com,40.00,CNY,2023-03-10,2027-03-10
2026-09-09 17:05:10,210584,4000042012.com,40.00,CNY,2021-03-11,2027-03-11
2026-09-09 17:05:10,210584,tuwendashi.com,40.00,CNY,2020-03-12,2027-03-12
2026-09-09 17:05:10,210584,uj1000.com,40.00,CNY,2023-03-10,2027-03-10
2026-09-09 17:05:10,210584,tcbowendianzikeji.com,40.00,CNY,2023-03-10,2027-03-10
2026-09-09 17:05:10,210584,yongshengqichefuwu.com,40.00,CNY,2023-03-10,2027-03-10
2026-09-09 17:05:10,210584,gingrem.com,40.00,CNY,2023-03-10,2027-03-10
2026-09-09 17:05:10,210584,shopsuez.com,40.00,CNY,2023-03-13,2027-03-13
2026-09-09 17:05:10,210584,jinpingsizhong.com,40.00,CNY,2025-03-11,2027-03-11
2026-09-09 17:05:10,210584,guangjupack.com,40.00,CNY,2023-03-13,2027-03-13
2026-09-09 17:05:10,210584,jingxiangongfang.com,40.00,CNY,2023-03-10,2027-03-10
2026-09-09 17:05:10,210584,dxdrxrmzf.com,40.00,CNY,2025-03-10,2027-03-10
2026-09-09 17:05:10,210584,cxfxy.com,40.00,CNY,2023-03-22,2027-03-22
2026-09-09 17:05:10,210584,hzqiaojiaren.com,40.00,CNY,2020-03-16,2027-03-16
2026-09-09 17:05:10,210584,hc-mingjun.com,40.00,CNY,2023-03-19,2027-03-19
2026-09-09 17:05:10,210584,afiumg.com,40.00,CNY,2023-03-22,2027-03-22
2026-09-09 17:05:10,210584,junkaitsf.com,40.00,CNY,2021-03-19,2027-03-19
2026-09-09 17:05:10,210584,dudukuaijie.com,40.00,CNY,2023-03-16,2027-03-16
2026-09-09 17:05:10,210584,doumoef.com,40.00,CNY,2021-03-18,2027-03-18
2026-09-09 17:05:10,210584,bhgdkl.com,40.00,CNY,2023-03-22,2027-03-22
2026-09-09 17:05:10,210584,pwifoy.com,40.00,CNY,2023-03-19,2027-03-19
2026-09-09 17:05:10,210584,xlglmdgjs.com,40.00,CNY,2023-03-23,2027-03-23
2026-09-09 17:05:10,210584,jf9c.com,40.00,CNY,2021-03-26,2027-03-26
2026-09-09 17:05:10,210584,tongzmy.com,40.00,CNY,2022-03-17,2027-03-17
2026-09-09 17:05:10,210584,fuyaochuanmei.com,40.00,CNY,2023-03-22,2027-03-22
2026-09-09 17:05:10,210584,0576ps.com,40.00,CNY,2017-03-14,2027-03-14
2026-09-09 17:05:10,210584,365kaoshiwang.com,40.00,CNY,2020-03-18,2027-03-18
2026-09-09 17:05:10,210584,max-information.com,40.00,CNY,2020-03-20,2027-03-20
2026-09-09 17:05:10,210584,chuxinyueren.com,40.00,CNY,2021-03-17,2027-03-17
2026-09-09 17:05:10,210584,bchjcha.com,40.00,CNY,2023-03-20,2027-03-20
2026-09-09 17:05:10,210584,88student.com,40.00,CNY,2023-03-22,2027-03-22
2026-09-09 17:05:10,210584,zslya.com,40.00,CNY,2021-03-23,2027-03-23
2026-09-09 17:05:10,210584,vvpaper.com,40.00,CNY,2012-03-26,2027-03-26
2026-09-09 17:05:10,210584,cxxyfwpt.com,40.00,CNY,2021-03-30,2027-03-30
2026-09-09 17:05:10,210584,lxwenp.com,40.00,CNY,2021-03-26,2027-03-26
2026-09-09 17:05:10,210584,yzwlk.com,40.00,CNY,2023-03-23,2027-03-23
2026-09-09 17:05:10,210584,hzcmsci.com,40.00,CNY,2022-03-14,2027-03-14
2026-09-09 17:05:10,210584,cszlpump.com,40.00,CNY,2023-03-19,2027-03-19
2026-09-09 17:05:10,210584,stmubz.com,40.00,CNY,2023-03-16,2027-03-16
2026-09-09 17:05:10,210584,ybexam.com,40.00,CNY,2017-03-18,2027-03-18
2026-09-09 17:05:10,210584,jtfsw88.com,40.00,CNY,2022-03-14,2027-03-14
2026-09-09 17:05:10,210584,slizhi.com,40.00,CNY,2022-03-16,2027-03-16
2026-09-09 17:05:10,210584,5clzc.com,40.00,CNY,2022-03-19,2027-03-19
2026-09-09 17:05:10,210584,rycx2022.com,40.00,CNY,2022-03-18,2027-03-18
2026-09-09 17:05:10,210584,xuntianze.com,40.00,CNY,2021-03-23,2027-03-23
2026-09-09 17:05:10,210584,liangxiaoya.com,40.00,CNY,2019-03-26,2027-03-26
2026-09-09 17:05:10,210584,daniuf.com,40.00,CNY,2019-03-20,2027-03-20
2026-09-09 17:05:10,210584,bdhgrt.com,40.00,CNY,2023-03-22,2027-03-22
2026-09-09 17:05:10,210584,huelarphotography.com,40.00,CNY,2023-03-22,2027-03-22
2026-09-09 17:05:10,210584,angpuxitong.com,40.00,CNY,2021-03-17,2027-03-17
2026-09-09 17:05:10,210584,zaixianzujuan.com,40.00,CNY,2020-03-18,2027-03-18
2026-09-09 17:05:10,210584,icu-mitoo.com,40.00,CNY,2021-03-19,2027-03-19
2026-09-09 17:05:10,210584,kaihesmart.com,40.00,CNY,2022-03-22,2027-03-22
2026-09-09 17:05:10,210584,whpengkang.com,40.00,CNY,2020-03-16,2027-03-16
2026-09-09 17:05:10,210584,shaokao100.com,40.00,CNY,2018-03-29,2027-03-29
2026-09-09 17:05:10,210584,lntaiandz.com,40.00,CNY,2022-03-16,2027-03-16
2026-09-09 17:05:10,210584,kdfuhao.com,40.00,CNY,2023-03-16,2027-03-16
2026-09-09 17:05:10,210584,hongluanxing.com,40.00,CNY,2022-03-18,2027-03-18
2026-09-09 17:05:10,210584,168lbt.com,40.00,CNY,2022-03-22,2027-03-22
2026-09-09 17:05:10,210584,250829.com,40.00,CNY,2023-03-22,2027-03-22
2026-09-09 17:05:10,210584,nttfzs.com,40.00,CNY,2022-03-18,2027-03-18
2026-09-09 17:05:10,210584,e38shop.com,40.00,CNY,2023-03-16,2027-03-16
2026-09-09 17:05:10,210584,bonabiaoye.com,40.00,CNY,2019-03-14,2027-03-14
2026-09-09 17:05:10,210584,yltcd.com,40.00,CNY,2022-03-16,2027-03-16
2026-09-09 17:05:10,210584,pzwyx.com,40.00,CNY,2023-03-23,2027-03-23
2026-09-09 17:05:10,210584,shfsznkj.com,40.00,CNY,2023-03-22,2027-03-22
2026-09-09 17:05:10,210584,liangzhengdj.com,40.00,CNY,2021-03-29,2027-03-29
2026-09-09 17:05:10,210584,35he.com,40.00,CNY,2023-03-19,2027-03-19
2026-09-09 17:05:10,210584,csun98.com,40.00,CNY,2022-03-18,2027-03-18
2026-09-09 17:05:10,210584,cddj028.com,40.00,CNY,2018-03-29,2027-03-29
2026-09-09 17:05:10,210584,njfctec.com,40.00,CNY,2019-03-19,2027-03-19
2026-09-09 17:05:10,210584,3dmtlink.com,40.00,CNY,2021-03-19,2027-03-19
2026-09-09 17:05:10,210584,aplusspecial.com,40.00,CNY,2023-03-22,2027-03-22
2026-09-09 17:05:10,210584,jsyoulaiyouwang.com,40.00,CNY,2023-03-17,2027-03-17
2026-09-09 17:05:10,210584,yhgou888.com,40.00,CNY,2021-03-25,2027-03-25
2026-09-09 17:05:10,210584,njbld88.com,40.00,CNY,2019-03-22,2027-03-22
2026-09-09 17:05:10,210584,jsdesapool.com,40.00,CNY,2023-03-14,2027-03-14
2026-09-09 17:05:10,210584,dingnanban.com,40.00,CNY,2017-03-30,2027-03-30
2026-09-09 17:05:10,210584,bysailing.com,40.00,CNY,2013-05-29,2027-05-29
2026-09-09 17:05:10,210584,bjdefkyy.com,40.00,CNY,2025-05-30,2027-05-30
2026-09-09 17:05:10,210584,ncyg120.com,40.00,CNY,2025-05-29,2027-05-29
2026-09-09 17:05:10,210584,qzsrfb.com,40.00,CNY,2025-05-29,2027-05-29
2026-09-09 17:05:10,210584,yhszjy.com,40.00,CNY,2025-05-28,2027-05-28
2026-09-09 17:05:10,210584,zgchkjg.com,40.00,CNY,2025-05-29,2027-05-29
2026-09-09 17:05:10,210584,hsqsnhdzx.com,40.00,CNY,2025-05-29,2027-05-29
2026-09-09 17:05:10,210584,gyctwax.com,40.00,CNY,2025-05-29,2027-05-29
2026-09-09 17:05:10,210584,qyshs.com,40.00,CNY,2025-05-27,2027-05-27
2026-09-09 17:05:10,210584,qqhesskl.com,40.00,CNY,2025-05-29,2027-05-29
2026-09-09 17:05:10,210584,mnxnyj.com,40.00,CNY,2025-05-29,2027-05-29
2026-09-09 17:05:10,210584,sjdsnet.com,40.00,CNY,2025-05-31,2027-05-31
2026-09-09 17:05:10,210584,dqxqztc.com,40.00,CNY,2025-05-29,2027-05-29
2026-09-09 17:05:10,210584,gzforestpark.com,40.00,CNY,2025-05-30,2027-05-30
2026-09-09 17:05:10,210584,028juquankj.com,40.00,CNY,2025-05-30,2027-05-30
2026-09-09 17:05:10,210584,sdtaopu.com,40.00,CNY,2019-06-03,2027-06-03
2026-09-09 17:05:10,210584,umilaser.com,40.00,CNY,2021-06-02,2027-06-02
2026-09-09 17:05:10,210584,haozhaijia.com,40.00,CNY,2021-06-08,2027-06-08
2026-09-09 17:05:10,210584,xgj2025.com,40.00,CNY,2019-06-05,2027-06-05
2026-09-09 17:05:10,210584,mw009.com,40.00,CNY,2018-06-05,2027-06-05
2026-09-09 17:05:10,210584,sbqcbh.com,40.00,CNY,2019-06-05,2027-06-05
2026-09-09 17:05:10,210584,hnqcrb.com,40.00,CNY,2019-06-03,2027-06-03
2026-09-09 17:05:10,210584,cptxchica.com,40.00,CNY,2021-06-02,2027-06-02
2026-09-09 17:05:10,210584,sdagxnh.com,40.00,CNY,2021-06-02,2027-06-02
2026-09-09 17:05:10,210584,nashijizaojiao.com,40.00,CNY,2025-06-05,2027-06-05
2026-09-09 17:05:10,210584,xzdbzx.com,40.00,CNY,2025-06-02,2027-06-02
2026-09-09 17:05:10,210584,0311wcyy.com,40.00,CNY,2025-06-02,2027-06-02
2026-09-09 17:05:10,210584,shibeiwhg.com,40.00,CNY,2025-06-02,2027-06-02
2026-09-09 17:05:10,210584,836gc.com,40.00,CNY,2025-06-03,2027-06-03
2026-09-09 17:05:10,210584,sdxcqjy.com,40.00,CNY,2025-06-05,2027-06-05
2026-09-09 17:05:10,210584,plxj888.com,40.00,CNY,2025-06-05,2027-06-05
2026-09-09 17:05:10,210584,nxmingzhong.com,40.00,CNY,2025-06-02,2027-06-02
2026-09-09 17:05:10,210584,sactc428sc3.com,40.00,CNY,2025-06-05,2027-06-05
2026-09-09 17:05:10,210584,hysqjy.com,40.00,CNY,2025-06-02,2027-06-02
2026-09-09 17:05:10,210584,bzjjjskfqjjdd.com,40.00,CNY,2025-06-02,2027-06-02
2026-09-09 17:05:10,210584,liuyangdahu.com,40.00,CNY,2025-06-02,2027-06-02
2026-09-09 17:05:10,210584,zxwinfo.com,40.00,CNY,2025-06-03,2027-06-03
2026-09-09 17:05:10,210584,clpzx.com,40.00,CNY,2025-06-02,2027-06-02
2026-09-09 17:05:10,210584,yangsi120.com,40.00,CNY,2025-06-03,2027-06-03
2026-09-09 17:05:10,210584,kangjianhos.com,40.00,CNY,2025-06-03,2027-06-03
2026-09-09 17:05:10,210584,ahfyshy.com,40.00,CNY,2025-06-03,2027-06-03
2026-09-09 17:05:10,210584,tzzzxy.com,40.00,CNY,2025-06-02,2027-06-02
2026-09-09 17:05:10,210584,bjdtjyjdxzyy.com,40.00,CNY,2025-06-03,2027-06-03
2026-09-09 17:05:10,210584,whrcez.com,40.00,CNY,2025-06-07,2027-06-07
2026-09-09 17:05:10,210584,zz-ysgc.com,40.00,CNY,2025-06-03,2027-06-03
2026-09-09 17:05:10,210584,nbxbjjdbsc.com,40.00,CNY,2025-06-01,2027-06-01
2026-09-09 17:05:10,210584,mczrzxx.com,40.00,CNY,2025-06-02,2027-06-02
2026-09-09 17:05:10,210584,hnscjdw.com,40.00,CNY,2025-06-05,2027-06-05
2026-09-09 17:05:10,210584,qianjingwuxian.com,40.00,CNY,2025-06-05,2027-06-05
2026-09-09 17:05:10,210584,stone6363.com,40.00,CNY,2025-06-05,2027-06-05
2026-09-09 17:05:10,210584,pcjtyy120.com,40.00,CNY,2025-06-02,2027-06-02
2026-09-09 17:05:10,210584,liuhelvyou.com,40.00,CNY,2025-06-25,2027-06-25
2026-09-09 17:05:10,210584,bjchenzhong.com,40.00,CNY,2025-06-25,2027-06-25
2026-09-09 17:05:10,210584,huanglingshangwu.com,40.00,CNY,2025-06-25,2027-06-25
2026-09-09 17:05:10,210584,handongdianli.com,40.00,CNY,2019-06-10,2027-06-10
2026-09-09 17:05:10,210584,sz-hhck.com,40.00,CNY,2020-06-24,2027-06-24
2026-09-09 17:05:10,210584,cgyebhyy120.com,40.00,CNY,2019-06-25,2027-06-25
2026-09-09 17:05:10,210584,esstrue.com,40.00,CNY,2017-06-19,2027-06-19
2026-09-09 17:05:10,210584,iswry.com,40.00,CNY,2021-06-17,2027-06-17
2026-09-09 17:05:10,210584,huidihao.com,40.00,CNY,2020-06-14,2027-06-14
2026-09-09 17:05:10,210584,zhyjtj.com,40.00,CNY,2011-06-21,2027-06-21
2026-09-09 17:05:10,210584,allstar-gas.com,40.00,CNY,2021-06-23,2027-06-23
2026-09-09 17:05:10,210584,zgh-cpa.com,40.00,CNY,2017-06-23,2027-06-23
2026-09-09 17:05:10,210584,hebdsl.com,40.00,CNY,2013-06-23,2027-06-23
2026-09-09 17:05:10,210584,siluyaxing.com,40.00,CNY,2019-06-20,2027-06-20
2026-09-09 17:05:10,210584,kyeecloud.com,40.00,CNY,2021-06-24,2027-06-24
2026-09-09 17:05:10,210584,znsjgyy.com,40.00,CNY,2019-06-12,2027-06-12
2026-09-09 17:05:10,210584,dodiihome.com,40.00,CNY,2020-06-09,2027-06-09
2026-09-09 17:05:10,210584,alsmzjj.com,40.00,CNY,2025-06-14,2027-06-14
2026-09-09 17:05:10,210584,lqwhj.com,40.00,CNY,2025-06-23,2027-06-23
2026-09-09 17:05:10,210584,dwzhf.com,40.00,CNY,2025-06-18,2027-06-18
2026-09-09 17:05:10,210584,cxhpcx.com,40.00,CNY,2025-06-18,2027-06-18
2026-09-09 17:05:10,210584,qmrmyy.com,40.00,CNY,2025-06-09,2027-06-09
2026-09-09 17:05:10,210584,gzscjc.com,40.00,CNY,2025-06-12,2027-06-12
2026-09-09 17:05:10,210584,jxzxqyj.com,40.00,CNY,2025-06-12,2027-06-12
2026-09-09 17:05:10,210584,eszjtzjz.com,40.00,CNY,2025-06-19,2027-06-19
2026-09-09 17:05:10,210584,beijingipwqzx.com,40.00,CNY,2025-06-19,2027-06-19
2026-09-09 17:05:10,210584,gzxwlgtj.com,40.00,CNY,2025-06-14,2027-06-14
2026-09-09 17:05:10,210584,jhwczf.com,40.00,CNY,2025-06-12,2027-06-12
2026-09-09 17:05:10,210584,dcjlyoa.com,40.00,CNY,2025-06-14,2027-06-14
2026-09-09 17:05:10,210584,gzhjbhw.com,40.00,CNY,2025-06-16,2027-06-16
2026-09-09 17:05:10,210584,kq886.com,40.00,CNY,2025-06-19,2027-06-19
2026-09-09 17:05:10,210584,xichahe.com,40.00,CNY,2025-06-14,2027-06-14
2026-09-09 17:05:10,210584,zjkgcfj.com,40.00,CNY,2025-06-15,2027-06-15
2026-09-09 17:05:10,210584,jmepcca.com,40.00,CNY,2025-06-17,2027-06-17
2026-09-09 17:05:10,210584,szsscqdyzxx.com,40.00,CNY,2025-06-23,2027-06-23
2026-09-09 17:05:10,210584,dtcqredcross.com,40.00,CNY,2025-06-19,2027-06-19
2026-09-09 17:05:10,210584,kccip.com,40.00,CNY,2025-06-16,2027-06-16
2026-09-09 17:05:10,210584,ssbdcdj.com,40.00,CNY,2025-06-15,2027-06-15
2026-09-09 17:05:10,210584,yinfamodeng.com,40.00,CNY,2025-06-26,2027-06-26
2026-09-09 17:05:10,210584,sxqxxz.com,40.00,CNY,2025-06-26,2027-06-26
2026-09-09 17:05:10,210584,doerzyjcj.com,40.00,CNY,2013-06-27,2027-06-27
2026-09-09 17:05:10,210584,whbaocloud.com,40.00,CNY,2019-06-26,2027-06-26
2026-09-09 17:05:10,210584,1988cci.com,40.00,CNY,2019-06-26,2027-06-26
2026-09-09 17:05:31,210584,haixun55.com,60.00,CNY,2023-09-11,2027-09-11
2026-09-09 17:05:31,210584,maoyao9.com,60.00,CNY,2023-09-11,2027-09-11
2026-09-09 17:05:31,210584,0762news.com,60.00,CNY,2023-11-23,2026-11-23
2026-09-09 17:05:31,210584,wjslslz.com,60.00,CNY,2023-11-20,2026-11-20
2026-09-09 17:05:31,210584,dfbjex.com,60.00,CNY,2023-11-20,2026-11-20
2026-09-09 17:05:31,210584,lydaxixx.com,60.00,CNY,2023-11-28,2026-11-28
2026-09-09 17:05:31,210584,txsyzx.com,60.00,CNY,2023-11-29,2026-11-29
2026-09-09 17:05:31,210584,mnxhlz.com,60.00,CNY,2023-11-30,2026-11-30
2026-09-09 17:05:31,210584,whgwh.com,60.00,CNY,2023-11-28,2026-11-28
2026-09-09 17:05:31,210584,xxqmjs.com,60.00,CNY,2023-11-23,2026-11-23
2026-09-09 17:05:31,210584,cqqjxc.com,60.00,CNY,2023-12-16,2026-12-16
2026-09-09 17:05:31,210584,gqcxhxx.com,60.00,CNY,2023-12-12,2026-12-12
2026-09-09 17:05:31,210584,hnwsxx033.com,60.00,CNY,2023-12-12,2026-12-12
2026-09-09 17:05:31,210584,hnwsxx027.com,60.00,CNY,2023-12-01,2026-12-01
2026-09-09 17:05:31,210584,sy4z.com,60.00,CNY,2023-12-08,2026-12-08
2026-09-09 17:05:31,210584,hnwsxx019.com,60.00,CNY,2023-12-01,2026-12-01
2026-09-09 17:05:31,210584,kfyunyu.com,60.00,CNY,2023-12-10,2026-12-10
2026-09-09 17:05:31,210584,ggxcoop.com,60.00,CNY,2023-12-17,2026-12-17
2026-09-09 17:05:31,210584,dbzxqy.com,60.00,CNY,2023-12-09,2026-12-09
2026-09-09 17:05:31,210584,nysyb.com,60.00,CNY,2023-12-17,2026-12-17
2026-09-09 17:05:31,210584,tjjhlxw.com,60.00,CNY,2023-12-07,2026-12-07
2026-09-09 17:05:31,210584,lysgxh.com,60.00,CNY,2023-12-09,2026-12-09
2026-09-09 17:05:31,210584,wnglc.com,60.00,CNY,2023-12-12,2026-12-12
2026-09-09 17:05:31,210584,gsmlbwg.com,60.00,CNY,2023-12-09,2026-12-09
2026-09-09 17:05:31,210584,tcwhj.com,60.00,CNY,2023-12-09,2026-12-09
2026-09-09 17:05:31,210584,as-aic.com,60.00,CNY,2023-12-17,2026-12-17
2026-09-09 17:05:31,210584,bailingshanlingyuan.com,60.00,CNY,2023-12-07,2026-12-07
2026-09-09 17:05:31,210584,ywtqjwtj.com,60.00,CNY,2023-12-03,2026-12-03
2026-09-09 17:05:31,210584,bygaj.com,60.00,CNY,2023-12-21,2026-12-21
2026-09-09 17:05:35,210584,xjszwy.com,60.00,CNY,2023-12-21,2026-12-21
2026-09-09 17:05:35,210584,dzyfzx.com,60.00,CNY,2023-12-21,2026-12-21
2026-09-09 17:05:35,210584,fzwls.com,60.00,CNY,2023-12-22,2026-12-22
2026-09-09 17:05:35,210584,clcwz.com,60.00,CNY,2023-12-19,2026-12-19
2026-09-09 17:05:35,210584,sqcgfw.com,60.00,CNY,2023-12-25,2026-12-25
2026-09-09 17:05:35,210584,ghcdgg.com,60.00,CNY,2015-12-23,2026-12-23
2026-09-09 17:05:35,210584,bjtourongzilaw.com,60.00,CNY,2023-12-22,2026-12-22
2026-09-09 17:05:35,210584,lhzxnx.com,60.00,CNY,2023-12-24,2026-12-24
2026-09-09 17:05:35,210584,szfzpzx.com,60.00,CNY,2023-12-23,2026-12-23
2026-09-09 17:05:35,210584,myjyjc.com,60.00,CNY,2023-12-25,2026-12-25
2026-09-09 17:05:35,210584,qnsbshop.com,60.00,CNY,2023-12-23,2026-12-23
2026-09-09 17:05:35,210584,xjyy0851.com,60.00,CNY,2023-12-24,2026-12-24
2026-09-09 17:05:35,210584,ncrckd.com,60.00,CNY,2023-12-23,2026-12-23
2026-09-09 17:05:35,210584,hbsxgsj.com,60.00,CNY,2023-12-25,2026-12-25
2026-09-09 17:05:35,210584,happonline.com,60.00,CNY,2023-12-29,2026-12-29
2026-09-09 17:05:35,210584,cbsstlt.com,60.00,CNY,2023-12-28,2026-12-28
2026-09-09 17:05:35,210584,dt-notary.com,60.00,CNY,2023-12-26,2026-12-26
2026-09-09 17:05:35,210584,qdxhata.com,60.00,CNY,2023-12-26,2026-12-26
2026-09-09 17:05:35,210584,zyztl.com,60.00,CNY,2023-12-31,2026-12-31
2026-09-09 17:05:35,210584,stwsfyz.com,60.00,CNY,2023-12-30,2026-12-30
2026-09-09 17:05:35,210584,bjbfyy.com,60.00,CNY,2023-12-26,2026-12-26
2026-09-09 17:05:35,210584,gacfdc.com,60.00,CNY,2024-01-13,2027-01-13
2026-09-09 17:05:35,210584,bxxmap.com,60.00,CNY,2024-01-18,2027-01-18
2026-09-09 17:05:35,210584,xzxwsy.com,60.00,CNY,2024-01-13,2027-01-13
2026-09-09 17:05:35,210584,syxx-moodle.com,60.00,CNY,2024-01-15,2027-01-15
2026-09-09 17:05:35,210584,hyycda.com,60.00,CNY,2024-01-13,2027-01-13
2026-09-09 17:05:35,210584,luolongzhuanli.com,60.00,CNY,2024-01-16,2027-01-16
2026-09-09 17:05:35,210584,yszynm.com,60.00,CNY,2024-01-02,2027-01-02
2026-09-09 17:05:35,210584,jsq12349.com,60.00,CNY,2024-01-17,2027-01-17
2026-09-09 17:05:35,210584,027qhit.com,60.00,CNY,2011-01-20,2027-01-20
2026-09-09 17:05:35,210584,0319-3687009.com,60.00,CNY,2016-01-20,2027-01-20
2026-09-09 17:05:35,210584,sqxxzzrmzf.com,60.00,CNY,2024-01-29,2027-01-29
2026-09-09 17:05:35,210584,lymytbc.com,60.00,CNY,2016-01-23,2027-01-23
2026-09-09 17:05:35,210584,jhjdtour.com,60.00,CNY,2024-01-21,2027-01-21
2026-09-09 17:05:35,210584,xnckxx.com,60.00,CNY,2024-02-03,2027-02-03
2026-09-09 17:05:35,210584,xmljxcxx.com,60.00,CNY,2024-02-03,2027-02-03
2026-09-09 17:05:35,210584,hrcmct.com,60.00,CNY,2024-02-03,2027-02-03
2026-09-09 17:05:35,210584,hnbszx.com,60.00,CNY,2024-02-04,2027-02-04
2026-09-09 17:05:35,210584,tza-njau.com,60.00,CNY,2024-02-02,2027-02-02
2026-09-09 17:05:35,210584,xiaocheng360.com,60.00,CNY,2018-02-06,2027-02-06
2026-09-09 17:05:35,210584,xnhlgfx.com,60.00,CNY,2024-02-18,2027-02-18
2026-09-09 17:05:35,210584,wjcsgl.com,60.00,CNY,2024-02-15,2027-02-15
2026-09-09 17:05:35,210584,tonghuaport.com,60.00,CNY,2024-02-09,2027-02-09
2026-09-09 17:05:35,210584,wcjtysj.com,60.00,CNY,2024-02-07,2027-02-07
2026-09-09 17:05:35,210584,zjxwsj.com,60.00,CNY,2024-02-18,2027-02-18
2026-09-09 17:05:35,210584,rsxgzj.com,60.00,CNY,2024-02-08,2027-02-08
2026-09-09 17:05:35,210584,shujulifang.com,60.00,CNY,2024-02-19,2027-02-19
2026-09-09 17:05:35,210584,lsqjtj.com,60.00,CNY,2024-02-06,2027-02-06
2026-09-09 17:05:35,210584,bzzwsy.com,60.00,CNY,2024-02-19,2027-02-19
2026-09-09 17:05:35,210584,gzddy.com,60.00,CNY,2024-02-15,2027-02-15
2026-09-09 17:05:35,210584,douyamuwu.com,60.00,CNY,2019-02-19,2027-02-19
2026-09-09 17:05:35,210584,getzdh.com,60.00,CNY,2021-02-18,2027-02-18
2026-09-09 17:05:35,210584,bmyxsm.com,60.00,CNY,2020-02-17,2027-02-17
2026-09-09 17:05:35,210584,hnjslby.com,60.00,CNY,2019-02-21,2027-02-21
2026-09-09 17:05:35,210584,njgbmpc.com,60.00,CNY,2021-02-22,2027-02-22
2026-09-09 17:05:35,210584,jycbzx.com,60.00,CNY,2024-02-21,2027-02-21
2026-09-09 17:05:35,210584,qlhqyjpjd.com,60.00,CNY,2024-02-22,2027-02-22
2026-09-09 17:05:35,210584,itangwai.com,60.00,CNY,2024-02-21,2027-02-21
2026-09-09 17:05:35,210584,shntsps.com,60.00,CNY,2024-03-03,2027-03-03
2026-09-09 17:05:35,210584,weilinv.com,60.00,CNY,2019-03-03,2027-03-03
2026-09-09 17:05:35,210584,dznjxzjz.com,60.00,CNY,2024-02-29,2027-03-01
2026-09-09 17:05:35,210584,yixianxzt.com,60.00,CNY,2021-03-01,2027-03-01
2026-09-09 17:05:35,210584,sljyy999.com,60.00,CNY,2024-03-01,2027-03-01
2026-09-09 17:05:35,210584,0592huchou.com,60.00,CNY,2024-03-02,2027-03-02
2026-09-09 17:05:35,210584,xclyxt.com,60.00,CNY,2024-03-02,2027-03-02
2026-09-09 17:05:35,210584,sdwfrmyy.com,60.00,CNY,2024-03-17,2027-03-17
2026-09-09 17:05:35,210584,nwzxyey.com,60.00,CNY,2024-03-14,2027-03-14
2026-09-09 17:05:35,210584,hfhljyyey.com,60.00,CNY,2024-03-17,2027-03-17
2026-09-09 17:05:35,210584,hahyxx.com,60.00,CNY,2024-03-14,2027-03-14
2026-09-09 17:05:35,210584,8332323.com,60.00,CNY,2024-03-17,2027-03-17
2026-09-09 17:05:35,210584,sywxzx.com,60.00,CNY,2024-03-17,2027-03-17
2026-09-09 17:05:35,210584,xgskfqcdpcs.com,60.00,CNY,2024-03-14,2027-03-14
2026-09-09 17:05:35,210584,mzszjj.com,60.00,CNY,2024-03-18,2027-03-18
2026-09-09 17:05:35,210584,jxdydmyey.com,60.00,CNY,2024-03-14,2027-03-14
2026-09-09 17:05:35,210584,lcdstax.com,60.00,CNY,2024-03-17,2027-03-17
2026-09-09 17:05:35,210584,edonggs.com,60.00,CNY,2024-03-17,2027-03-17
2026-09-09 17:05:35,210584,zgngj.com,60.00,CNY,2024-03-14,2027-03-14
2026-09-09 17:05:35,210584,yqpublic.com,60.00,CNY,2024-03-14,2027-03-14
2026-09-09 17:05:35,210584,zjicmyq.com,60.00,CNY,2024-03-17,2027-03-17
2026-09-09 17:05:35,210584,dhtsxx.com,60.00,CNY,2024-03-18,2027-03-18
2026-09-09 17:05:35,210584,mhqzy120.com,60.00,CNY,2024-03-14,2027-03-14
2026-09-09 17:05:35,210584,hgqkx.com,60.00,CNY,2024-03-14,2027-03-14
2026-09-09 17:05:35,210584,jxhmsdc.com,60.00,CNY,2024-03-14,2027-03-14
2026-09-09 17:05:35,210584,lyszhzfj.com,60.00,CNY,2024-03-14,2027-03-14
2026-09-09 17:05:35,210584,xffcgl.com,60.00,CNY,2024-03-17,2027-03-17
2026-09-09 17:05:35,210584,yxdsxx.com,60.00,CNY,2024-03-14,2027-03-14
2026-09-09 17:05:35,210584,gzdk108.com,60.00,CNY,2024-03-18,2027-03-18
2026-09-09 17:05:35,210584,yushudata.com,60.00,CNY,2018-03-24,2027-03-24
2026-09-09 17:05:35,210584,jiexiuzz.com,60.00,CNY,2024-03-14,2027-03-14
2026-09-09 17:05:35,210584,cz12329.com,60.00,CNY,2024-03-18,2027-03-18
2026-09-09 17:05:35,210584,cxythzx.com,60.00,CNY,2024-03-18,2027-03-18
2026-09-09 17:05:35,210584,shandongtudi.com,60.00,CNY,2024-03-13,2027-03-13
2026-09-09 17:05:35,210584,xucsh.com,60.00,CNY,2024-03-18,2027-03-18
2026-09-09 17:05:35,210584,mdqdsxx.com,60.00,CNY,2024-03-17,2027-03-17
2026-09-09 17:05:35,210584,hbsghlc.com,60.00,CNY,2024-03-17,2027-03-17
2026-09-09 17:05:35,210584,zgfhongmu.com,60.00,CNY,2019-03-27,2027-03-27
2026-09-09 17:05:35,210584,dqxgzc.com,60.00,CNY,2024-03-17,2027-03-17
2026-09-09 17:05:35,210584,zgxjgb.com,60.00,CNY,2024-03-14,2027-03-14
2026-09-09 17:05:35,210584,bperz.com,60.00,CNY,2024-03-25,2027-03-25
2026-09-09 17:05:35,210584,jszfd.com,60.00,CNY,2024-04-02,2027-04-02
2026-09-09 17:05:35,210584,itcserwis.com,60.00,CNY,2024-04-02,2027-04-02
2026-09-09 17:05:35,210584,zmdajjzgs.com,60.00,CNY,2020-04-02,2027-04-02
2026-09-09 17:05:35,210584,cqyayuan.com,60.00,CNY,2016-04-05,2027-04-05
2026-09-09 17:05:35,210584,tymqnq.com,60.00,CNY,2019-04-06,2027-04-06
2026-09-09 17:05:35,210584,xtsfxj.com,60.00,CNY,2024-04-06,2027-04-06
2026-09-09 17:05:35,210584,gx-nskj.com,60.00,CNY,2020-04-07,2027-04-07
2026-09-09 17:05:35,210584,hsjrpx.com,60.00,CNY,2019-04-09,2027-04-09
2026-09-09 17:05:35,210584,hongshihotel.com,60.00,CNY,2018-04-09,2027-04-09
2026-09-09 17:05:35,210584,jinan-alu.com,60.00,CNY,2023-04-14,2027-04-14
2026-09-09 17:05:35,210584,investharbin.com,60.00,CNY,2024-04-15,2027-04-15
2026-09-09 17:05:35,210584,jlhdsz.com,60.00,CNY,2024-04-15,2027-04-15
2026-09-09 17:05:35,210584,dgrhzdhjx.com,60.00,CNY,2017-04-15,2027-04-15
2026-09-09 17:05:35,210584,akyhzxyynk.com,60.00,CNY,2019-04-16,2027-04-16
2026-09-09 17:05:35,210584,gyxyjjy.com,60.00,CNY,2018-04-17,2027-04-17
2026-09-09 17:05:35,210584,yixianweibo.com,60.00,CNY,2019-04-18,2027-04-18
2026-09-09 17:05:35,210584,168jiazheng.com,60.00,CNY,2017-04-18,2027-04-18
2026-09-09 17:05:35,210584,365betzuqiu.com,60.00,CNY,2024-04-12,2027-04-12
2026-09-09 17:05:35,210584,szxyt88.com,60.00,CNY,2017-04-20,2027-04-20
2026-09-09 17:05:35,210584,chenxinger.com,60.00,CNY,2019-04-20,2027-04-20
2026-09-09 17:05:35,210584,qiuteer.com,60.00,CNY,2018-04-23,2027-04-23
2026-09-09 17:05:35,210584,zhuoxijob.com,60.00,CNY,2019-04-22,2027-04-22
2026-09-09 17:05:35,210584,hfjxyj.com,60.00,CNY,2024-04-25,2027-04-25
2026-09-09 17:05:35,210584,jchg1688.com,60.00,CNY,2019-04-23,2027-04-23
2026-09-09 17:05:35,210584,hahbxx.com,60.00,CNY,2024-04-24,2027-04-24
2026-09-09 17:05:35,210584,gulinglobal.com,60.00,CNY,2021-07-09,2027-07-09
2026-09-09 17:05:35,210584,pchsxx.com,60.00,CNY,2024-06-21,2027-06-21
2026-09-09 17:05:35,210584,cqqsfq.com,60.00,CNY,2024-06-20,2027-06-20
2026-09-09 17:05:35,210584,fsyc88.com,60.00,CNY,2020-06-20,2027-06-20
2026-09-09 17:05:35,210584,zsgo5.com,60.00,CNY,2024-06-17,2027-06-17
2026-09-09 17:05:35,210584,js17871.com,60.00,CNY,2024-06-14,2027-06-14
2026-09-09 17:05:35,210584,bszsj.com,60.00,CNY,2024-06-14,2027-06-14
2026-09-09 17:05:35,210584,hxqts.com,60.00,CNY,2024-06-14,2027-06-14
2026-09-09 17:05:35,210584,gdshengtian168.com,60.00,CNY,2019-06-11,2027-06-11
2026-09-09 17:05:35,210584,xczssy.com,60.00,CNY,2017-06-12,2027-06-12
2026-09-09 17:05:35,210584,dqhywz.com,60.00,CNY,2024-06-16,2027-06-16
2026-09-09 17:05:35,210584,866qj.com,60.00,CNY,2020-07-29,2027-07-29
2026-09-09 17:05:35,210584,hldxl.com,60.00,CNY,2012-07-31,2027-07-31
2026-09-09 17:05:35,210584,kaifengtianlin.com,60.00,CNY,2020-07-26,2027-07-26
2026-09-09 17:05:35,210584,hubeikunlun.com,60.00,CNY,2019-07-25,2027-07-25
2026-09-09 17:05:35,210584,ke1000.com,60.00,CNY,2017-07-27,2027-07-27
2026-09-09 17:05:35,210584,lscy168.com,60.00,CNY,2019-07-19,2027-07-19
2026-09-09 17:05:35,210584,zhongyichangyan.com,60.00,CNY,2021-07-19,2027-07-19
2026-09-09 17:05:35,210584,huijio.com,60.00,CNY,2020-07-21,2027-07-21
2026-09-09 17:05:35,210584,zghanque.com,60.00,CNY,2021-07-20,2027-07-20
2026-09-09 17:05:35,210584,hswdjm.com,60.00,CNY,2019-07-17,2027-07-17
2026-09-09 17:05:35,210584,xtyhmz.com,60.00,CNY,2024-07-18,2027-07-18
2026-09-09 17:05:35,210584,luyangbj.com,60.00,CNY,2019-07-18,2027-07-18
2026-09-09 17:05:35,210584,niuniuhy.com,60.00,CNY,2021-07-20,2027-07-20
2026-09-09 17:05:35,210584,xuemeij.com,60.00,CNY,2020-07-17,2027-07-17
2026-09-09 17:05:35,210584,wanpaoche.com,60.00,CNY,2018-07-13,2027-07-13
2026-09-09 17:05:35,210584,nxjiushengmuye.com,60.00,CNY,2020-07-13,2027-07-13
2026-09-09 17:05:35,210584,fudinghb.com,60.00,CNY,2016-07-15,2027-07-15
2026-09-09 17:05:35,210584,huishuangbiao.com,60.00,CNY,2020-07-15,2027-07-15
2026-09-09 17:05:35,210584,cnpcffbw.com,60.00,CNY,2024-07-10,2027-07-10
2026-09-09 17:05:35,210584,sxqxgxzx.com,60.00,CNY,2024-07-10,2027-07-10
2026-09-09 17:05:35,210584,cssjyypt.com,60.00,CNY,2024-07-10,2027-07-10
2026-09-09 17:05:35,210584,hmfcx.com,60.00,CNY,2024-07-10,2027-07-10
2026-09-09 17:05:35,210584,qinglonghe.com,60.00,CNY,2024-07-09,2027-07-09
2026-09-09 17:05:35,210584,ccatjun.com,60.00,CNY,2020-07-09,2027-07-09
2026-09-09 17:05:35,210584,expresscourts.com,60.00,CNY,2015-07-01,2027-07-01
2026-09-09 17:05:35,210584,lszwsy.com,60.00,CNY,2024-07-08,2027-07-08
2026-09-09 17:05:35,210584,bmjarchmodel.com,60.00,CNY,2024-07-01,2027-07-01
2026-09-09 17:05:35,210584,pyxytxx.com,60.00,CNY,2024-06-29,2027-06-29
2026-09-09 17:05:35,210584,thftzxx.com,60.00,CNY,2024-06-29,2027-06-29
2026-09-09 17:05:35,210584,nprzswkj.com,60.00,CNY,2019-06-26,2027-06-26
2026-09-09 17:05:35,210584,hz-ruide.com,60.00,CNY,2017-09-03,2027-09-03
2026-09-09 17:05:35,210584,tianbeishiju.com,60.00,CNY,2018-09-06,2027-09-06
2026-09-09 17:05:35,210584,yonghuass.com,60.00,CNY,2023-09-09,2027-09-09
2026-09-09 17:05:35,210584,xiyuanhuanbao.com,60.00,CNY,2019-09-10,2027-09-10
2026-09-09 17:05:53,210584,ycjsjxxx.com,80.00,CNY,2023-02-03,2027-02-03
2026-09-09 17:05:53,210584,ptflz.com,80.00,CNY,2023-02-04,2027-02-04
2026-09-09 17:05:53,210584,aizhongmei.com,80.00,CNY,2021-02-04,2027-02-04
2026-09-09 17:05:53,210584,sjsgdzx.com,80.00,CNY,2023-02-04,2027-02-04
2026-09-09 17:05:53,210584,eddaloaded.com,80.00,CNY,2019-02-01,2027-02-01
2026-09-09 17:05:53,210584,wonderwillows.com,80.00,CNY,2020-02-01,2027-02-01
2026-09-09 17:05:53,210584,kmszfey.com,80.00,CNY,2023-02-01,2027-02-01
2026-09-09 17:05:53,210584,easysetng.com,80.00,CNY,2020-02-01,2027-02-01
2026-09-09 17:05:53,210584,mgcxx.com,80.00,CNY,2023-02-03,2027-02-03
2026-09-09 17:05:53,210584,hgsrf.com,80.00,CNY,2023-02-04,2027-02-04
2026-09-09 17:05:53,210584,ddyunmenghu.com,80.00,CNY,2021-02-04,2027-02-04
2026-09-09 17:05:53,210584,shbeiyinuo.com,80.00,CNY,2023-02-01,2027-02-01
2026-09-09 17:05:53,210584,china-tigertools.com,80.00,CNY,2022-03-31,2027-03-31
2026-09-09 17:05:53,210584,juliewilsonphotos.com,80.00,CNY,2022-03-29,2027-03-29
2026-09-09 17:05:53,210584,ijn509.com,80.00,CNY,2023-03-29,2027-03-29
2026-09-09 17:05:53,210584,momsbored.com,80.00,CNY,2023-03-29,2027-03-29
2026-09-09 17:05:53,210584,um200.com,80.00,CNY,2022-03-28,2027-03-28
2026-09-09 17:05:53,210584,xvt308.com,80.00,CNY,2023-03-28,2027-03-28
2026-09-09 17:05:53,210584,hingwah-auto.com,80.00,CNY,2022-03-28,2027-03-28
2026-09-09 17:05:53,210584,aeramaju.com,80.00,CNY,2023-03-29,2027-03-29
2026-09-09 17:05:53,210584,yassstw.com,80.00,CNY,2022-03-28,2027-03-28
2026-09-09 17:05:53,210584,setanonline.com,80.00,CNY,2023-03-28,2027-03-28
2026-09-09 17:05:53,210584,rinsetek.com,80.00,CNY,2023-03-28,2027-03-28
2026-09-09 17:05:53,210584,gotravel-vietnam.com,80.00,CNY,2022-03-28,2027-03-28
2026-09-09 17:05:53,210584,uek305.com,80.00,CNY,2023-03-28,2027-03-28
2026-09-09 17:05:53,210584,garazstakaritas.com,80.00,CNY,2022-03-29,2027-03-29
2026-09-09 17:05:53,210584,zug257.com,80.00,CNY,2023-03-28,2027-03-28
2026-09-09 17:05:53,210584,sjg530.com,80.00,CNY,2023-03-29,2027-03-29
2026-09-09 17:05:53,210584,nji307.com,80.00,CNY,2023-03-29,2027-03-29
2026-09-09 17:05:53,210584,lch392.com,80.00,CNY,2023-03-28,2027-03-28
2026-09-09 17:05:53,210584,tns519.com,80.00,CNY,2023-03-28,2027-03-28
2026-09-09 17:05:53,210584,lgf728.com,80.00,CNY,2023-03-29,2027-03-29
2026-09-09 17:05:53,210584,cwbuk.com,80.00,CNY,2023-03-28,2027-03-28
2026-09-09 17:05:53,210584,molongwenhua.com,80.00,CNY,2022-03-28,2027-03-28
2026-09-09 17:05:53,210584,zenrivergroephaarlem.com,80.00,CNY,2022-03-28,2027-03-28
2026-09-09 17:05:53,210584,sjh129.com,80.00,CNY,2023-03-28,2027-03-28
2026-09-09 17:05:53,210584,zum385.com,80.00,CNY,2023-03-28,2027-03-28
2026-09-09 17:05:53,210584,spbud.com,80.00,CNY,2023-03-28,2027-03-28
2026-09-09 17:05:53,210584,maz262.com,80.00,CNY,2023-03-28,2027-03-28
2026-09-09 17:05:53,210584,techmagseven.com,80.00,CNY,2022-03-29,2027-03-29
2026-09-09 17:05:53,210584,crumbsofexpression.com,80.00,CNY,2022-03-28,2027-03-28
2026-09-09 17:05:53,210584,velveteenprints.com,80.00,CNY,2022-03-28,2027-03-28
2026-09-09 17:05:53,210584,inmogmpremium.com,80.00,CNY,2022-03-28,2027-03-28
2026-09-09 17:05:53,210584,destiniakef.com,80.00,CNY,2022-03-29,2027-03-29
2026-09-09 17:05:53,210584,shopesv.com,80.00,CNY,2023-03-28,2027-03-28
2026-09-09 17:05:53,210584,dfzhuangshicl.com,80.00,CNY,2022-03-28,2027-03-28
2026-09-09 17:05:53,210584,sourceball.com,80.00,CNY,2023-03-28,2027-03-28
2026-09-09 17:05:53,210584,good4451.com,80.00,CNY,2022-03-28,2027-03-28
2026-09-09 17:05:53,210584,thomasfshinelawblog.com,80.00,CNY,2022-03-28,2027-03-28
2026-09-09 17:05:53,210584,shopesve.com,80.00,CNY,2023-03-28,2027-03-28
2026-09-09 17:05:53,210584,sandibard.com,80.00,CNY,2022-03-29,2027-03-29
2026-09-09 17:05:53,210584,scigroupbreaks.com,80.00,CNY,2022-03-29,2027-03-29
2026-09-09 17:05:53,210584,xddushu.com,80.00,CNY,2023-04-03,2027-04-03
2026-09-09 17:05:53,210584,tonystvandvideo.com,80.00,CNY,2011-03-30,2027-03-30
2026-09-09 17:05:53,210584,ortaklarcaddesi-cilingir.com,80.00,CNY,2022-03-30,2027-03-30
2026-09-09 17:05:53,210584,shouyhui.com,80.00,CNY,2023-03-30,2027-03-30
2026-09-09 17:05:53,210584,gzmbwl.com,80.00,CNY,2016-03-29,2027-03-29
2026-09-09 17:05:53,210584,5592263.com,80.00,CNY,2022-03-31,2027-03-31
2026-09-09 17:05:53,210584,naglebooks.com,80.00,CNY,2022-03-31,2027-03-31
2026-09-09 17:05:53,210584,atelierlacanea.com,80.00,CNY,2022-03-30,2027-03-30
2026-09-09 17:05:53,210584,suzukipioneer.com,80.00,CNY,2022-03-30,2027-03-30
2026-09-09 17:05:53,210584,ulu520.com,80.00,CNY,2023-03-30,2027-03-30
2026-09-09 17:05:53,210584,txbowhunt.com,80.00,CNY,2023-03-30,2027-03-30
2026-09-09 17:05:53,210584,firstflightpreschool.com,80.00,CNY,2022-03-30,2027-03-30
2026-09-09 17:05:53,210584,nails-soara.com,80.00,CNY,2022-03-31,2027-03-31
2026-09-09 17:05:53,210584,zetajax.com,80.00,CNY,2023-03-29,2027-03-29
2026-09-09 17:05:53,210584,miriamandsean.com,80.00,CNY,2022-03-31,2027-03-31
2026-09-09 17:05:53,210584,zeskyiszelimite.com,80.00,CNY,2022-03-30,2027-03-30
2026-09-09 17:05:53,210584,svn206.com,80.00,CNY,2023-03-30,2027-03-30
2026-09-09 17:05:53,210584,dkntyj.com,80.00,CNY,2017-03-30,2027-03-30
2026-09-09 17:05:53,210584,bap818.com,80.00,CNY,2023-03-30,2027-03-30
2026-09-09 17:05:53,210584,helmtone.com,80.00,CNY,2023-03-30,2027-03-30
2026-09-09 17:05:53,210584,jenniferbravo.com,80.00,CNY,2014-03-29,2027-03-29
2026-09-09 17:05:53,210584,lih201.com,80.00,CNY,2023-03-31,2027-03-31
2026-09-09 17:05:53,210584,muf937.com,80.00,CNY,2023-03-30,2027-03-30
2026-09-09 17:05:53,210584,cz1008611.com,80.00,CNY,2022-03-30,2027-03-30
2026-09-09 17:05:53,210584,voa2016.com,80.00,CNY,2023-03-30,2027-03-30
2026-09-09 17:05:53,210584,sotaventcnb.com,80.00,CNY,2022-03-30,2027-03-30
2026-09-09 17:05:53,210584,urj696.com,80.00,CNY,2023-03-30,2027-03-30
2026-09-09 17:05:53,210584,jzgxmjxzxxxx.com,80.00,CNY,2023-04-10,2027-04-10
2026-09-09 17:05:53,210584,xxxxwd.com,80.00,CNY,2023-04-08,2027-04-08
2026-09-09 17:05:53,210584,edxmagnetics.com,80.00,CNY,2022-04-02,2027-04-02
2026-09-09 17:05:53,210584,weekendatwaikiki.com,80.00,CNY,2022-04-01,2027-04-01
2026-09-09 17:05:53,210584,rzr374.com,80.00,CNY,2023-04-01,2027-04-01
2026-09-09 17:05:53,210584,51yuanai.com,80.00,CNY,2016-04-04,2027-04-04
2026-09-09 17:05:53,210584,fbh150.com,80.00,CNY,2023-04-01,2027-04-01
2026-09-09 17:05:53,210584,wwwhatif.com,80.00,CNY,2023-04-04,2027-04-04
2026-09-09 17:05:53,210584,yfl526.com,80.00,CNY,2023-04-01,2027-04-01
2026-09-09 17:05:53,210584,deepaktrehanphotography.com,80.00,CNY,2022-04-02,2027-04-02
2026-09-09 17:05:53,210584,seliniwater.com,80.00,CNY,2022-03-31,2027-03-31
2026-09-09 17:05:53,210584,niarnetwork.com,80.00,CNY,2022-04-03,2027-04-03
2026-09-09 17:05:53,210584,ebs892.com,80.00,CNY,2023-04-02,2027-04-02
2026-09-09 17:05:53,210584,chatakrkonose.com,80.00,CNY,2022-04-01,2027-04-01
2026-09-09 17:05:53,210584,laurieannequere.com,80.00,CNY,2022-04-02,2027-04-02
2026-09-09 17:05:53,210584,kartalagri.com,80.00,CNY,2023-03-31,2027-03-31
2026-09-09 17:05:53,210584,bjw385.com,80.00,CNY,2023-04-01,2027-04-01
2026-09-09 17:05:53,210584,bonzaidecoration.com,80.00,CNY,2022-04-01,2027-04-01
2026-09-09 17:05:53,210584,thedohertyfiles.com,80.00,CNY,2022-04-01,2027-04-01
2026-09-09 17:05:53,210584,sharebilbao.com,80.00,CNY,2022-03-31,2027-03-31
2026-09-09 17:05:53,210584,declic-import.com,80.00,CNY,2022-04-02,2027-04-02
2026-09-09 17:05:53,210584,sunlegendcruise.com,80.00,CNY,2022-03-31,2027-03-31
2026-09-09 17:05:53,210584,kuo918.com,80.00,CNY,2023-04-01,2027-04-01
2026-09-09 17:05:53,210584,therealmeplus3.com,80.00,CNY,2022-04-01,2027-04-01
2026-09-09 17:05:53,210584,ontarioatvtours.com,80.00,CNY,2011-04-01,2027-04-01
2026-09-09 17:05:53,210584,johnedwinphelps.com,80.00,CNY,2022-04-04,2027-04-04
2026-09-09 17:05:53,210584,fotiadisparts.com,80.00,CNY,2022-04-01,2027-04-01
2026-09-09 17:05:53,210584,yvz363.com,80.00,CNY,2023-04-01,2027-04-01
2026-09-09 17:05:53,210584,nolapropertyprep.com,80.00,CNY,2022-04-01,2027-04-01
2026-09-09 17:05:53,210584,sheezatees.com,80.00,CNY,2023-03-31,2027-03-31
2026-09-09 17:05:53,210584,auu665.com,80.00,CNY,2023-04-01,2027-04-01
2026-09-09 17:05:53,210584,ylp159.com,80.00,CNY,2023-04-01,2027-04-01
2026-09-09 17:05:53,210584,crb603.com,80.00,CNY,2023-04-03,2027-04-03
2026-09-09 17:05:53,210584,mochengyanliu.com,80.00,CNY,2021-04-01,2027-04-01
2026-09-09 17:05:53,210584,cascatadossonhos.com,80.00,CNY,2022-04-01,2027-04-01
2026-09-09 17:05:53,210584,pgs796.com,80.00,CNY,2023-03-31,2027-03-31
2026-09-09 17:05:53,210584,t-shirtuv.com,80.00,CNY,2017-04-02,2027-04-02
2026-09-09 17:05:53,210584,bfl984.com,80.00,CNY,2023-04-01,2027-04-01
2026-09-09 17:05:53,210584,backyetforward.com,80.00,CNY,2015-04-01,2027-04-01
2026-09-09 17:05:53,210584,paulrwilsonjr.com,80.00,CNY,2022-04-02,2027-04-02
2026-09-09 17:05:53,210584,etsygiveaways.com,80.00,CNY,2022-04-02,2027-04-02
2026-09-09 17:05:53,210584,wyamo.com,80.00,CNY,2022-04-02,2027-04-02
2026-09-09 17:05:53,210584,thenorthwestmeccaradio.com,80.00,CNY,2016-04-03,2027-04-03
2026-09-09 17:05:53,210584,lylfs.com,80.00,CNY,2023-04-02,2027-04-02
2026-09-09 17:05:53,210584,augustamilitia.com,80.00,CNY,2022-04-02,2027-04-02
2026-09-09 17:05:53,210584,prj759.com,80.00,CNY,2023-03-31,2027-03-31
2026-09-09 17:05:53,210584,phamhaquyen.com,80.00,CNY,2022-04-02,2027-04-02
2026-09-09 17:05:53,210584,tianranliangpin.com,80.00,CNY,2022-03-31,2027-03-31
2026-09-09 17:05:53,210584,angielskinawyspach.com,80.00,CNY,2022-04-02,2027-04-02
2026-09-09 17:05:53,210584,aajakoshiksha.com,80.00,CNY,2022-04-02,2027-04-02
2026-09-09 17:05:53,210584,rep674.com,80.00,CNY,2023-04-01,2027-04-01
2026-09-09 17:05:53,210584,startimpresa.com,80.00,CNY,2022-04-01,2027-04-01
2026-09-09 17:05:53,210584,drewmartinpercussion.com,80.00,CNY,2022-04-02,2027-04-02
2026-09-09 17:05:53,210584,pmr849.com,80.00,CNY,2023-04-03,2027-04-03
2026-09-09 17:05:53,210584,nanyang-teahouse.com,80.00,CNY,2017-04-04,2027-04-04
2026-09-09 17:05:53,210584,monsieurhonda.com,80.00,CNY,2022-04-02,2027-04-02
2026-09-09 17:05:53,210584,adrianopetta.com,80.00,CNY,2006-04-04,2027-04-04
2026-09-09 17:05:53,210584,set-de-jazz.com,80.00,CNY,2022-04-02,2027-04-02
2026-09-09 17:05:53,210584,yaf238.com,80.00,CNY,2023-03-31,2027-03-31
2026-09-09 17:05:53,210584,wvm356.com,80.00,CNY,2023-04-01,2027-04-01
2026-09-09 17:05:53,210584,paloulmedia.com,80.00,CNY,2022-03-31,2027-03-31
2026-09-09 17:05:53,210584,ikp851.com,80.00,CNY,2023-04-02,2027-04-02
2026-09-09 17:05:53,210584,arlie-consulting.com,80.00,CNY,2022-04-01,2027-04-01
2026-09-09 17:05:53,210584,yushengnanyin.com,80.00,CNY,2021-04-01,2027-04-01
2026-09-09 17:05:53,210584,spookyandjames.com,80.00,CNY,2022-04-01,2027-04-01
2026-09-09 17:05:53,210584,zjlqcl.com,80.00,CNY,2023-04-03,2027-04-03
2026-09-09 17:05:53,210584,psr201.com,80.00,CNY,2023-04-01,2027-04-01
2026-09-09 17:05:53,210584,jtr867.com,80.00,CNY,2023-04-01,2027-04-01
2026-09-09 17:05:53,210584,tjj102.com,80.00,CNY,2023-04-01,2027-04-01
2026-09-09 17:05:53,210584,pig593.com,80.00,CNY,2023-04-01,2027-04-01
2026-09-09 17:05:53,210584,pzx302.com,80.00,CNY,2023-04-01,2027-04-01
2026-09-09 17:05:53,210584,owlpedia.com,80.00,CNY,2022-04-07,2027-04-07
2026-09-09 17:05:53,210584,xiaomid.com,80.00,CNY,2021-04-05,2027-04-05
2026-09-09 17:05:53,210584,robertnitsch.com,80.00,CNY,2022-04-06,2027-04-06
2026-09-09 17:05:53,210584,jlswb.com,80.00,CNY,2023-04-06,2027-04-06
2026-09-09 17:05:53,210584,tpe793.com,80.00,CNY,2023-04-06,2027-04-06
2026-09-09 17:05:53,210584,jwshb.com,80.00,CNY,2023-04-06,2027-04-06
2026-09-09 17:05:53,210584,efm413.com,80.00,CNY,2023-04-06,2027-04-06
2026-09-09 17:05:53,210584,globalcapitalcompany.com,80.00,CNY,2022-04-07,2027-04-07
2026-09-09 17:05:53,210584,juristree.com,80.00,CNY,2023-04-06,2027-04-06
2026-09-09 17:05:53,210584,cqdyzt.com,80.00,CNY,2021-04-06,2027-04-06
2026-09-09 17:05:53,210584,cis523.com,80.00,CNY,2023-04-07,2027-04-07
2026-09-09 17:05:53,210584,jldxb.com,80.00,CNY,2023-04-06,2027-04-06
2026-09-09 17:05:53,210584,dipiw.com,80.00,CNY,2022-04-07,2027-04-07
2026-09-09 17:05:53,210584,freshstartfuturity.com,80.00,CNY,2022-04-05,2027-04-05
2026-09-09 17:05:53,210584,songforeveryoccasion.com,80.00,CNY,2022-04-06,2027-04-06
2026-09-09 17:05:53,210584,dizhibang.com,80.00,CNY,2022-04-05,2027-04-05
2026-09-09 17:05:53,210584,jzbqb.com,80.00,CNY,2023-04-06,2027-04-06
2026-09-09 17:05:53,210584,ymh948.com,80.00,CNY,2023-04-05,2027-04-05
2026-09-09 17:05:53,210584,d4t4v1z.com,80.00,CNY,2022-04-05,2027-04-05
2026-09-09 17:05:53,210584,jgnzb.com,80.00,CNY,2023-04-06,2027-04-06
2026-09-09 17:05:53,210584,yow642.com,80.00,CNY,2023-04-06,2027-04-06
2026-09-09 17:05:53,210584,itsallcosmic.com,80.00,CNY,2010-04-06,2027-04-06
2026-09-09 17:05:53,210584,geekrises.com,80.00,CNY,2022-04-05,2027-04-05
2026-09-09 17:05:53,210584,ucy752.com,80.00,CNY,2023-04-05,2027-04-05
2026-09-09 17:05:53,210584,phulieukimlong.com,80.00,CNY,2022-04-06,2027-04-06
2026-09-09 17:05:53,210584,2933zx.com,80.00,CNY,2020-04-06,2027-04-06
2026-09-09 17:05:53,210584,mp-ck.com,80.00,CNY,2023-04-07,2027-04-07
2026-09-09 17:05:53,210584,von364.com,80.00,CNY,2023-04-12,2027-04-12
2026-09-09 17:05:53,210584,tobinacademy.com,80.00,CNY,2023-04-11,2027-04-11
2026-09-09 17:05:53,210584,ots507.com,80.00,CNY,2023-04-12,2027-04-12
2026-09-09 17:05:53,210584,nhl765.com,80.00,CNY,2023-04-12,2027-04-12
2026-09-09 17:05:53,210584,elleandellieco.com,80.00,CNY,2017-04-13,2027-04-13
2026-09-09 17:05:53,210584,yinzb.com,80.00,CNY,2016-04-08,2027-04-08
2026-09-09 17:05:53,210584,fpo282.com,80.00,CNY,2023-04-12,2027-04-12
2026-09-09 17:05:53,210584,zaw562.com,80.00,CNY,2023-04-13,2027-04-13
2026-09-09 17:05:53,210584,zfu820.com,80.00,CNY,2023-04-12,2027-04-12
2026-09-09 17:05:53,210584,pastatuvaldymas.com,80.00,CNY,2022-04-11,2027-04-11
2026-09-09 17:05:53,210584,heatherrosellidesigns.com,80.00,CNY,2022-04-07,2027-04-07
2026-09-09 17:05:53,210584,eof301.com,80.00,CNY,2023-04-12,2027-04-12
2026-09-09 17:05:53,210584,dakamiskin.com,80.00,CNY,2022-04-10,2027-04-10
2026-09-09 17:05:53,210584,christanpember.com,80.00,CNY,2022-04-10,2027-04-10
2026-09-09 17:05:53,210584,mcf824.com,80.00,CNY,2023-04-12,2027-04-12
2026-09-09 17:05:53,210584,thephotofoundry.com,80.00,CNY,2022-04-12,2027-04-12
2026-09-09 17:05:53,210584,mirabellesi.com,80.00,CNY,2023-04-09,2027-04-09
2026-09-09 17:05:53,210584,unoduefood.com,80.00,CNY,2022-04-12,2027-04-12
2026-09-09 17:05:53,210584,kxa103.com,80.00,CNY,2023-04-08,2027-04-08
2026-09-09 17:05:53,210584,zhangqiroubing.com,80.00,CNY,2023-04-10,2027-04-10
2026-09-09 17:05:53,210584,jardinerosenmadrid.com,80.00,CNY,2022-04-11,2027-04-11
2026-09-09 17:05:53,210584,dvu680.com,80.00,CNY,2023-04-12,2027-04-12
2026-09-09 17:05:53,210584,mxszmy.com,80.00,CNY,2023-04-13,2027-04-13
2026-09-09 17:05:53,210584,oyd782.com,80.00,CNY,2023-04-11,2027-04-11
2026-09-09 17:05:53,210584,wfwulianwang.com,80.00,CNY,2022-04-12,2027-04-12
2026-09-09 17:05:53,210584,thf472.com,80.00,CNY,2023-04-12,2027-04-12
2026-09-09 17:05:53,210584,dongpingfanxiejiao.com,80.00,CNY,2023-04-08,2027-04-08
2026-09-09 17:05:53,210584,kps720.com,80.00,CNY,2023-04-13,2027-04-13
2026-09-09 17:05:53,210584,kozmetickilavanda.com,80.00,CNY,2021-04-07,2027-04-07
2026-09-09 17:05:53,210584,mwv747.com,80.00,CNY,2023-04-13,2027-04-13
2026-09-09 17:05:53,210584,number1arcade.com,80.00,CNY,2022-04-11,2027-04-11
2026-09-09 17:05:53,210584,gwn317.com,80.00,CNY,2023-04-12,2027-04-12
2026-09-09 17:05:53,210584,de-saintsviewmusic.com,80.00,CNY,2022-04-09,2027-04-09
2026-09-09 17:05:53,210584,ankarahotpointservisi.com,80.00,CNY,2016-04-13,2027-04-13
2026-09-09 17:05:53,210584,mluote.com,80.00,CNY,2017-04-13,2027-04-13
2026-09-09 17:05:53,210584,ksh250.com,80.00,CNY,2023-04-07,2027-04-07
2026-09-09 17:05:53,210584,kfe102.com,80.00,CNY,2023-04-12,2027-04-12
2026-09-09 17:05:53,210584,duongviettien.com,80.00,CNY,2022-04-10,2027-04-10
2026-09-09 17:05:53,210584,xluone.com,80.00,CNY,2016-04-10,2027-04-10
2026-09-09 17:05:53,210584,equipe-equipe.com,80.00,CNY,2022-04-09,2027-04-09
2026-09-09 17:05:53,210584,karmoydykkerklubb.com,80.00,CNY,2022-04-11,2027-04-11
2026-09-09 17:05:53,210584,tcxmgl.com,80.00,CNY,2016-04-12,2027-04-12
2026-09-09 17:05:53,210584,rka458.com,80.00,CNY,2023-04-08,2027-04-08
2026-09-09 17:05:53,210584,sdv24.com,80.00,CNY,2022-04-11,2027-04-11
2026-09-09 17:05:53,210584,lun407.com,80.00,CNY,2023-04-12,2027-04-12
2026-09-09 17:05:53,210584,heh594.com,80.00,CNY,2023-04-12,2027-04-12
2026-09-09 17:05:53,210584,zmdhyzx.com,80.00,CNY,2023-04-14,2027-04-14
2026-09-09 17:05:53,210584,tze542.com,80.00,CNY,2023-04-12,2027-04-12
2026-09-09 17:05:53,210584,thn347.com,80.00,CNY,2023-04-12,2027-04-12
2026-09-09 17:05:53,210584,zyn935.com,80.00,CNY,2023-04-08,2027-04-08
2026-09-09 17:05:53,210584,onp102.com,80.00,CNY,2023-04-12,2027-04-12
2026-09-09 17:05:53,210584,slh696.com,80.00,CNY,2023-04-13,2027-04-13
2026-09-09 17:05:53,210584,lowarchibald.com,80.00,CNY,2022-04-11,2027-04-11
2026-09-09 17:05:53,210584,jiaoshaxiweb.com,80.00,CNY,2023-04-13,2027-04-13
2026-09-09 17:05:53,210584,iyh142.com,80.00,CNY,2023-04-12,2027-04-12
2026-09-09 17:05:53,210584,kmi929.com,80.00,CNY,2023-04-13,2027-04-13
2026-09-09 17:05:53,210584,eet383.com,80.00,CNY,2023-04-07,2027-04-07
2026-09-09 17:05:53,210584,agustinali.com,80.00,CNY,2022-04-10,2027-04-10
2026-09-09 17:05:53,210584,eun595.com,80.00,CNY,2023-04-12,2027-04-12
2026-09-09 17:05:53,210584,zdy325.com,80.00,CNY,2023-04-13,2027-04-13
2026-09-09 17:05:53,210584,zmp261.com,80.00,CNY,2023-04-12,2027-04-12
2026-09-09 17:05:53,210584,paxplenitud.com,80.00,CNY,2022-04-10,2027-04-10
2026-09-09 17:05:53,210584,bentonforsenate.com,80.00,CNY,2022-04-13,2027-04-13
2026-09-09 17:05:53,210584,g-godhand.com,80.00,CNY,2023-04-10,2027-04-10
2026-09-09 17:05:53,210584,500lady.com,80.00,CNY,2023-04-13,2027-04-13
2026-09-09 17:05:53,210584,hbyfzx.com,80.00,CNY,2017-04-12,2027-04-12
2026-09-09 17:05:53,210584,yol273.com,80.00,CNY,2023-04-13,2027-04-13
2026-09-09 17:05:53,210584,gnm804.com,80.00,CNY,2023-04-12,2027-04-12
2026-09-09 17:05:53,210584,zgo954.com,80.00,CNY,2023-04-13,2027-04-13
2026-09-09 17:05:53,210584,ndz987.com,80.00,CNY,2023-04-13,2027-04-13
2026-09-09 17:05:53,210584,yfe315.com,80.00,CNY,2023-04-12,2027-04-12
2026-09-09 17:05:53,210584,paulrobertdeconinck.com,80.00,CNY,2022-04-09,2027-04-09
2026-09-09 17:05:53,210584,drqgbs.com,80.00,CNY,2023-04-08,2027-04-08
2026-09-09 17:05:53,210584,vic751.com,80.00,CNY,2023-04-12,2027-04-12
2026-09-09 17:05:53,210584,supersonictubevehicle.com,80.00,CNY,2022-04-08,2027-04-08
2026-09-09 17:05:53,210584,umh837.com,80.00,CNY,2023-04-12,2027-04-12
2026-09-09 17:05:53,210584,dovanphuc.com,80.00,CNY,2022-04-14,2027-04-14
2026-09-09 17:05:53,210584,horocode.com,80.00,CNY,2023-04-10,2027-04-10
2026-09-09 17:05:53,210584,ecz892.com,80.00,CNY,2023-04-07,2027-04-07
2026-09-09 17:05:53,210584,coe782.com,80.00,CNY,2023-04-08,2027-04-08
2026-09-09 17:05:53,210584,npu158.com,80.00,CNY,2023-04-13,2027-04-13
2026-09-09 17:05:53,210584,lnf272.com,80.00,CNY,2023-04-12,2027-04-12
2026-09-09 17:05:53,210584,rps361.com,80.00,CNY,2023-04-08,2027-04-08
2026-09-09 17:05:53,210584,pon858.com,80.00,CNY,2023-04-12,2027-04-12
2026-09-09 17:05:53,210584,ofo542.com,80.00,CNY,2023-04-07,2027-04-07
2026-09-09 17:05:53,210584,dichloi.com,80.00,CNY,2023-04-10,2027-04-10
2026-09-09 17:05:53,210584,nexusexpresscars.com,80.00,CNY,2022-04-10,2027-04-10
2026-09-09 17:05:53,210584,ivd540.com,80.00,CNY,2023-04-12,2027-04-12
2026-09-09 17:05:53,210584,xinlianchuangmei.com,80.00,CNY,2018-04-13,2027-04-13
2026-09-09 17:05:53,210584,pzt681.com,80.00,CNY,2023-04-13,2027-04-13
2026-09-09 17:05:53,210584,ggkjg.com,80.00,CNY,2023-04-15,2027-04-15
2026-09-09 17:05:53,210584,635962.com,80.00,CNY,2023-04-16,2027-04-16
2026-09-09 17:05:53,210584,jwdxg.com,80.00,CNY,2023-04-15,2027-04-15
2026-09-09 17:05:53,210584,laboiteaprint.com,80.00,CNY,2022-04-15,2027-04-15
2026-09-09 17:05:53,210584,659732.com,80.00,CNY,2023-04-16,2027-04-16
2026-09-09 17:05:53,210584,czdsjqr.com,80.00,CNY,2021-04-14,2027-04-14
2026-09-09 17:05:53,210584,651352.com,80.00,CNY,2023-04-16,2027-04-16
2026-09-09 17:05:53,210584,639312.com,80.00,CNY,2023-04-16,2027-04-16
2026-09-09 17:05:53,210584,zeniowatch.com,80.00,CNY,2022-04-14,2027-04-14
2026-09-09 17:05:53,210584,michigansyty.com,80.00,CNY,2012-04-14,2027-04-14
2026-09-09 17:05:53,210584,jkbqg.com,80.00,CNY,2023-04-15,2027-04-15
2026-09-09 17:05:53,210584,didoinha.com,80.00,CNY,2022-04-16,2027-04-16
2026-09-09 17:05:53,210584,bjrunde.com,80.00,CNY,2019-04-14,2027-04-14
2026-09-09 17:05:53,210584,kevhenderson.com,80.00,CNY,2011-04-15,2027-04-15
2026-09-09 17:05:53,210584,639772.com,80.00,CNY,2023-04-16,2027-04-16
2026-09-09 17:05:53,210584,658162.com,80.00,CNY,2023-04-16,2027-04-16
2026-09-09 17:05:53,210584,hkbcps.com,80.00,CNY,2023-04-15,2027-04-15
2026-09-09 17:05:53,210584,ingmarsannes.com,80.00,CNY,2022-04-16,2027-04-16
2026-09-09 17:05:53,210584,jtdbg.com,80.00,CNY,2023-04-15,2027-04-15
2026-09-09 17:05:53,210584,635262.com,80.00,CNY,2023-04-16,2027-04-16
2026-09-09 17:05:53,210584,657992.com,80.00,CNY,2023-04-16,2027-04-16
2026-09-09 17:05:53,210584,193182.com,80.00,CNY,2023-04-16,2027-04-16
2026-09-09 17:05:53,210584,jqzsg.com,80.00,CNY,2023-04-15,2027-04-15
2026-09-09 17:05:53,210584,aothunnq.com,80.00,CNY,2022-04-14,2027-04-14
2026-09-09 17:05:53,210584,635282.com,80.00,CNY,2023-04-16,2027-04-16
2026-09-09 17:05:53,210584,632352.com,80.00,CNY,2023-04-16,2027-04-16
2026-09-09 17:05:53,210584,623832.com,80.00,CNY,2023-04-16,2027-04-16
2026-09-09 17:05:53,210584,julieearth.com,80.00,CNY,2015-04-14,2027-04-14
2026-09-09 17:05:53,210584,639712.com,80.00,CNY,2023-04-16,2027-04-16
2026-09-09 17:05:53,210584,xjlsxm.com,80.00,CNY,2023-04-14,2027-04-14
2026-09-09 17:05:53,210584,bjpijk.com,80.00,CNY,2023-04-17,2027-04-17
2026-09-09 17:05:53,210584,gynfw.com,80.00,CNY,2023-04-17,2027-04-17
2026-09-09 17:05:53,210584,cricketmesh.com,80.00,CNY,2022-04-17,2027-04-17
2026-09-09 17:05:53,210584,671952.com,80.00,CNY,2023-04-17,2027-04-17
2026-09-09 17:05:53,210584,lcmgg.com,80.00,CNY,2023-04-17,2027-04-17
2026-09-09 17:05:53,210584,innovationresearchgroup.com,80.00,CNY,2016-04-17,2027-04-17
2026-09-09 17:05:53,210584,672962.com,80.00,CNY,2023-04-17,2027-04-17
2026-09-09 17:05:53,210584,vishalprint.com,80.00,CNY,2022-04-17,2027-04-17
2026-09-09 17:05:53,210584,675972.com,80.00,CNY,2023-04-17,2027-04-17
2026-09-09 17:05:53,210584,ldrbg.com,80.00,CNY,2023-04-17,2027-04-17
2026-09-09 17:05:53,210584,657792.com,80.00,CNY,2023-04-17,2027-04-17
2026-09-09 17:05:53,210584,queens7hotsauce.com,80.00,CNY,2022-04-17,2027-04-17
2026-09-09 17:05:53,210584,wfgqh.com,80.00,CNY,2023-04-17,2027-04-17
2026-09-09 17:05:53,210584,ytwetu.com,80.00,CNY,2023-04-17,2027-04-17
2026-09-09 17:05:53,210584,676532.com,80.00,CNY,2023-04-17,2027-04-17
2026-09-09 17:05:53,210584,671172.com,80.00,CNY,2023-04-17,2027-04-17
2026-09-09 17:05:53,210584,675352.com,80.00,CNY,2023-04-17,2027-04-17
2026-09-09 17:05:53,210584,mlygg.com,80.00,CNY,2023-04-17,2027-04-17
2026-09-09 17:05:53,210584,cheap-computing.com,80.00,CNY,2022-04-17,2027-04-17
2026-09-09 17:05:53,210584,bysdyz.com,80.00,CNY,2023-04-17,2027-04-17
2026-09-09 17:05:53,210584,bjhkij.com,80.00,CNY,2023-04-17,2027-04-17
2026-09-09 17:05:53,210584,bjhgvu.com,80.00,CNY,2023-04-17,2027-04-17
2026-09-09 17:05:53,210584,wjwzg.com,80.00,CNY,2023-04-17,2027-04-17
2026-09-09 17:05:53,210584,maslow360.com,80.00,CNY,2014-04-02,2027-04-02
2026-09-09 17:05:53,210584,nfqcgx.com,80.00,CNY,2023-05-29,2027-05-29
2026-09-09 17:05:53,210584,calendario-personalizado.com,80.00,CNY,2021-05-28,2027-05-28
2026-09-09 17:05:53,210584,085342.com,80.00,CNY,2023-05-26,2027-05-26
2026-09-09 17:05:53,210584,entreeprivee.com,80.00,CNY,2021-05-28,2027-05-28
2026-09-09 17:05:53,210584,azmshop123.com,80.00,CNY,2023-05-26,2027-05-26
2026-09-09 17:05:53,210584,ozafcmjxyu.com,80.00,CNY,2023-05-30,2027-05-30
2026-09-09 17:05:53,210584,genericlevitraprice.com,80.00,CNY,2017-05-31,2027-05-31
2026-09-09 17:05:53,210584,bbqgrillingshop.com,80.00,CNY,2021-05-28,2027-05-28
2026-09-09 17:05:53,210584,tqsgmbcitz.com,80.00,CNY,2023-05-30,2027-05-30
2026-09-09 17:05:53,210584,jstsyey.com,80.00,CNY,2023-05-26,2027-05-26
2026-09-09 17:05:53,210584,exoticcollisioncenter.com,80.00,CNY,2021-05-28,2027-05-28
2026-09-09 17:05:53,210584,acec-ums.com,80.00,CNY,2022-05-30,2027-05-30
2026-09-09 17:05:53,210584,tffayjstkl.com,80.00,CNY,2023-05-26,2027-05-26
2026-09-09 17:05:53,210584,lijddabacx.com,80.00,CNY,2023-05-26,2027-05-26
2026-09-09 17:05:53,210584,nnxsfj.com,80.00,CNY,2023-05-26,2027-05-26
2026-09-09 17:05:53,210584,gyprnkwqtf.com,80.00,CNY,2023-05-30,2027-05-30
2026-09-09 17:05:53,210584,rfczbawogf.com,80.00,CNY,2023-05-26,2027-05-26
2026-09-09 17:05:53,210584,mqpnkmijpa.com,80.00,CNY,2023-05-26,2027-05-26
2026-09-09 17:05:53,210584,ertongyake.com,80.00,CNY,2023-05-28,2027-05-28
2026-09-09 17:05:53,210584,ucncerrsje.com,80.00,CNY,2023-05-28,2027-05-28
2026-09-09 17:05:53,210584,opaubspqwg.com,80.00,CNY,2023-05-26,2027-05-26
2026-09-09 17:05:53,210584,jnyxjt.com,80.00,CNY,2023-05-31,2027-05-31
2026-09-09 17:05:53,210584,lyliangyu.com,80.00,CNY,2021-05-31,2027-05-31
2026-09-09 17:05:53,210584,denvercustomcarpentry.com,80.00,CNY,2011-05-26,2027-05-26
2026-09-09 17:05:53,210584,hfgxzx.com,80.00,CNY,2023-06-05,2027-06-05
2026-09-09 17:05:53,210584,trabajaria.com,80.00,CNY,2022-06-04,2027-06-04
2026-09-09 17:05:53,210584,hzjyyey.com,80.00,CNY,2023-06-03,2027-06-03
2026-09-09 17:05:53,210584,5877123.com,80.00,CNY,2022-06-01,2027-06-01
2026-09-09 17:05:53,210584,anxuanzaixian.com,80.00,CNY,2023-06-02,2027-06-02
2026-09-09 17:05:53,210584,lysdhz.com,80.00,CNY,2023-06-03,2027-06-03
2026-09-09 17:05:53,210584,tcsdyzx.com,80.00,CNY,2023-06-01,2027-06-01
2026-09-09 17:05:53,210584,13711117508.com,80.00,CNY,2023-06-04,2027-06-04
2026-09-09 17:05:53,210584,5877129.com,80.00,CNY,2022-06-01,2027-06-01
2026-09-09 17:05:53,210584,cqtx97.com,80.00,CNY,2020-06-06,2027-06-06
2026-09-09 17:06:05,210584,csrainbowkids.com,80.00,CNY,2015-10-18,2026-10-18
2026-09-09 17:06:05,210584,wan-grain.com,80.00,CNY,2017-10-18,2026-10-18
2026-09-09 17:06:05,210584,tianguajiang.com,80.00,CNY,2019-10-09,2026-10-09
2026-09-09 17:06:05,210584,wn500.com,80.00,CNY,2002-10-18,2026-10-18
2026-09-09 17:06:05,210584,pipivoice.com,80.00,CNY,2020-10-17,2026-10-17
2026-09-09 17:06:05,210584,leishibrothers.com,80.00,CNY,2020-10-15,2026-10-15
2026-09-09 17:06:05,210584,jxbraincontrol.com,80.00,CNY,2017-10-20,2026-10-20
2026-09-09 17:06:05,210584,gzxbpfyxyy.com,80.00,CNY,2020-10-19,2026-10-19
2026-09-09 17:06:05,210584,boaojinzhou.com,80.00,CNY,2019-10-15,2026-10-15
2026-09-09 17:06:05,210584,gzsggv.com,80.00,CNY,2022-10-09,2026-10-09
2026-09-09 17:06:05,210584,cjdylan.com,80.00,CNY,2018-10-12,2026-10-12
2026-09-09 17:06:05,210584,huhuijipin.com,80.00,CNY,2020-10-15,2026-10-15
2026-09-09 17:06:05,210584,ulootech.com,80.00,CNY,2016-10-18,2026-10-18
2026-09-09 17:06:05,210584,zhongchimall.com,80.00,CNY,2019-10-16,2026-10-16
2026-09-09 17:06:05,210584,yuanbaoxiaoshuo.com,80.00,CNY,2020-10-19,2026-10-19
2026-09-09 17:06:05,210584,jiujiupai888.com,80.00,CNY,2020-10-15,2026-10-15
2026-09-09 17:06:05,210584,guojimingmo.com,80.00,CNY,2019-10-14,2026-10-14
2026-09-09 17:06:05,210584,whhohu.com,80.00,CNY,2019-10-11,2026-10-11
2026-09-09 17:06:05,210584,shenqiar.com,80.00,CNY,2017-10-16,2026-10-16
2026-09-09 17:06:05,210584,jiaozitool.com,80.00,CNY,2020-10-14,2026-10-14
2026-09-09 17:06:05,210584,dongfeiwodong.com,80.00,CNY,2020-10-14,2026-10-14
2026-09-09 17:06:05,210584,weiyangzx.com,80.00,CNY,2016-10-13,2026-10-13
2026-09-09 17:06:05,210584,jxtxhz.com,80.00,CNY,2015-10-09,2026-10-09
2026-09-09 17:06:05,210584,hysynj.com,80.00,CNY,2020-10-20,2026-10-20
2026-09-09 17:06:05,210584,xbqgyxx.com,80.00,CNY,2022-10-11,2026-10-11
2026-09-09 17:06:05,210584,whisces.com,80.00,CNY,2020-10-14,2026-10-14
2026-09-09 17:06:05,210584,wearablesdeals.com,80.00,CNY,2021-11-06,2026-11-06
2026-09-09 17:06:05,210584,haochenart.com,80.00,CNY,2021-11-11,2026-11-11
2026-09-09 17:06:05,210584,83766885.com,80.00,CNY,2021-11-10,2026-11-10
2026-09-09 17:06:05,210584,xy-danpu.com,80.00,CNY,2021-11-08,2026-11-08
2026-09-09 17:06:05,210584,fastbailbondscypress.com,80.00,CNY,2021-11-13,2026-11-13
2026-09-09 17:06:05,210584,xinruijiahui.com,80.00,CNY,2021-11-12,2026-11-12
2026-09-09 17:06:05,210584,nihakmadencilik.com,80.00,CNY,2021-11-10,2026-11-10
2026-09-09 17:06:05,210584,sc-huayuan.com,80.00,CNY,2021-11-10,2026-11-10
2026-09-09 17:06:05,210584,amateurgamingleague.com,80.00,CNY,2021-11-17,2026-11-17
2026-09-09 17:06:05,210584,alrichardsarchitect.com,80.00,CNY,2021-11-12,2026-11-12
2026-09-09 17:06:05,210584,surfcityconnection.com,80.00,CNY,2021-11-10,2026-11-10
2026-09-09 17:06:05,210584,paydayloansonlinesnh.com,80.00,CNY,2021-11-08,2026-11-08
2026-09-09 17:06:05,210584,gshxtz.com,80.00,CNY,2021-11-12,2026-11-12
2026-09-09 17:06:05,210584,achayansfishonline.com,80.00,CNY,2021-11-15,2026-11-15
2026-09-09 17:06:05,210584,alpinecarriages.com,80.00,CNY,2021-11-16,2026-11-16
2026-09-09 17:06:05,210584,ageoshi-softball.com,80.00,CNY,2021-11-12,2026-11-12
2026-09-09 17:06:05,210584,studiowildchild.com,80.00,CNY,2021-11-12,2026-11-12
2026-09-09 17:06:05,210584,ry-autumn.com,80.00,CNY,2021-11-13,2026-11-13
2026-09-09 17:06:05,210584,maroc-interactif.com,80.00,CNY,2021-11-15,2026-11-15
2026-09-09 17:06:05,210584,hgncp365.com,80.00,CNY,2021-11-16,2026-11-16
2026-09-09 17:06:05,210584,csk1977.com,80.00,CNY,2021-11-15,2026-11-15
2026-09-09 17:06:05,210584,gujinzhou.com,80.00,CNY,2021-11-08,2026-11-08
2026-09-09 17:06:05,210584,premiumflashgame.com,80.00,CNY,2021-11-11,2026-11-11
2026-09-09 17:06:05,210584,assetlinkedltc.com,80.00,CNY,2021-11-14,2026-11-14
2026-09-09 17:06:05,210584,js7p.com,80.00,CNY,2021-11-12,2026-11-12
2026-09-09 17:06:05,210584,xrdrillbits.com,80.00,CNY,2021-11-12,2026-11-12
2026-09-09 17:06:05,210584,skhnbarcode.com,80.00,CNY,2021-11-08,2026-11-08
2026-09-09 17:06:05,210584,shenyunip.com,80.00,CNY,2021-11-17,2026-11-17
2026-09-09 17:06:05,210584,langlingfs.com,80.00,CNY,2021-11-12,2026-11-12
2026-09-09 17:06:05,210584,5000168.com,80.00,CNY,2020-11-10,2026-11-10
2026-09-09 17:06:05,210584,rsksbook.com,80.00,CNY,2021-11-11,2026-11-11
2026-09-09 17:06:05,210584,brianmartinbaseball.com,80.00,CNY,2021-11-18,2026-11-18
2026-09-09 17:06:05,210584,etoile-miyaoka.com,80.00,CNY,2021-11-21,2026-11-21
2026-09-09 17:06:05,210584,weibohongganji.com,80.00,CNY,2021-11-21,2026-11-21
2026-09-09 17:06:05,210584,tuiyilove.com,80.00,CNY,2021-11-20,2026-11-20
2026-09-09 17:06:05,210584,shengchaogroup.com,80.00,CNY,2021-11-18,2026-11-18
2026-09-09 17:06:05,210584,express-yk.com,80.00,CNY,2021-11-23,2026-11-23
2026-09-09 17:06:05,210584,xtzfydnkj.com,80.00,CNY,2021-11-18,2026-11-18
2026-09-09 17:06:05,210584,bobbicohenconsultant.com,80.00,CNY,2021-11-20,2026-11-20
2026-09-09 17:06:05,210584,yumaoqiudiban.com,80.00,CNY,2021-11-20,2026-11-20
2026-09-09 17:06:05,210584,qfinecn.com,80.00,CNY,2021-11-20,2026-11-20
2026-09-09 17:06:05,210584,shouzhuashuihuo.com,80.00,CNY,2021-11-20,2026-11-20
2026-09-09 17:06:05,210584,88nnp.com,80.00,CNY,2022-11-29,2026-11-29
2026-09-09 17:06:05,210584,devangasamaja.com,80.00,CNY,2021-11-19,2026-11-19
2026-09-09 17:06:05,210584,thebearypatchacademy.com,80.00,CNY,2021-11-29,2026-11-29
2026-09-09 17:06:05,210584,internetoperabook.com,80.00,CNY,2021-11-25,2026-11-25
2026-09-09 17:06:05,210584,busymompartyplanner.com,80.00,CNY,2021-11-27,2026-11-27
2026-09-09 17:06:05,210584,jiangxiangxing.com,80.00,CNY,2021-11-25,2026-11-25
2026-09-09 17:06:08,210584,smart-eas.com,80.00,CNY,2021-11-20,2026-11-20
2026-09-09 17:06:08,210584,iottsgreenhouse.com,80.00,CNY,2021-11-26,2026-11-26
2026-09-09 17:06:08,210584,canberrablades.com,80.00,CNY,2021-11-18,2026-11-18
2026-09-09 17:06:08,210584,yamawaku.com,80.00,CNY,2021-11-20,2026-11-20
2026-09-09 17:06:08,210584,4009937780.com,80.00,CNY,2021-11-18,2026-11-18
2026-09-09 17:06:08,210584,sxzhixin100.com,80.00,CNY,2021-11-19,2026-11-19
2026-09-09 17:06:08,210584,dijitalharitalar.com,80.00,CNY,2021-11-20,2026-11-20
2026-09-09 17:06:08,210584,zhishanghunli.com,80.00,CNY,2021-11-18,2026-11-18
2026-09-09 17:06:08,210584,annuairediversite.com,80.00,CNY,2021-11-19,2026-11-19
2026-09-09 17:06:08,210584,globallotgroup.com,80.00,CNY,2021-11-30,2026-11-30
2026-09-09 17:06:08,210584,majesticnhatrang.com,80.00,CNY,2021-11-19,2026-11-19
2026-09-09 17:06:08,210584,hrq8.com,80.00,CNY,2021-11-26,2026-11-26
2026-09-09 17:06:08,210584,love221.com,80.00,CNY,2021-11-29,2026-11-29
2026-09-09 17:06:08,210584,magiccheckers.com,80.00,CNY,2021-11-19,2026-11-19
2026-09-09 17:06:08,210584,xiaoyandouding.com,80.00,CNY,2021-11-20,2026-11-20
2026-09-09 17:06:08,210584,montevideobureau.com,80.00,CNY,2021-11-20,2026-11-20
2026-09-09 17:06:08,210584,xajlzs1688.com,80.00,CNY,2021-11-30,2026-11-30
2026-09-09 17:06:08,210584,gslnsy.com,80.00,CNY,2022-10-10,2026-10-10
2026-09-09 17:06:08,210584,nzmszy.com,80.00,CNY,2019-10-15,2026-10-15
2026-09-09 17:06:08,210584,xgcs618.com,80.00,CNY,2018-10-16,2026-10-16
2026-09-09 17:06:08,210584,tdkjjy.com,80.00,CNY,2020-10-18,2026-10-18
2026-09-09 17:06:08,210584,lwjygg.com,80.00,CNY,2016-10-18,2026-10-18
2026-09-09 17:06:08,210584,1016zn.com,80.00,CNY,2020-10-20,2026-10-20
2026-09-09 17:06:08,210584,tianhaishipin.com,80.00,CNY,2022-10-22,2026-10-22
2026-09-09 17:06:08,210584,hongchangmyx.com,80.00,CNY,2023-10-23,2026-10-23
2026-09-09 17:06:08,210584,wujifengkang.com,80.00,CNY,2021-10-24,2026-10-24
2026-09-09 17:06:08,210584,bylgroud.com,80.00,CNY,2022-10-25,2026-10-25
2026-09-09 17:06:08,210584,gdjlshop.com,80.00,CNY,2021-10-25,2026-10-25
2026-09-09 17:06:08,210584,seeworlddesign.com,80.00,CNY,2022-10-25,2026-10-25
2026-09-09 17:06:08,210584,y311311.com,80.00,CNY,2022-10-28,2026-10-28
2026-09-09 17:06:08,210584,llcyjy.com,80.00,CNY,2021-10-29,2026-10-29
2026-09-09 17:06:08,210584,qatazj.com,80.00,CNY,2023-10-31,2026-10-31
2026-09-09 17:06:08,210584,eyeshiyi.com,80.00,CNY,2021-11-02,2026-11-02
2026-09-09 17:06:08,210584,xinmiao7.com,80.00,CNY,2022-11-03,2026-11-03
2026-09-09 17:06:08,210584,hbdltech.com,80.00,CNY,2022-11-04,2026-11-04
2026-09-09 17:06:08,210584,tdqzzypj.com,80.00,CNY,2021-11-04,2026-11-04
2026-09-09 17:06:08,210584,duomeidatech.com,80.00,CNY,2022-11-07,2026-11-07
2026-09-09 17:06:08,210584,dehaijob.com,80.00,CNY,2022-11-09,2026-11-09
2026-09-09 17:06:08,210584,shjc66.com,80.00,CNY,2022-11-15,2026-11-15
2026-09-09 17:06:08,210584,szmkgc.com,80.00,CNY,2021-11-15,2026-11-15
2026-09-09 17:06:08,210584,laiyujian520.com,80.00,CNY,2021-11-15,2026-11-15
2026-09-09 17:06:08,210584,zhangxkj.com,80.00,CNY,2022-11-18,2026-11-18
2026-09-09 17:06:08,210584,huaiguanjiuye.com,80.00,CNY,2022-11-19,2026-11-19
2026-09-09 17:06:08,210584,ouhuangys.com,80.00,CNY,2022-11-21,2026-11-21
2026-09-09 17:06:08,210584,njmxhd.com,80.00,CNY,2022-11-22,2026-11-22
2026-09-09 17:06:08,210584,weienjidian.com,80.00,CNY,2017-02-14,2027-02-14
2026-09-09 17:06:08,210584,mlydpt.com,80.00,CNY,2020-05-29,2027-05-29
2026-09-09 17:06:08,210584,bxjn1688.com,80.00,CNY,2020-05-26,2027-05-26
2026-09-09 17:06:08,210584,chenxiwenju.com,80.00,CNY,2018-05-16,2027-05-16
2026-09-09 17:06:11,210584,jthuamu.com,100.00,CNY,2022-02-02,2027-02-02
2026-09-09 17:06:11,210584,canadian-online-drugs.com,100.00,CNY,2022-04-14,2027-04-14
2026-09-09 17:06:11,210584,hhsxhhyzx.com,100.00,CNY,2018-04-04,2027-04-04
2026-09-09 17:06:11,210584,cxddd.com,100.00,CNY,2022-04-10,2027-04-10
2026-09-09 17:06:11,210584,huaguanwang.com,100.00,CNY,2016-04-12,2027-04-12
2026-09-09 17:06:11,210584,1vfan.com,100.00,CNY,2020-04-09,2027-04-09
2026-09-09 17:06:11,210584,rcmy918.com,100.00,CNY,2019-04-10,2027-04-10
2026-09-09 17:06:11,210584,gutemenye.com,100.00,CNY,2015-04-13,2027-04-13
2026-09-09 17:06:11,210584,baitiepibaowen.com,100.00,CNY,2020-04-08,2027-04-08
2026-09-09 17:06:11,210584,taishengkyj.com,100.00,CNY,2017-04-14,2027-04-14
2026-09-09 17:06:11,210584,zuoanjf.com,100.00,CNY,2018-04-16,2027-04-16
2026-09-09 17:06:11,210584,58gouwuww.com,100.00,CNY,2020-04-15,2027-04-15
2026-09-09 17:06:11,210584,wanshujianke.com,100.00,CNY,2019-05-05,2027-05-05
2026-09-09 17:06:11,210584,hsxt100.com,100.00,CNY,2019-05-09,2027-05-09
2026-09-09 17:06:11,210584,cqdongzikou.com,100.00,CNY,2020-05-08,2027-05-08
2026-09-09 17:06:11,210584,syyeyzhs.com,100.00,CNY,2018-05-09,2027-05-09
2026-09-09 17:06:11,210584,zhongruiannetwork.com,100.00,CNY,2020-05-12,2027-05-12
2026-09-09 17:06:11,210584,hcspyxgs.com,100.00,CNY,2020-05-16,2027-05-16
2026-09-09 17:06:11,210584,hnygqy.com,100.00,CNY,2018-05-17,2027-05-17
2026-09-09 17:06:11,210584,everydayissummer.com,100.00,CNY,2019-05-17,2027-05-17
2026-09-09 17:06:11,210584,siseyinshua.com,100.00,CNY,2020-05-18,2027-05-18
2026-09-09 17:06:11,210584,celpur.com,100.00,CNY,2020-05-21,2027-05-21
2026-09-09 17:06:11,210584,bapanwang.com,100.00,CNY,2019-05-22,2027-05-22
2026-09-09 17:06:11,210584,515lol.com,100.00,CNY,2015-05-19,2027-05-19
2026-09-09 17:06:11,210584,gshtxny.com,100.00,CNY,2020-05-22,2027-05-22
2026-09-09 17:06:11,210584,xmz0736.com,100.00,CNY,2020-05-23,2027-05-23
2026-09-09 17:06:11,210584,saomiao88.com,100.00,CNY,2020-05-23,2027-05-23
2026-09-09 17:06:11,210584,yanyiliangfang.com,100.00,CNY,2020-05-28,2027-05-28
2026-09-09 17:06:11,210584,hsgct.com,100.00,CNY,2017-05-28,2027-05-28
2026-09-09 17:06:11,210584,shenweibengye.com,100.00,CNY,2018-05-29,2027-05-29
2026-09-09 17:06:11,210584,zhaoiq.com,100.00,CNY,2020-05-28,2027-05-28
2026-09-09 17:06:11,210584,plenoestudio.com,100.00,CNY,2014-05-27,2027-05-27
2026-09-09 17:06:11,210584,miacasoli.com,100.00,CNY,2015-05-27,2027-05-27
2026-09-09 17:06:11,210584,zhaool.com,100.00,CNY,2020-05-23,2027-05-23
2026-09-09 17:06:11,210584,cddddccc.com,100.00,CNY,2020-05-23,2027-05-23
2026-09-09 17:06:11,210584,966338.com,100.00,CNY,2019-05-23,2027-05-23
2026-09-09 17:06:11,210584,maneranatural.com,100.00,CNY,2013-05-28,2027-05-28
2026-09-09 17:06:11,210584,st-fltwky.com,100.00,CNY,2012-05-23,2027-05-23
2026-09-09 17:06:11,210584,guijiaozhipinwang.com,100.00,CNY,2014-05-23,2027-05-23
2026-09-09 17:06:11,210584,almostancientpots.com,100.00,CNY,2007-05-23,2027-05-23
2026-09-09 17:06:11,210584,edunnn.com,100.00,CNY,2014-05-28,2027-05-28
2026-09-09 17:06:11,210584,qkmotor.com,100.00,CNY,2020-05-23,2027-05-23
2026-09-09 17:06:11,210584,lunhuaxiei.com,100.00,CNY,2020-05-28,2027-05-28
2026-09-09 17:06:11,210584,jsluomansi.com,100.00,CNY,2015-05-28,2027-05-28
2026-09-09 17:06:11,210584,gexingpifu.com,100.00,CNY,2020-06-08,2027-06-08
2026-09-09 17:06:11,210584,jhlczk.com,100.00,CNY,2020-06-09,2027-06-09
2026-09-09 17:06:11,210584,gsposuiji.com,100.00,CNY,2020-06-08,2027-06-08
2026-09-09 17:06:11,210584,txzxlm.com,100.00,CNY,2020-06-08,2027-06-08
2026-09-09 17:06:11,210584,yuanjiangye.com,100.00,CNY,2020-06-09,2027-06-09
2026-09-09 17:06:11,210584,qdqzsh.com,100.00,CNY,2017-06-08,2027-06-08
2026-09-09 17:06:11,210584,dgwlzdh.com,100.00,CNY,2020-06-09,2027-06-09
2026-09-09 17:06:11,210584,winruanbao.com,100.00,CNY,2020-06-08,2027-06-08
2026-09-09 17:06:11,210584,dyqbtba.com,100.00,CNY,2014-06-08,2027-06-08
2026-09-09 17:06:11,210584,gzypkn.com,100.00,CNY,2020-06-09,2027-06-09
2026-09-09 17:06:11,210584,jjgztf.com,100.00,CNY,2020-06-09,2027-06-09
2026-09-09 17:06:11,210584,yongqifashion.com,100.00,CNY,2020-06-08,2027-06-08
2026-09-09 17:06:11,210584,jcaqjsxh.com,100.00,CNY,2020-06-08,2027-06-08
2026-09-09 17:06:11,210584,lthqw.com,100.00,CNY,2020-06-09,2027-06-09
2026-09-09 17:06:11,210584,gzbiyi.com,100.00,CNY,2020-06-10,2027-06-10
2026-09-09 17:06:11,210584,tjsfbb.com,100.00,CNY,2020-06-11,2027-06-11
2026-09-09 17:06:11,210584,sjzyanchu.com,100.00,CNY,2009-06-11,2027-06-11
2026-09-09 17:06:11,210584,shcxblcl.com,100.00,CNY,2020-06-11,2027-06-11
2026-09-09 17:06:11,210584,hnqxjx.com,100.00,CNY,2020-06-10,2027-06-10
2026-09-09 17:06:11,210584,fuhuiboda.com,100.00,CNY,2020-06-09,2027-06-09
2026-09-09 17:06:11,210584,xtmqrc.com,100.00,CNY,2020-06-11,2027-06-11
2026-09-09 17:06:11,210584,hfhjxzs.com,100.00,CNY,2020-06-10,2027-06-10
2026-09-09 17:06:11,210584,xmzc1688.com,100.00,CNY,2020-06-09,2027-06-09
2026-09-09 17:06:11,210584,10gaoxiao.com,100.00,CNY,2020-06-09,2027-06-09
2026-09-09 17:06:11,210584,szbiwater.com,100.00,CNY,2020-06-12,2027-06-12
2026-09-09 17:06:11,210584,nedeljnihoroskop.com,100.00,CNY,2012-06-09,2027-06-09
2026-09-09 17:06:11,210584,cdhongshuo.com,100.00,CNY,2020-06-10,2027-06-10
2026-09-09 17:06:11,210584,shensiciqing.com,100.00,CNY,2020-06-11,2027-06-11
2026-09-09 17:06:11,210584,lpspyls.com,100.00,CNY,2020-06-11,2027-06-11
2026-09-09 17:06:11,210584,yjbyl.com,100.00,CNY,2020-06-10,2027-06-10
2026-09-09 17:06:11,210584,wtcanzhuo.com,100.00,CNY,2020-06-11,2027-06-11
2026-09-09 17:06:11,210584,0760hc.com,100.00,CNY,2017-06-11,2027-06-11
2026-09-09 17:06:11,210584,974mbx.com,100.00,CNY,2020-06-10,2027-06-10
2026-09-09 17:06:11,210584,shnzgn.com,100.00,CNY,2020-06-11,2027-06-11
2026-09-09 17:06:11,210584,scheidai.com,100.00,CNY,2020-06-11,2027-06-11
2026-09-09 17:06:11,210584,jelywater.com,100.00,CNY,2020-06-12,2027-06-12
2026-09-09 17:06:11,210584,hchcy.com,100.00,CNY,2020-06-10,2027-06-10
2026-09-09 17:06:11,210584,qsjzsb.com,100.00,CNY,2020-06-10,2027-06-10
2026-09-09 17:06:11,210584,ynxkbz.com,100.00,CNY,2020-06-11,2027-06-11
2026-09-09 17:06:11,210584,csxtkj88.com,100.00,CNY,2020-06-11,2027-06-11
2026-09-09 17:06:11,210584,chanyihy.com,100.00,CNY,2020-06-10,2027-06-10
2026-09-09 17:06:11,210584,xiaoxiangeducation.com,100.00,CNY,2020-06-11,2027-06-11
2026-09-09 17:06:11,210584,qxhvpb.com,100.00,CNY,2020-06-12,2027-06-12
2026-09-09 17:06:11,210584,henmang360.com,100.00,CNY,2020-06-11,2027-06-11
2026-09-09 17:06:11,210584,yhylc71.com,100.00,CNY,2020-06-09,2027-06-09
2026-09-09 17:06:11,210584,sdduiqiao.com,100.00,CNY,2020-06-11,2027-06-11
2026-09-09 17:06:11,210584,hetongmotor.com,100.00,CNY,2019-06-10,2027-06-10
2026-09-09 17:06:11,210584,zcpgsmv.com,100.00,CNY,2020-06-11,2027-06-11
2026-09-09 17:06:11,210584,bjkjqxbj.com,100.00,CNY,2020-06-09,2027-06-09
2026-09-09 17:06:11,210584,rongxingsuye.com,100.00,CNY,2020-06-11,2027-06-11
2026-09-09 17:06:11,210584,minzhongwang.com,100.00,CNY,2020-06-09,2027-06-09
2026-09-09 17:06:11,210584,hebeijiulong.com,100.00,CNY,2015-06-11,2027-06-11
2026-09-09 17:06:11,210584,dyrxjx.com,100.00,CNY,2020-06-10,2027-06-10
2026-09-09 17:06:11,210584,sgshengcun.com,100.00,CNY,2020-06-09,2027-06-09
2026-09-09 17:06:11,210584,njlyhb.com,100.00,CNY,2020-06-11,2027-06-11
2026-09-09 17:06:11,210584,linzhi1688.com,100.00,CNY,2020-06-09,2027-06-09
2026-09-09 17:06:11,210584,dqccjq.com,100.00,CNY,2020-06-11,2027-06-11
2026-09-09 17:06:11,210584,gdshuri.com,100.00,CNY,2020-06-10,2027-06-10
2026-09-09 17:06:11,210584,s2shou.com,100.00,CNY,2020-06-09,2027-06-09
2026-09-09 17:06:11,210584,mensirv.com,100.00,CNY,2020-06-09,2027-06-09
2026-09-09 17:06:11,210584,yuwengkaoyu.com,100.00,CNY,2020-06-09,2027-06-09
2026-09-09 17:06:11,210584,580yuan.com,100.00,CNY,2020-06-11,2027-06-11
2026-09-09 17:06:11,210584,68ppt.com,100.00,CNY,2020-06-10,2027-06-10
2026-09-09 17:06:11,210584,szqiangu.com,100.00,CNY,2020-06-10,2027-06-10
2026-09-09 17:06:11,210584,hnsongfu.com,100.00,CNY,2020-06-10,2027-06-10
2026-09-09 17:06:11,210584,hello-account.com,100.00,CNY,2020-06-10,2027-06-10
2026-09-09 17:06:11,210584,taoranzhijia.com,100.00,CNY,2014-06-11,2027-06-11
2026-09-09 17:06:11,210584,qegdsd.com,100.00,CNY,2020-06-12,2027-06-12
2026-09-09 17:06:11,210584,jyhyxxw.com,100.00,CNY,2020-06-09,2027-06-09
2026-09-09 17:06:11,210584,jinheyuanyi.com,100.00,CNY,2017-06-10,2027-06-10
2026-09-09 17:06:11,210584,yhkjtxun.com,100.00,CNY,2020-06-11,2027-06-11
2026-09-09 17:06:11,210584,bzsuofeike.com,100.00,CNY,2020-06-11,2027-06-11
2026-09-09 17:06:11,210584,hfdp999.com,100.00,CNY,2017-06-10,2027-06-10
2026-09-09 17:06:11,210584,gzboda88.com,100.00,CNY,2020-06-09,2027-06-09
2026-09-09 17:06:11,210584,tianmeicy.com,100.00,CNY,2020-06-11,2027-06-11
2026-09-09 17:06:11,210584,nnjiawei.com,100.00,CNY,2020-06-09,2027-06-09
2026-09-09 17:06:11,210584,dgyrlaser.com,100.00,CNY,2020-06-09,2027-06-09
2026-09-09 17:06:11,210584,huayuhuangzun.com,100.00,CNY,2020-06-12,2027-06-12
2026-09-09 17:06:11,210584,jintufund.com,100.00,CNY,2020-06-12,2027-06-12
2026-09-09 17:06:11,210584,gwksg.com,100.00,CNY,2020-06-13,2027-06-13
2026-09-09 17:06:11,210584,honkerbbs.com,100.00,CNY,2020-06-13,2027-06-13
2026-09-09 17:06:11,210584,ysmzqd.com,100.00,CNY,2020-06-13,2027-06-13
2026-09-09 17:06:11,210584,tyqipei.com,100.00,CNY,2020-06-13,2027-06-13
2026-09-09 17:06:11,210584,wxgtzp.com,100.00,CNY,2020-06-12,2027-06-12
2026-09-09 17:06:11,210584,szhy20086.com,100.00,CNY,2020-06-13,2027-06-13
2026-09-09 17:06:11,210584,hfhwbgyp.com,100.00,CNY,2020-06-13,2027-06-13
2026-09-09 17:06:11,210584,gymiaogen.com,100.00,CNY,2020-06-12,2027-06-12
2026-09-09 17:06:11,210584,nmxxprt.com,100.00,CNY,2020-06-13,2027-06-13
2026-09-09 17:06:11,210584,64zzzs.com,100.00,CNY,2019-06-13,2027-06-13
2026-09-09 17:06:11,210584,gonicepipe.com,100.00,CNY,2020-06-12,2027-06-12
2026-09-09 17:06:11,210584,apsilite.com,100.00,CNY,2020-06-13,2027-06-13
2026-09-09 17:06:11,210584,jieduyin.com,100.00,CNY,2011-06-12,2027-06-12
2026-09-09 17:06:11,210584,jfgobetter.com,100.00,CNY,2020-06-12,2027-06-12
2026-09-09 17:06:11,210584,g12598.com,100.00,CNY,2020-06-12,2027-06-12
2026-09-09 17:06:11,210584,xiaohaokm.com,100.00,CNY,2020-06-12,2027-06-12
2026-09-09 17:06:11,210584,lsfrj.com,100.00,CNY,2020-06-12,2027-06-12
2026-09-09 17:06:11,210584,zlcdroup.com,100.00,CNY,2020-06-12,2027-06-12
2026-09-09 17:06:11,210584,xjhfyzsb.com,100.00,CNY,2020-06-13,2027-06-13
2026-09-09 17:06:11,210584,szkwtled.com,100.00,CNY,2020-06-13,2027-06-13
2026-09-09 17:06:11,210584,goldconverge.com,100.00,CNY,2020-06-12,2027-06-12
2026-09-09 17:06:11,210584,gd-xieyang.com,100.00,CNY,2020-06-13,2027-06-13
2026-09-09 17:06:11,210584,bjcxxh.com,100.00,CNY,2020-06-12,2027-06-12
2026-09-09 17:06:11,210584,gzsxfood.com,100.00,CNY,2020-06-13,2027-06-13
2026-09-09 17:06:11,210584,gagnojeux.com,100.00,CNY,2020-06-12,2027-06-12
2026-09-09 17:06:11,210584,bzsjzt.com,100.00,CNY,2020-06-12,2027-06-12
2026-09-09 17:06:11,210584,0571sydc.com,100.00,CNY,2020-06-12,2027-06-12
2026-09-09 17:06:11,210584,wxtbs.com,100.00,CNY,2020-06-13,2027-06-13
2026-09-09 17:06:11,210584,sm-jz.com,100.00,CNY,2020-06-12,2027-06-12
2026-09-09 17:06:11,210584,czynkq.com,100.00,CNY,2020-06-12,2027-06-12
2026-09-09 17:06:11,210584,sdsairi.com,100.00,CNY,2020-06-13,2027-06-13
2026-09-09 17:06:11,210584,ruiwenyl.com,100.00,CNY,2020-06-12,2027-06-12
2026-09-09 17:06:11,210584,bwdsht.com,100.00,CNY,2020-06-12,2027-06-12
2026-09-09 17:06:11,210584,bangshun56.com,100.00,CNY,2020-06-13,2027-06-13
2026-09-09 17:06:11,210584,szljddeyey.com,100.00,CNY,2020-06-12,2027-06-12
2026-09-09 17:06:11,210584,senkle.com,100.00,CNY,2020-06-12,2027-06-12
2026-09-09 17:06:11,210584,syhfwl.com,100.00,CNY,2020-06-12,2027-06-12
2026-09-09 17:06:11,210584,6566msc.com,100.00,CNY,2020-06-12,2027-06-12
2026-09-09 17:06:11,210584,jcjmhj.com,100.00,CNY,2020-06-12,2027-06-12
2026-09-09 17:06:11,210584,cflhsfc.com,100.00,CNY,2017-06-13,2027-06-13
2026-09-09 17:06:11,210584,tjsccgc.com,100.00,CNY,2013-06-13,2027-06-13
2026-09-09 17:06:11,210584,jnmtwl.com,100.00,CNY,2020-06-13,2027-06-13
2026-09-09 17:06:11,210584,ymryjfs.com,100.00,CNY,2020-06-13,2027-06-13
2026-09-09 17:06:11,210584,lyhaichang.com,100.00,CNY,2020-06-12,2027-06-12
2026-09-09 17:06:11,210584,mdjdywj.com,100.00,CNY,2020-06-13,2027-06-13
2026-09-09 17:06:11,210584,laigoubiao.com,100.00,CNY,2020-06-12,2027-06-12
2026-09-09 17:06:11,210584,oxfordtdr.com,100.00,CNY,2020-06-12,2027-06-12
2026-09-09 17:06:11,210584,jmhssm.com,100.00,CNY,2020-06-13,2027-06-13
2026-09-09 17:06:11,210584,ertongghao.com,100.00,CNY,2020-06-12,2027-06-12
2026-09-09 17:06:11,210584,tqmbpsj.com,100.00,CNY,2020-06-13,2027-06-13
2026-09-09 17:06:11,210584,kd26ml.com,100.00,CNY,2020-06-12,2027-06-12
2026-09-09 17:06:11,210584,gzjuyitang.com,100.00,CNY,2020-06-13,2027-06-13
2026-09-09 17:06:11,210584,collapsible-cones.com,100.00,CNY,2011-06-12,2027-06-12
2026-09-09 17:06:11,210584,zztqck.com,100.00,CNY,2020-06-13,2027-06-13
2026-09-09 17:06:11,210584,yiwafushi.com,100.00,CNY,2013-06-12,2027-06-12
2026-09-09 17:06:11,210584,zjshiniu.com,100.00,CNY,2020-06-12,2027-06-12
2026-09-09 17:06:11,210584,shsungun.com,100.00,CNY,2020-06-12,2027-06-12
2026-09-09 17:06:11,210584,peargrid.com,100.00,CNY,2020-06-12,2027-06-12
2026-09-09 17:06:11,210584,cailun001.com,100.00,CNY,2020-06-13,2027-06-13
2026-09-09 17:06:11,210584,jingupeizi.com,100.00,CNY,2020-06-12,2027-06-12
2026-09-09 17:06:11,210584,dgdonghe.com,100.00,CNY,2020-06-12,2027-06-12
2026-09-09 17:06:11,210584,cxczj.com,100.00,CNY,2020-06-13,2027-06-13
2026-09-09 17:06:11,210584,lvyuanbuiling.com,100.00,CNY,2020-06-12,2027-06-12
2026-09-09 17:06:11,210584,falanxiuxq.com,100.00,CNY,2017-06-12,2027-06-12
2026-09-09 17:06:11,210584,hyqrw.com,100.00,CNY,2020-06-13,2027-06-13
2026-09-09 17:06:11,210584,theunidns.com,100.00,CNY,2020-06-12,2027-06-12
2026-09-09 17:06:11,210584,cshmswhg.com,100.00,CNY,2020-06-14,2027-06-14
2026-09-09 17:06:11,210584,hzsmsy2003.com,100.00,CNY,2020-06-14,2027-06-14
2026-09-09 17:06:11,210584,sjzkjxjzp.com,100.00,CNY,2020-06-14,2027-06-14
2026-09-09 17:06:11,210584,hxqp598.com,100.00,CNY,2020-06-14,2027-06-14
2026-09-09 17:06:11,210584,queenlypkg.com,100.00,CNY,2020-06-14,2027-06-14
2026-09-09 17:06:11,210584,hztdzh.com,100.00,CNY,2020-06-14,2027-06-14
2026-09-09 17:06:11,210584,hnquanrui.com,100.00,CNY,2020-06-14,2027-06-14
2026-09-09 17:06:11,210584,hzjiadeshi.com,100.00,CNY,2020-06-14,2027-06-14
2026-09-09 17:06:11,210584,taiyangnengban.com,100.00,CNY,2012-06-14,2027-06-14
2026-09-09 17:06:11,210584,0557zs.com,100.00,CNY,2012-06-14,2027-06-14
2026-09-09 17:06:11,210584,hbbtsxs.com,100.00,CNY,2013-06-14,2027-06-14
2026-09-09 17:06:11,210584,hnyufutang.com,100.00,CNY,2020-06-13,2027-06-13
2026-09-09 17:06:11,210584,gelizhongyang.com,100.00,CNY,2020-06-13,2027-06-13
2026-09-09 17:06:11,210584,konisoo.com,100.00,CNY,2020-06-14,2027-06-14
2026-09-09 17:06:11,210584,sznabai.com,100.00,CNY,2020-06-15,2027-06-15
2026-09-09 17:06:11,210584,szfjpack.com,100.00,CNY,2020-06-13,2027-06-13
2026-09-09 17:06:11,210584,sdttwl.com,100.00,CNY,2020-06-13,2027-06-13
2026-09-09 17:06:11,210584,huayiteng.com,100.00,CNY,2020-06-13,2027-06-13
2026-09-09 17:06:11,210584,ecialsteel.com,100.00,CNY,2020-06-14,2027-06-14
2026-09-09 17:06:11,210584,hwcx2009.com,100.00,CNY,2020-06-14,2027-06-14
2026-09-09 17:06:11,210584,kenhongk.com,100.00,CNY,2017-06-14,2027-06-14
2026-09-09 17:06:11,210584,sdgdmb.com,100.00,CNY,2020-06-14,2027-06-14
2026-09-09 17:06:11,210584,lcqxtfzw.com,100.00,CNY,2020-06-14,2027-06-14
2026-09-09 17:06:11,210584,020nanyin.com,100.00,CNY,2020-06-14,2027-06-14
2026-09-09 17:06:11,210584,qdfpdz.com,100.00,CNY,2020-06-14,2027-06-14
2026-09-09 17:06:11,210584,laotianyueqi.com,100.00,CNY,2020-06-15,2027-06-15
2026-09-09 17:06:11,210584,xinkeqz.com,100.00,CNY,2020-06-14,2027-06-14
2026-09-09 17:06:11,210584,groovyjournal.com,100.00,CNY,2020-06-14,2027-06-14
2026-09-09 17:06:11,210584,lishanbaojian.com,100.00,CNY,2019-06-14,2027-06-14
2026-09-09 17:06:11,210584,weixiaochuju.com,100.00,CNY,2020-06-14,2027-06-14
2026-09-09 17:06:11,210584,tyminfang.com,100.00,CNY,2020-06-14,2027-06-14
2026-09-09 17:06:11,210584,jydonghu.com,100.00,CNY,2010-06-13,2027-06-13
2026-09-09 17:06:11,210584,scscenxi.com,100.00,CNY,2020-06-14,2027-06-14
2026-09-09 17:06:11,210584,bjsjzsgc.com,100.00,CNY,2020-06-14,2027-06-14
2026-09-09 17:06:11,210584,jjshifa.com,100.00,CNY,2020-06-14,2027-06-14
2026-09-09 17:06:11,210584,7haozhongmiao.com,100.00,CNY,2010-06-14,2027-06-14
2026-09-09 17:06:11,210584,dongfanbojue.com,100.00,CNY,2020-06-14,2027-06-14
2026-09-09 17:06:11,210584,dayutrade.com,100.00,CNY,2020-06-14,2027-06-14
2026-09-09 17:06:11,210584,yyflfw.com,100.00,CNY,2020-06-13,2027-06-13
2026-09-09 17:06:11,210584,htzbcable.com,100.00,CNY,2020-06-14,2027-06-14
2026-09-09 17:06:11,210584,chyygcgs.com,100.00,CNY,2020-06-15,2027-06-15
2026-09-09 17:06:11,210584,szhiyiyu.com,100.00,CNY,2020-06-14,2027-06-14
2026-09-09 17:06:11,210584,yilishalighting.com,100.00,CNY,2010-06-14,2027-06-14
2026-09-09 17:06:11,210584,fjyvhxyxgs.com,100.00,CNY,2020-06-14,2027-06-14
2026-09-09 17:06:11,210584,hntywsun.com,100.00,CNY,2020-06-14,2027-06-14
2026-09-09 17:06:11,210584,chengde-jz.com,100.00,CNY,2020-06-14,2027-06-14
2026-09-09 17:06:11,210584,szdfyy.com,100.00,CNY,2020-06-13,2027-06-13
2026-09-09 17:06:11,210584,ccfudafu.com,100.00,CNY,2020-06-22,2027-06-22
2026-09-09 17:06:11,210584,tianfengshenye.com,100.00,CNY,2017-06-26,2027-06-26
2026-09-09 17:06:11,210584,zhaork.com,100.00,CNY,2015-06-15,2027-06-15
2026-09-09 17:06:11,210584,304hxgcj.com,100.00,CNY,2020-06-21,2027-06-21
2026-09-09 17:06:11,210584,xzhongdi.com,100.00,CNY,2020-06-23,2027-06-23
2026-09-09 17:06:11,210584,czslndx.com,100.00,CNY,2020-06-23,2027-06-23
2026-09-09 17:06:11,210584,toryburchoutlete.com,100.00,CNY,2019-06-20,2027-06-20
2026-09-09 17:06:11,210584,zhaomengjun.com,100.00,CNY,2019-06-18,2027-06-18
2026-09-09 17:06:11,210584,zhaokn.com,100.00,CNY,2015-06-15,2027-06-15
2026-09-09 17:06:11,210584,zhaonx.com,100.00,CNY,2015-06-15,2027-06-15
2026-09-09 17:06:11,210584,konpis.com,100.00,CNY,2020-06-17,2027-06-17
2026-09-09 17:06:11,210584,zhaoqx.com,100.00,CNY,2015-06-15,2027-06-15
2026-09-09 17:06:11,210584,jhwmsptm.com,100.00,CNY,2014-06-19,2027-06-19
2026-09-09 17:06:11,210584,lianyanyiqi.com,100.00,CNY,2011-06-16,2027-06-16
2026-09-09 17:06:11,210584,wymeifengji.com,100.00,CNY,2011-06-17,2027-06-17
2026-09-09 17:06:11,210584,zhaowr.com,100.00,CNY,2015-06-15,2027-06-15
2026-09-09 17:06:11,210584,zhaown.com,100.00,CNY,2015-06-15,2027-06-15
2026-09-09 17:06:11,210584,yandigong.com,100.00,CNY,2019-06-18,2027-06-18
2026-09-09 17:06:11,210584,zhaojt.com,100.00,CNY,2015-06-15,2027-06-15
2026-09-09 17:06:11,210584,haiersw.com,100.00,CNY,2017-06-17,2027-06-17
2026-09-09 17:06:11,210584,applewu.com,100.00,CNY,2010-06-15,2027-06-15
2026-09-09 17:06:11,210584,ptyfr.com,100.00,CNY,2017-06-15,2027-06-15
2026-09-09 17:06:11,210584,zhaoqz.com,100.00,CNY,2015-06-15,2027-06-15
2026-09-09 17:06:11,210584,hbdkbjsc.com,100.00,CNY,2020-06-19,2027-06-19
2026-09-09 17:06:11,210584,huiwanshui.com,100.00,CNY,2020-06-18,2027-06-18
2026-09-09 17:06:11,210584,tengtongchouyang.com,100.00,CNY,2012-06-21,2027-06-21
2026-09-09 17:06:11,210584,szxzdzkj.com,100.00,CNY,2020-06-25,2027-06-25
2026-09-09 17:06:11,210584,szdfyuan.com,100.00,CNY,2020-06-26,2027-06-26
2026-09-09 17:06:11,210584,chenminmy.com,100.00,CNY,2019-06-24,2027-06-24
2026-09-09 17:06:11,210584,dongfjm.com,100.00,CNY,2020-06-26,2027-06-26
2026-09-09 17:06:11,210584,yibenbook.com,100.00,CNY,2020-06-24,2027-06-24
2026-09-09 17:06:11,210584,huifucaifu.com,100.00,CNY,2020-06-21,2027-06-21
2026-09-09 17:06:11,210584,qlfirst.com,100.00,CNY,2020-06-22,2027-06-22
2026-09-09 17:06:11,210584,lfzhdn.com,100.00,CNY,2016-06-24,2027-06-24
2026-09-09 17:06:11,210584,sj3fj.com,100.00,CNY,2020-06-20,2027-06-20
2026-09-09 17:06:11,210584,zhaonk.com,100.00,CNY,2015-06-15,2027-06-15
2026-09-09 17:06:11,210584,nb-gulou.com,100.00,CNY,2014-06-16,2027-06-16
2026-09-09 17:06:11,210584,zxdyba.com,100.00,CNY,2020-06-22,2027-06-22
2026-09-09 17:06:11,210584,zgtlcf.com,100.00,CNY,2020-06-25,2027-06-25
2026-09-09 17:06:11,210584,hongtengcm.com,100.00,CNY,2020-06-22,2027-06-22
2026-09-09 17:06:11,210584,scfymz.com,100.00,CNY,2020-06-19,2027-06-19
2026-09-09 17:06:11,210584,nbmengxing.com,100.00,CNY,2020-06-15,2027-06-15
2026-09-09 17:06:11,210584,lesbianasswhipped.com,100.00,CNY,2010-06-23,2027-06-23
2026-09-09 17:06:11,210584,zhaofm.com,100.00,CNY,2015-06-15,2027-06-15
2026-09-09 17:06:11,210584,jxjjyy.com,100.00,CNY,2020-06-23,2027-06-23
2026-09-09 17:06:11,210584,stxinchi.com,100.00,CNY,2020-06-19,2027-06-19
2026-09-09 17:06:11,210584,yzhyweb.com,100.00,CNY,2020-06-19,2027-06-19
2026-09-09 17:06:11,210584,kezke.com,100.00,CNY,2020-06-18,2027-06-18
2026-09-09 17:06:11,210584,yuebin-hz.com,100.00,CNY,2020-06-15,2027-06-15
2026-09-09 17:06:11,210584,fujisunwan.com,100.00,CNY,2020-06-17,2027-06-17
2026-09-09 17:06:11,210584,zhaopl.com,100.00,CNY,2015-06-15,2027-06-15
2026-09-09 17:06:11,210584,zhaoxr.com,100.00,CNY,2015-06-15,2027-06-15
2026-09-09 17:06:11,210584,smjjzzs.com,100.00,CNY,2020-06-26,2027-06-26
2026-09-09 17:06:11,210584,ptzhongcheng.com,100.00,CNY,2017-06-16,2027-06-16
2026-09-09 17:06:11,210584,daoyoulang.com,100.00,CNY,2020-06-19,2027-06-19
2026-09-09 17:06:11,210584,zzwdcy.com,100.00,CNY,2020-06-24,2027-06-24
2026-09-09 17:06:11,210584,nqimhe.com,100.00,CNY,2019-06-17,2027-06-17
2026-09-09 17:06:11,210584,yaris-carpet.com,100.00,CNY,2012-06-16,2027-06-16
2026-09-09 17:06:11,210584,nxybby.com,100.00,CNY,2020-06-18,2027-06-18
2026-09-09 17:06:11,210584,easeboot.com,100.00,CNY,2020-06-16,2027-06-16
2026-09-09 17:06:11,210584,gdjdzs.com,100.00,CNY,2014-06-17,2027-06-17
2026-09-09 17:06:11,210584,cdzy360.com,100.00,CNY,2017-06-22,2027-06-22
2026-09-09 17:06:11,210584,zhaohv.com,100.00,CNY,2019-06-21,2027-06-21
2026-09-09 17:06:11,210584,yhjxgw.com,100.00,CNY,2020-06-26,2027-06-26
2026-09-09 17:06:11,210584,mggenetic.com,100.00,CNY,2016-06-25,2027-06-25
2026-09-09 17:06:11,210584,whhlgm.com,100.00,CNY,2020-06-26,2027-06-26
2026-09-09 17:06:11,210584,shdxsteel.com,100.00,CNY,2020-06-19,2027-06-19
2026-09-09 17:06:11,210584,cangzhoumxgccl.com,100.00,CNY,2020-06-25,2027-06-25
2026-09-09 17:06:11,210584,dtjhgs.com,100.00,CNY,2020-06-16,2027-06-16
2026-09-09 17:06:11,210584,zhaofr.com,100.00,CNY,2015-06-15,2027-06-15
2026-09-09 17:06:11,210584,xinhuahaoshihui.com,100.00,CNY,2020-06-25,2027-06-25
2026-09-09 17:06:11,210584,edumsys.com,100.00,CNY,2020-06-22,2027-06-22
2026-09-09 17:06:11,210584,hzgkjz.com,100.00,CNY,2020-06-20,2027-06-20
2026-09-09 17:06:11,210584,4006891911.com,100.00,CNY,2014-06-25,2027-06-25
2026-09-09 17:06:11,210584,nbcxsj.com,100.00,CNY,2020-06-24,2027-06-24
2026-09-09 17:06:11,210584,nthmbf.com,100.00,CNY,2020-06-22,2027-06-22
2026-09-09 17:06:11,210584,sxlmxjj.com,100.00,CNY,2020-06-26,2027-06-26
2026-09-09 17:06:11,210584,youxiji010.com,100.00,CNY,2020-06-24,2027-06-24
2026-09-09 17:06:11,210584,chenduankang.com,100.00,CNY,2019-06-24,2027-06-24
2026-09-09 17:06:11,210584,systhag.com,100.00,CNY,2020-06-24,2027-06-24
2026-09-09 17:06:11,210584,cqmmkj.com,100.00,CNY,2020-06-25,2027-06-25
2026-09-09 17:06:11,210584,bainiansj.com,100.00,CNY,2019-06-19,2027-06-19
2026-09-09 17:06:11,210584,zhaogn.com,100.00,CNY,2015-06-15,2027-06-15
2026-09-09 17:06:11,210584,zhaond.com,100.00,CNY,2015-06-15,2027-06-15
2026-09-09 17:06:11,210584,fsmxc.com,100.00,CNY,2020-06-17,2027-06-17
2026-09-09 17:06:11,210584,lsyhhzy.com,100.00,CNY,2020-06-20,2027-06-20
2026-09-09 17:06:11,210584,bolangtx.com,100.00,CNY,2019-06-16,2027-06-16
2026-09-09 17:06:11,210584,zhaorm.com,100.00,CNY,2015-06-15,2027-06-15
2026-09-09 17:06:11,210584,zhaoyr.com,100.00,CNY,2015-06-15,2027-06-15
2026-09-09 17:06:11,210584,jgyfr.com,100.00,CNY,2018-06-15,2027-06-15
2026-09-09 17:06:11,210584,shanxijiuzhong.com,100.00,CNY,2010-06-25,2027-06-25
2026-09-09 17:06:11,210584,bygjylcl.com,100.00,CNY,2020-06-26,2027-06-26
2026-09-09 17:06:11,210584,anime-tico.com,100.00,CNY,2020-06-23,2027-06-23
2026-09-09 17:06:11,210584,woxiangwen.com,100.00,CNY,2020-06-25,2027-06-25
2026-09-09 17:06:11,210584,tjtianhao.com,100.00,CNY,2020-06-19,2027-06-19
2026-09-09 17:06:11,210584,xpl352.com,100.00,CNY,2019-06-19,2027-06-19
2026-09-09 17:06:11,210584,haoayiccj.com,100.00,CNY,2013-06-25,2027-06-25
2026-09-09 17:06:11,210584,hbjjdx.com,100.00,CNY,2020-06-19,2027-06-19
2026-09-09 17:06:11,210584,zhaobr.com,100.00,CNY,2015-06-15,2027-06-15
2026-09-09 17:06:11,210584,51xuanwen.com,100.00,CNY,2015-06-15,2027-06-15
2026-09-09 17:06:11,210584,shouyaojiankang.com,100.00,CNY,2019-06-24,2027-06-24
2026-09-09 17:06:11,210584,zhaorh.com,100.00,CNY,2015-06-15,2027-06-15
2026-09-09 17:06:11,210584,nmgisport.com,100.00,CNY,2020-06-15,2027-06-15
2026-09-09 17:06:16,210584,xinshidaizt.com,100.00,CNY,2011-06-21,2027-06-21
2026-09-09 17:06:16,210584,fjkfa.com,100.00,CNY,2018-06-15,2027-06-15
2026-09-09 17:06:16,210584,alfonsoderose.com,100.00,CNY,2022-06-23,2027-06-23
2026-09-09 17:06:16,210584,ultima-airproducts.com,100.00,CNY,2020-06-21,2027-06-21
2026-09-09 17:06:16,210584,ltxgpl.com,100.00,CNY,2013-06-18,2027-06-18
2026-09-09 17:06:16,210584,whyoyobook.com,100.00,CNY,2020-06-26,2027-06-26
2026-09-09 17:06:16,210584,whmingquan.com,100.00,CNY,2020-06-16,2027-06-16
2026-09-09 17:06:16,210584,xmjmtgm.com,100.00,CNY,2020-06-17,2027-06-17
2026-09-09 17:06:16,210584,ynkecai.com,100.00,CNY,2020-06-17,2027-06-17
2026-09-09 17:06:16,210584,cslbkj.com,100.00,CNY,2019-06-18,2027-06-18
2026-09-09 17:06:16,210584,yklnp.com,100.00,CNY,2017-06-19,2027-06-19
2026-09-09 17:06:16,210584,zhaonl.com,100.00,CNY,2015-06-15,2027-06-15
2026-09-09 17:06:16,210584,zhaofn.com,100.00,CNY,2015-06-15,2027-06-15
2026-09-09 17:06:16,210584,zhaowk.com,100.00,CNY,2015-06-15,2027-06-15
2026-09-09 17:06:16,210584,zhaosr.com,100.00,CNY,2015-06-15,2027-06-15
2026-09-09 17:06:16,210584,xinxingtiye.com,100.00,CNY,2013-06-17,2027-06-17
2026-09-09 17:06:16,210584,zhaocj.com,100.00,CNY,2015-06-15,2027-06-15
2026-09-09 17:06:16,210584,houwell.com,100.00,CNY,2009-06-23,2027-06-23
2026-09-09 17:06:16,210584,wxjgbzj.com,100.00,CNY,2020-06-21,2027-06-21
2026-09-09 17:06:16,210584,cqbaizhengfalv.com,100.00,CNY,2020-06-21,2027-06-21
2026-09-09 17:06:16,210584,wstsxpz.com,100.00,CNY,2017-06-25,2027-06-25
2026-09-09 17:06:16,210584,kmleontech.com,100.00,CNY,2017-06-25,2027-06-25
2026-09-09 17:06:16,210584,yangligroup.com,100.00,CNY,2015-06-26,2027-06-26
2026-09-09 17:06:16,210584,nanyangtydm.com,100.00,CNY,2020-06-25,2027-06-25
2026-09-09 17:06:16,210584,yywdlfj.com,100.00,CNY,2016-06-18,2027-06-18
2026-09-09 17:06:16,210584,fukenh120.com,100.00,CNY,2017-06-16,2027-06-16
2026-09-09 17:06:16,210584,zhaoxn.com,100.00,CNY,2015-06-15,2027-06-15
2026-09-09 17:06:16,210584,njyzhzp.com,100.00,CNY,2020-06-15,2027-06-15
2026-09-09 17:06:16,210584,zhaont.com,100.00,CNY,2015-06-15,2027-06-15
2026-09-09 17:06:16,210584,asiantigers-kcdat.com,100.00,CNY,2000-06-24,2027-06-24
2026-09-09 17:06:16,210584,bf-zhagun.com,100.00,CNY,2012-06-19,2027-06-19
2026-09-09 17:06:16,210584,hzlbegg.com,100.00,CNY,2020-06-15,2027-06-15
2026-09-09 17:06:16,210584,hxdance.com,100.00,CNY,2017-06-19,2027-06-19
2026-09-09 17:06:16,210584,hauraou.com,100.00,CNY,2020-06-18,2027-06-18
2026-09-09 17:06:16,210584,nevendbrand.com,100.00,CNY,2020-06-16,2027-06-16
2026-09-09 17:06:16,210584,qdysgk.com,100.00,CNY,2020-06-19,2027-06-19
2026-09-09 17:06:16,210584,gznanxu.com,100.00,CNY,2020-06-16,2027-06-16
2026-09-09 17:06:16,210584,ganggeban3.com,100.00,CNY,2020-06-19,2027-06-19
2026-09-09 17:06:16,210584,wuhansuji.com,100.00,CNY,2010-06-26,2027-06-26
2026-09-09 17:06:16,210584,dbnydxbbq.com,100.00,CNY,2020-06-20,2027-06-20
2026-09-09 17:06:16,210584,huodongfangwu.com,100.00,CNY,2020-06-19,2027-06-19
2026-09-09 17:06:16,210584,duocaidi.com,100.00,CNY,2020-06-16,2027-06-16
2026-09-09 17:06:16,210584,lgywpf.com,100.00,CNY,2020-06-22,2027-06-22
2026-09-09 17:06:16,210584,rzygmx.com,100.00,CNY,2015-06-24,2027-06-24
2026-09-09 17:06:16,210584,cdgsgwls.com,100.00,CNY,2020-06-25,2027-06-25
2026-09-09 17:06:16,210584,szzhikun.com,100.00,CNY,2020-06-21,2027-06-21
2026-09-09 17:06:16,210584,zjmshyuan.com,100.00,CNY,2020-06-22,2027-06-22
2026-09-09 17:06:16,210584,cleaneac.com,100.00,CNY,2020-06-19,2027-06-19
2026-09-09 17:06:16,210584,kitty2013.com,100.00,CNY,2020-06-25,2027-06-25
2026-09-09 17:06:16,210584,gzdonglin.com,100.00,CNY,2014-06-26,2027-06-26
2026-09-09 17:06:16,210584,cycl888.com,100.00,CNY,2017-06-15,2027-06-15
2026-09-09 17:06:16,210584,zhaoft.com,100.00,CNY,2015-06-15,2027-06-15
2026-09-09 17:06:16,210584,txgxzz.com,100.00,CNY,2020-06-18,2027-06-18
2026-09-09 17:06:16,210584,dudanky.com,100.00,CNY,2020-06-17,2027-06-17
2026-09-09 17:06:16,210584,namilicai.com,100.00,CNY,2017-06-17,2027-06-17
2026-09-09 17:06:16,210584,64bridgestreet.com,100.00,CNY,2022-06-20,2027-06-20
2026-09-09 17:06:16,210584,sozyld.com,100.00,CNY,2020-06-15,2027-06-15
2026-09-09 17:06:16,210584,xiaojiadian-cn.com,100.00,CNY,2007-06-26,2027-06-26
2026-09-09 17:06:16,210584,mjqdmm.com,100.00,CNY,2020-06-25,2027-06-25
2026-09-09 17:06:16,210584,pifa898.com,100.00,CNY,2019-06-21,2027-06-21
2026-09-09 17:06:16,210584,bigstarweb.com,100.00,CNY,2020-06-23,2027-06-23
2026-09-09 17:06:16,210584,gischaser.com,100.00,CNY,2020-06-25,2027-06-25
2026-09-09 17:06:16,210584,aberrantly.com,100.00,CNY,2020-06-23,2027-06-23
2026-09-09 17:06:16,210584,zhaort.com,100.00,CNY,2015-06-15,2027-06-15
2026-09-09 17:06:16,210584,zsguoji.com,100.00,CNY,2012-06-19,2027-06-19
2026-09-09 17:06:16,210584,wenbo88.com,100.00,CNY,2018-06-24,2027-06-24
2026-09-09 17:06:16,210584,zhaopq.com,100.00,CNY,2015-06-15,2027-06-15
2026-09-09 17:06:16,210584,zhsscbbs.com,100.00,CNY,2012-06-15,2027-06-15
2026-09-09 17:06:16,210584,86218888.com,100.00,CNY,2019-06-17,2027-06-17
2026-09-09 17:06:16,210584,hyfstg168.com,100.00,CNY,2017-06-19,2027-06-19
2026-09-09 17:06:16,210584,shcitytheater.com,100.00,CNY,2013-06-19,2027-06-19
2026-09-09 17:06:16,210584,ahcxjs-gov.com,100.00,CNY,2020-06-20,2027-06-20
2026-09-09 17:06:16,210584,jnqgjx.com,100.00,CNY,2018-06-19,2027-06-19
2026-09-09 17:06:16,210584,zhaozd.com,100.00,CNY,2015-06-15,2027-06-15
2026-09-09 17:06:16,210584,lemon3000.com,100.00,CNY,2017-06-15,2027-06-15
2026-09-09 17:06:16,210584,cy6799.com,100.00,CNY,2020-06-26,2027-06-26
2026-09-09 17:06:22,210584,andyh2.com,100.00,CNY,2021-12-05,2026-12-05
2026-09-09 17:06:22,210584,sz-qinxin.com,100.00,CNY,2017-12-10,2026-12-10
2026-09-09 17:06:22,210584,ll033.com,100.00,CNY,2021-12-07,2026-12-07
2026-09-09 17:06:22,210584,studentloanrefinancerate.com,100.00,CNY,2019-12-07,2026-12-07
2026-09-09 17:06:22,210584,solatys.com,100.00,CNY,2019-12-14,2026-12-14
2026-09-09 17:06:22,210584,hkchief.com,100.00,CNY,2017-12-11,2026-12-11
2026-09-09 17:06:22,210584,golfamblanket.com,100.00,CNY,2021-12-07,2026-12-07
2026-09-09 17:06:22,210584,mdjhz.com,100.00,CNY,2012-12-06,2026-12-06
2026-09-09 17:06:22,210584,hainanxinwen.com,100.00,CNY,2017-12-09,2026-12-09
2026-09-09 17:06:22,210584,shyagj.com,100.00,CNY,2017-12-10,2026-12-10
2026-09-09 17:06:22,210584,qingyic.com,100.00,CNY,2021-12-09,2026-12-09
2026-09-09 17:06:22,210584,njkangzhuo.com,100.00,CNY,2017-12-08,2026-12-08
2026-09-09 17:06:22,210584,youerfang.com,100.00,CNY,2014-12-07,2026-12-07
2026-09-09 17:06:22,210584,tangronggufen.com,100.00,CNY,2019-12-15,2026-12-15
2026-09-09 17:06:22,210584,jzsanlin.com,100.00,CNY,2017-12-09,2026-12-09
2026-09-09 17:06:22,210584,kbwan.com,100.00,CNY,2014-12-06,2026-12-06
2026-09-09 17:06:22,210584,htchangzheng.com,100.00,CNY,2021-12-11,2026-12-11
2026-09-09 17:06:22,210584,frontdevcourse.com,100.00,CNY,2021-12-09,2026-12-09
2026-09-09 17:06:22,210584,geschenke-in.com,100.00,CNY,2021-12-06,2026-12-06
2026-09-09 17:06:22,210584,mrfanyong.com,100.00,CNY,2014-12-09,2026-12-09
2026-09-09 17:06:22,210584,atozbookmarks.com,100.00,CNY,2009-12-08,2026-12-08
2026-09-09 17:06:22,210584,sjzbeijiren.com,100.00,CNY,2019-12-14,2026-12-14
2026-09-09 17:06:22,210584,slsjinrong.com,100.00,CNY,2019-12-15,2026-12-15
2026-09-09 17:06:22,210584,shuishoufenqi.com,100.00,CNY,2021-12-13,2026-12-13
2026-09-09 17:06:22,210584,rm313.com,100.00,CNY,2021-12-13,2026-12-13
2026-09-09 17:06:22,210584,taocihuan.com,100.00,CNY,2019-12-14,2026-12-14
2026-09-09 17:06:22,210584,whitsendguild.com,100.00,CNY,2021-12-09,2026-12-09
2026-09-09 17:06:22,210584,made-in-pangu.com,100.00,CNY,2021-12-10,2026-12-10
2026-09-09 17:06:22,210584,lbsy-18.com,100.00,CNY,2021-12-07,2026-12-07
2026-09-09 17:06:22,210584,jjjwhfz.com,100.00,CNY,2015-12-14,2026-12-14
2026-09-09 17:06:22,210584,huojianapp.com,100.00,CNY,2018-12-12,2026-12-12
2026-09-09 17:06:22,210584,devilsadvocaat.com,100.00,CNY,2021-12-09,2026-12-09
2026-09-09 17:06:22,210584,cq-ef.com,100.00,CNY,2020-12-12,2026-12-12
2026-09-09 17:06:22,210584,fy-erp.com,100.00,CNY,2021-12-11,2026-12-11
2026-09-09 17:06:22,210584,wxlfbxg.com,100.00,CNY,2011-12-10,2026-12-10
2026-09-09 17:06:22,210584,mansofgaydream.com,100.00,CNY,2021-12-07,2026-12-07
2026-09-09 17:06:22,210584,gzzlblj168.com,100.00,CNY,2017-12-10,2026-12-10
2026-09-09 17:06:22,210584,smartopcn.com,100.00,CNY,2017-12-07,2026-12-07
2026-09-09 17:06:22,210584,lvxingqiang.com,100.00,CNY,2021-12-11,2026-12-11
2026-09-09 17:06:22,210584,sanabilholdings.com,100.00,CNY,2021-12-15,2026-12-15
2026-09-09 17:06:22,210584,papergocheck.com,100.00,CNY,2021-12-11,2026-12-11
2026-09-09 17:06:22,210584,hhsftz.com,100.00,CNY,2017-12-10,2026-12-10
2026-09-09 17:06:22,210584,blockchainer-forum.com,100.00,CNY,2021-12-11,2026-12-11
2026-09-09 17:06:22,210584,1ymengxiang.com,100.00,CNY,2021-12-14,2026-12-14
2026-09-09 17:06:22,210584,integrativehealingartscenter.com,100.00,CNY,2021-12-09,2026-12-09
2026-09-09 17:06:22,210584,ncscny.com,100.00,CNY,2014-12-08,2026-12-08
2026-09-09 17:06:22,210584,hacijinbanlv.com,100.00,CNY,2017-12-10,2026-12-10
2026-09-09 17:06:22,210584,alottoflove.com,100.00,CNY,2021-12-07,2026-12-07
2026-09-09 17:06:22,210584,zyjs88.com,100.00,CNY,2021-12-11,2026-12-11
2026-09-09 17:06:22,210584,xinyougzj.com,100.00,CNY,2015-12-06,2026-12-06
2026-09-09 17:06:22,210584,sxconcrete.com,100.00,CNY,2019-12-14,2026-12-14
2026-09-09 17:06:22,210584,gzshiluya.com,100.00,CNY,2017-12-10,2026-12-10
2026-09-09 17:06:22,210584,0662kt8848.com,100.00,CNY,2021-12-14,2026-12-14
2026-09-09 17:06:22,210584,xatuyuan.com,100.00,CNY,2017-12-09,2026-12-09
2026-09-09 17:06:22,210584,afa-central.com,100.00,CNY,2021-12-06,2026-12-06
2026-09-09 17:06:22,210584,gzjxcy.com,100.00,CNY,2017-12-10,2026-12-10
2026-09-09 17:06:22,210584,dlzehong.com,100.00,CNY,2017-12-11,2026-12-11
2026-09-09 17:06:22,210584,sdwj123.com,100.00,CNY,2021-12-09,2026-12-09
2026-09-09 17:06:22,210584,fenggongliangrenju.com,100.00,CNY,2021-12-09,2026-12-09
2026-09-09 17:06:22,210584,xiaocailaoshi.com,100.00,CNY,2014-12-08,2026-12-08
2026-09-09 17:06:22,210584,lt2010.com,100.00,CNY,2015-12-12,2026-12-12
2026-09-09 17:06:22,210584,cq-yjtx.com,100.00,CNY,2021-12-07,2026-12-07
2026-09-09 17:06:22,210584,prevostconcierge.com,100.00,CNY,2021-12-14,2026-12-14
2026-09-09 17:06:22,210584,kuzhanzhi.com,100.00,CNY,2019-12-14,2026-12-14
2026-09-09 17:06:22,210584,jinnuojf.com,100.00,CNY,2014-12-13,2026-12-13
2026-09-09 17:06:22,210584,kw87.com,100.00,CNY,2021-12-13,2026-12-13
2026-09-09 17:06:22,210584,bjhsdc26.com,100.00,CNY,2021-12-09,2026-12-09
2026-09-09 17:06:22,210584,dis-mart.com,100.00,CNY,2021-12-11,2026-12-11
2026-09-09 17:06:22,210584,dlguyunfang.com,100.00,CNY,2021-12-13,2026-12-13
2026-09-09 17:06:22,210584,zsminsu.com,100.00,CNY,2021-12-13,2026-12-13
2026-09-09 17:06:22,210584,merrillanderson1.com,100.00,CNY,2019-12-10,2026-12-10
2026-09-09 17:06:22,210584,sousuoshidai.com,100.00,CNY,2021-12-11,2026-12-11
2026-09-09 17:06:22,210584,greenpass-all.com,100.00,CNY,2015-12-07,2026-12-07
2026-09-09 17:06:22,210584,landecol.com,100.00,CNY,2015-12-10,2026-12-10
2026-09-09 17:06:22,210584,pa-trafficcams.com,100.00,CNY,2009-04-04,2027-04-04
2026-09-09 17:06:22,210584,stgeorgesindiana.com,100.00,CNY,2013-04-05,2027-04-05
2026-09-09 17:06:22,210584,creativayestimula.com,100.00,CNY,2012-04-04,2027-04-04
2026-09-09 17:06:22,210584,mimosabeachcondos.com,100.00,CNY,2003-04-05,2027-04-05
2026-09-09 17:06:22,210584,medicadventurer.com,100.00,CNY,2022-04-05,2027-04-05
2026-09-09 17:06:22,210584,best-dvd-ripper.com,100.00,CNY,2009-04-05,2027-04-05
2026-09-09 17:06:22,210584,michaelfosher.com,100.00,CNY,2003-04-05,2027-04-05
2026-09-09 17:06:22,210584,chocolate-animation.com,100.00,CNY,2022-04-05,2027-04-05
2026-09-09 17:06:22,210584,tonydns.com,100.00,CNY,2020-04-05,2027-04-05
2026-09-09 17:06:22,210584,tuc-test.com,100.00,CNY,2022-04-05,2027-04-05
2026-09-09 17:06:22,210584,somnisdegaia.com,100.00,CNY,2022-04-05,2027-04-05
2026-09-09 17:06:22,210584,elevatorclubradio.com,100.00,CNY,2010-04-05,2027-04-05
2026-09-09 17:06:22,210584,marcusdey.com,100.00,CNY,2022-04-05,2027-04-05
2026-09-09 17:06:22,210584,mastelgallery.com,100.00,CNY,2001-04-05,2027-04-05
2026-09-09 17:06:22,210584,maui-hawaii-homes.com,100.00,CNY,2000-04-05,2027-04-05
2026-09-09 17:06:22,210584,duanliantiyu.com,100.00,CNY,2016-04-05,2027-04-05
2026-09-09 17:06:22,210584,hillcrest-plaza.com,100.00,CNY,2005-04-05,2027-04-05
2026-09-09 17:06:22,210584,londonparkapts.com,100.00,CNY,2002-04-05,2027-04-05
2026-09-09 17:06:22,210584,dicazen.com,100.00,CNY,2022-04-06,2027-04-06
2026-09-09 17:06:22,210584,tjdge.com,100.00,CNY,2017-04-05,2027-04-05
2026-09-09 17:06:22,210584,gossipable.com,100.00,CNY,2022-04-06,2027-04-06
2026-09-09 17:06:22,210584,huangsbag.com,100.00,CNY,2019-04-06,2027-04-06
2026-09-09 17:06:22,210584,shoudoku.com,100.00,CNY,2019-04-06,2027-04-06
2026-09-09 17:06:22,210584,buytriadnchomes.com,100.00,CNY,2022-04-06,2027-04-06
2026-09-09 17:06:22,210584,beastflix.com,100.00,CNY,2022-04-06,2027-04-06
2026-09-09 17:06:22,210584,artfashionmag.com,100.00,CNY,2022-04-06,2027-04-06
2026-09-09 17:06:22,210584,xpjtv.com,100.00,CNY,2022-04-06,2027-04-06
2026-09-09 17:06:22,210584,notafullbaht.com,100.00,CNY,2022-04-06,2027-04-06
2026-09-09 17:06:22,210584,bartecshanxi.com,100.00,CNY,2020-04-06,2027-04-06
2026-09-09 17:06:22,210584,iwahaha.com,100.00,CNY,2017-04-06,2027-04-06
2026-09-09 17:06:22,210584,haileyahayes.com,100.00,CNY,2016-04-06,2027-04-06
2026-09-09 17:06:22,210584,jjvpdp.com,100.00,CNY,2022-04-07,2027-04-07
2026-09-09 17:06:22,210584,mxujly.com,100.00,CNY,2022-04-07,2027-04-07
2026-09-09 17:06:22,210584,sxdrvu.com,100.00,CNY,2022-04-07,2027-04-07
2026-09-09 17:06:22,210584,ndivse.com,100.00,CNY,2022-04-07,2027-04-07
2026-09-09 17:06:22,210584,iizgnm.com,100.00,CNY,2022-04-07,2027-04-07
2026-09-09 17:06:22,210584,gqojdx.com,100.00,CNY,2022-04-07,2027-04-07
2026-09-09 17:06:22,210584,mpomvw.com,100.00,CNY,2022-04-07,2027-04-07
2026-09-09 17:06:22,210584,hvytdr.com,100.00,CNY,2022-04-07,2027-04-07
2026-09-09 17:06:22,210584,zvpqys.com,100.00,CNY,2022-04-07,2027-04-07
2026-09-09 17:06:22,210584,ikkwdz.com,100.00,CNY,2022-04-07,2027-04-07
2026-09-09 17:06:22,210584,eykqci.com,100.00,CNY,2022-04-07,2027-04-07
2026-09-09 17:06:22,210584,hlwtnp.com,100.00,CNY,2022-04-07,2027-04-07
2026-09-09 17:06:22,210584,ixgbby.com,100.00,CNY,2022-04-07,2027-04-07
2026-09-09 17:06:22,210584,ejcxqj.com,100.00,CNY,2022-04-07,2027-04-07
2026-09-09 17:06:22,210584,399883.com,100.00,CNY,2014-04-07,2027-04-07
2026-09-09 17:06:22,210584,sarlpolybat.com,100.00,CNY,2022-04-07,2027-04-07
2026-09-09 17:06:22,210584,tmniwu.com,100.00,CNY,2022-04-07,2027-04-07
2026-09-09 17:06:22,210584,nostalgiasardegna.com,100.00,CNY,2022-04-07,2027-04-07
2026-09-09 17:06:22,210584,herbert-blendinger.com,100.00,CNY,2022-04-07,2027-04-07
2026-09-09 17:06:22,210584,hiphopmusicclub.com,100.00,CNY,2022-04-07,2027-04-07
2026-09-09 17:06:22,210584,6263m.com,100.00,CNY,2022-04-06,2027-04-06
2026-09-09 17:06:22,210584,activitiessxm.com,100.00,CNY,2011-04-06,2027-04-06
2026-09-09 17:06:22,210584,shulini.com,100.00,CNY,2022-04-07,2027-04-07
2026-09-09 17:06:22,210584,arbon-tech.com,100.00,CNY,2022-04-08,2027-04-08
2026-09-09 17:06:22,210584,thecookiecookery.com,100.00,CNY,2022-04-08,2027-04-08
2026-09-09 17:06:22,210584,telealdehuela.com,100.00,CNY,2022-04-08,2027-04-08
2026-09-09 17:06:22,210584,zwkqt.com,100.00,CNY,2022-04-08,2027-04-08
2026-09-09 17:06:22,210584,hope-led.com,100.00,CNY,2018-04-08,2027-04-08
2026-09-09 17:06:22,210584,06mn.com,100.00,CNY,2022-04-08,2027-04-08
2026-09-09 17:06:22,210584,earlyanswered.com,100.00,CNY,2022-04-08,2027-04-08
2026-09-09 17:06:22,210584,solarokey.com,100.00,CNY,2018-04-08,2027-04-08
2026-09-09 17:06:22,210584,szouhe.com,100.00,CNY,2017-04-08,2027-04-08
2026-09-09 17:06:22,210584,conameiperu.com,100.00,CNY,2015-04-08,2027-04-08
2026-09-09 17:06:22,210584,marketstgrill-onancock.com,100.00,CNY,2022-04-08,2027-04-08
2026-09-09 17:06:22,210584,fountain-of-health.com,100.00,CNY,2022-04-08,2027-04-08
2026-09-09 17:06:22,210584,fairhillsfarmacy.com,100.00,CNY,2014-01-12,2027-04-08
2026-09-09 17:06:22,210584,idealucedecor.com,100.00,CNY,2010-04-09,2027-04-09
2026-09-09 17:06:22,210584,388711.com,100.00,CNY,2014-04-08,2027-04-08
2026-09-09 17:06:22,210584,thebusinessbirthplace.com,100.00,CNY,2022-04-08,2027-04-08
2026-09-09 17:06:22,210584,corporate-commercial-lawyers.com,100.00,CNY,2022-04-08,2027-04-08
2026-09-09 17:06:22,210584,fjyishi.com,100.00,CNY,2018-04-09,2027-04-09
2026-09-09 17:06:22,210584,belleriverfarms.com,100.00,CNY,2001-05-04,2027-04-08
2026-09-09 17:06:22,210584,yzmyjrsh.com,100.00,CNY,2015-04-08,2027-04-08
2026-09-09 17:06:22,210584,ybhuahao.com,100.00,CNY,2020-04-09,2027-04-09
2026-09-09 17:06:22,210584,hydroponicsgrowsupply.com,100.00,CNY,2022-04-09,2027-04-09
2026-09-09 17:06:22,210584,699255.com,100.00,CNY,2014-04-08,2027-04-08
2026-09-09 17:06:22,210584,glutenfreetwentysomething.com,100.00,CNY,2022-04-09,2027-04-09
2026-09-09 17:06:22,210584,graphics-software.com,100.00,CNY,2022-04-09,2027-04-09
2026-09-09 17:06:22,210584,journalofbiochemistry.com,100.00,CNY,2022-04-09,2027-04-09
2026-09-09 17:06:22,210584,menopauseandhairloss.com,100.00,CNY,2022-04-09,2027-04-09
2026-09-09 17:06:22,210584,thefroeschleagency.com,100.00,CNY,2022-04-09,2027-04-09
2026-09-09 17:06:22,210584,flamingo-photography.com,100.00,CNY,2022-04-09,2027-04-09
2026-09-09 17:06:22,210584,hypnose-decodage-vaucluse.com,100.00,CNY,2022-04-08,2027-04-08
2026-09-09 17:06:22,210584,ichibanteriyakistylechicken.com,100.00,CNY,2022-04-08,2027-04-08
2026-09-09 17:06:22,210584,air-duct-cleaning-oakland.com,100.00,CNY,2022-04-08,2027-04-08
2026-09-09 17:06:22,210584,muscle-intelligent.com,100.00,CNY,2022-04-08,2027-04-08
2026-09-09 17:06:22,210584,familyfocusedphotography.com,100.00,CNY,2022-04-08,2027-04-08
2026-09-09 17:06:22,210584,adozioneincolombia.com,100.00,CNY,2011-04-08,2027-04-08
2026-09-09 17:06:22,210584,greatreadaloud.com,100.00,CNY,2022-04-08,2027-04-08
2026-09-09 17:06:22,210584,dotlogsoftware.com,100.00,CNY,2022-04-10,2027-04-10
2026-09-09 17:06:22,210584,cityplacemarketreport.com,100.00,CNY,2022-04-10,2027-04-10
2026-09-09 17:06:22,210584,debbiethisandthat.com,100.00,CNY,2022-04-10,2027-04-10
2026-09-09 17:06:22,210584,singarowanas.com,100.00,CNY,2022-04-11,2027-04-11
2026-09-09 17:06:22,210584,inesdemendiguren.com,100.00,CNY,2009-04-11,2027-04-11
2026-09-09 17:06:22,210584,kingsleyfernandes.com,100.00,CNY,2003-04-11,2027-04-11
2026-09-09 17:06:22,210584,kjtjgj.com,100.00,CNY,2018-04-11,2027-04-11
2026-09-09 17:06:22,210584,lzyjds.com,100.00,CNY,2018-04-11,2027-04-11
2026-09-09 17:06:22,210584,bjtiandehe.com,100.00,CNY,2018-04-11,2027-04-11
2026-09-09 17:06:22,210584,yjmohai.com,100.00,CNY,2018-04-11,2027-04-11
2026-09-09 17:06:22,210584,rx199.com,100.00,CNY,2022-04-11,2027-04-11
2026-09-09 17:06:22,210584,fsczmy.com,100.00,CNY,2018-04-11,2027-04-11
2026-09-09 17:06:22,210584,whslzkb.com,100.00,CNY,2018-04-11,2027-04-11
2026-09-09 17:06:22,210584,koy0.com,100.00,CNY,2022-04-11,2027-04-11
2026-09-09 17:06:22,210584,hgasiancafe.com,100.00,CNY,2013-04-11,2027-04-11
2026-09-09 17:06:22,210584,eyupgultekin.com,100.00,CNY,2022-04-11,2027-04-11
2026-09-09 17:06:22,210584,clairvoyantinfotech.com,100.00,CNY,2022-04-11,2027-04-11
2026-09-09 17:06:22,210584,ultimatevacationvillas.com,100.00,CNY,2022-04-11,2027-04-11
2026-09-09 17:06:22,210584,holtmasontowing.com,100.00,CNY,2022-04-11,2027-04-11
2026-09-09 17:06:22,210584,kingswoodvillageapartment.com,100.00,CNY,2022-04-11,2027-04-11
2026-09-09 17:06:22,210584,traceyathay.com,100.00,CNY,2022-04-11,2027-04-11
2026-09-09 17:06:22,210584,mymallkiosk.com,100.00,CNY,2022-04-11,2027-04-11
2026-09-09 17:06:22,210584,marinaheightstower.com,100.00,CNY,2022-04-11,2027-04-11
2026-09-09 17:06:22,210584,maisieco.com,100.00,CNY,2022-04-11,2027-04-11
2026-09-09 17:06:22,210584,valeriesaxon.com,100.00,CNY,2022-04-11,2027-04-11
2026-09-09 17:06:22,210584,deepwaterllc.com,100.00,CNY,2022-04-11,2027-04-11
2026-09-09 17:06:22,210584,kolkataboimela.com,100.00,CNY,2022-04-11,2027-04-11
2026-09-09 17:06:22,210584,d-development.com,100.00,CNY,2022-04-11,2027-04-11
2026-09-09 17:06:22,210584,eliteprivatecare.com,100.00,CNY,2022-04-11,2027-04-11
2026-09-09 17:06:22,210584,cibalad.com,100.00,CNY,2022-04-11,2027-04-11
2026-09-09 17:06:22,210584,chlorophyllplus.com,100.00,CNY,2022-04-11,2027-04-11
2026-09-09 17:06:22,210584,myrealbreasts.com,100.00,CNY,2022-04-11,2027-04-11
2026-09-09 17:06:22,210584,toolshedmedia02.com,100.00,CNY,2022-04-11,2027-04-11
2026-09-09 17:06:22,210584,geelongwrx.com,100.00,CNY,2022-04-11,2027-04-11
2026-09-09 17:06:22,210584,hartmanloans.com,100.00,CNY,2022-04-11,2027-04-11
2026-09-09 17:06:22,210584,e-n-i-g-m-a.com,100.00,CNY,2022-04-11,2027-04-11
2026-09-09 17:06:22,210584,jlawrencephotography.com,100.00,CNY,2022-04-11,2027-04-11
2026-09-09 17:06:22,210584,teddy-rosa.com,100.00,CNY,2022-04-11,2027-04-11
2026-09-09 17:06:22,210584,omadjoped.com,100.00,CNY,2022-04-11,2027-04-11
2026-09-09 17:06:22,210584,investmentrecoverylaw.com,100.00,CNY,2022-04-11,2027-04-11
2026-09-09 17:06:22,210584,mohamedrabee.com,100.00,CNY,2022-04-11,2027-04-11
2026-09-09 17:06:22,210584,orient-palace.com,100.00,CNY,2022-04-11,2027-04-11
2026-09-09 17:06:22,210584,beccajuddediting.com,100.00,CNY,2022-04-11,2027-04-11
2026-09-09 17:06:22,210584,hotel-ochsen-hardheim.com,100.00,CNY,2022-04-11,2027-04-11
2026-09-09 17:06:22,210584,isleofcumbraebrewing.com,100.00,CNY,2022-04-11,2027-04-11
2026-09-09 17:06:22,210584,catholicbiblereadings.com,100.00,CNY,2022-04-11,2027-04-11
2026-09-09 17:06:22,210584,255122.com,100.00,CNY,2014-04-11,2027-04-11
2026-09-09 17:06:22,210584,977122.com,100.00,CNY,2014-04-11,2027-04-11
2026-09-09 17:06:22,210584,linksbobetbaru.com,100.00,CNY,2015-04-11,2027-04-11
2026-09-09 17:06:22,210584,hazelit.com,100.00,CNY,2022-04-10,2027-04-10
2026-09-09 17:06:22,210584,michelleburas.com,100.00,CNY,2022-04-10,2027-04-10
2026-09-09 17:06:22,210584,guadalajaraindy.com,100.00,CNY,2022-04-10,2027-04-10
2026-09-09 17:06:22,210584,dubaiwolves.com,100.00,CNY,2022-04-10,2027-04-10
2026-09-09 17:06:22,210584,salonjune.com,100.00,CNY,2022-04-10,2027-04-10
2026-09-09 17:06:22,210584,modernlifemag.com,100.00,CNY,2022-04-10,2027-04-10
2026-09-09 17:06:22,210584,flixnetforme.com,100.00,CNY,2022-04-10,2027-04-10
2026-09-09 17:06:22,210584,shivshaktijaipur.com,100.00,CNY,2022-04-10,2027-04-10
2026-09-09 17:06:22,210584,richflairs.com,100.00,CNY,2022-04-10,2027-04-10
2026-09-09 17:06:22,210584,makingsiamwork.com,100.00,CNY,2022-04-10,2027-04-10
2026-09-09 17:06:22,210584,hoboharvest.com,100.00,CNY,2022-04-10,2027-04-10
2026-09-09 17:06:22,210584,necmicolak.com,100.00,CNY,2022-04-10,2027-04-10
2026-09-09 17:06:22,210584,alloklahomacity.com,100.00,CNY,2009-04-10,2027-04-10
2026-09-09 17:06:22,210584,bjytsdkj.com,100.00,CNY,2018-04-10,2027-04-10
2026-09-09 17:06:22,210584,6160011.com,100.00,CNY,2022-04-10,2027-04-10
2026-09-09 17:06:22,210584,9515022.com,100.00,CNY,2022-04-10,2027-04-10
2026-09-09 17:06:22,210584,7515033.com,100.00,CNY,2022-04-10,2027-04-10
2026-09-09 17:06:22,210584,9080011.com,100.00,CNY,2022-04-10,2027-04-10
2026-09-09 17:06:22,210584,9515011.com,100.00,CNY,2022-04-10,2027-04-10
2026-09-09 17:06:22,210584,8515066.com,100.00,CNY,2022-04-10,2027-04-10
2026-09-09 17:06:22,210584,9515077.com,100.00,CNY,2022-04-10,2027-04-10
2026-09-09 17:06:22,210584,7515077.com,100.00,CNY,2022-04-10,2027-04-10
2026-09-09 17:06:22,210584,6515055.com,100.00,CNY,2022-04-10,2027-04-10
2026-09-09 17:06:22,210584,7515099.com,100.00,CNY,2022-04-10,2027-04-10
2026-09-09 17:06:22,210584,5515033.com,100.00,CNY,2022-04-10,2027-04-10
2026-09-09 17:06:22,210584,6515099.com,100.00,CNY,2022-04-10,2027-04-10
2026-09-09 17:06:22,210584,2515077.com,100.00,CNY,2022-04-10,2027-04-10
2026-09-09 17:06:22,210584,2515011.com,100.00,CNY,2022-04-10,2027-04-10
2026-09-09 17:06:22,210584,theperfectturnover.com,100.00,CNY,2013-04-10,2027-04-10
2026-09-09 17:06:22,210584,gatheredgoodsks.com,100.00,CNY,2015-04-10,2027-04-10
2026-09-09 17:06:22,210584,2515088.com,100.00,CNY,2022-04-10,2027-04-10
2026-09-09 17:06:22,210584,carlohostessmodel.com,100.00,CNY,2014-04-10,2027-04-10
2026-09-09 17:06:22,210584,gxkbpf.com,100.00,CNY,2017-04-10,2027-04-10
2026-09-09 17:06:22,210584,motionsensorguys.com,100.00,CNY,2015-04-10,2027-04-10
2026-09-09 17:06:22,210584,septiccompanyguys.com,100.00,CNY,2015-04-10,2027-04-10
2026-09-09 17:06:22,210584,blindcleaningguys.com,100.00,CNY,2015-04-10,2027-04-10
2026-09-09 17:06:22,210584,xjxydb.com,100.00,CNY,2022-04-10,2027-04-10
2026-09-09 17:06:22,210584,minkaairefanguys.com,100.00,CNY,2015-04-10,2027-04-10
2026-09-09 17:06:22,210584,drtpc-cu.com,100.00,CNY,2022-04-10,2027-04-10
2026-09-09 17:06:22,210584,darylsoh.com,100.00,CNY,2022-04-10,2027-04-10
2026-09-09 17:06:22,210584,cwmcw.com,100.00,CNY,2022-04-10,2027-04-10
2026-09-09 17:06:22,210584,docsxpert.com,100.00,CNY,2022-04-10,2027-04-10
2026-09-09 17:06:22,210584,danhornsaddlery.com,100.00,CNY,2002-04-12,2027-04-12
2026-09-09 17:06:22,210584,shamanlogos.com,100.00,CNY,2022-04-12,2027-04-12
2026-09-09 17:06:22,210584,moorestokenya.com,100.00,CNY,2010-04-12,2027-04-12
2026-09-09 17:06:22,210584,arklatexads.com,100.00,CNY,2015-04-13,2027-04-13
2026-09-09 17:06:22,210584,bakingforcomfort.com,100.00,CNY,2010-04-13,2027-04-13
2026-09-09 17:06:22,210584,natimeetsworld.com,100.00,CNY,2014-04-13,2027-04-13
2026-09-09 17:06:22,210584,hjzhenfang.com,100.00,CNY,2017-04-13,2027-04-13
2026-09-09 17:06:22,210584,dcellulartuo.com,100.00,CNY,2022-04-13,2027-04-13
2026-09-09 17:06:22,210584,direlandsao.com,100.00,CNY,2022-04-13,2027-04-13
2026-09-09 17:06:22,210584,dhollywoodgao.com,100.00,CNY,2022-04-13,2027-04-13
2026-09-09 17:06:22,210584,okapopo.com,100.00,CNY,2022-04-13,2027-04-13
2026-09-09 17:06:22,210584,z1wx.com,100.00,CNY,2022-04-13,2027-04-13
2026-09-09 17:06:22,210584,zihengchen.com,100.00,CNY,2022-04-13,2027-04-13
2026-09-09 17:06:22,210584,foodrecallsinamerica.com,100.00,CNY,2022-04-13,2027-04-13
2026-09-09 17:06:22,210584,heelsandcoffeebeans.com,100.00,CNY,2022-04-13,2027-04-13
2026-09-09 17:06:22,210584,galenadui.com,100.00,CNY,2022-04-13,2027-04-13
2026-09-09 17:06:22,210584,twijri.com,100.00,CNY,2019-04-13,2027-04-13
2026-09-09 17:06:22,210584,roomfordesserts.com,100.00,CNY,2022-04-13,2027-04-13
2026-09-09 17:06:22,210584,realworldrapport.com,100.00,CNY,2022-04-13,2027-04-13
2026-09-09 17:06:22,210584,durangogun.com,100.00,CNY,2022-04-13,2027-04-13
2026-09-09 17:06:22,210584,prodinger-gfb.com,100.00,CNY,2022-04-13,2027-04-13
2026-09-09 17:06:22,210584,scrapbookingdigitally.com,100.00,CNY,2022-04-13,2027-04-13
2026-09-09 17:06:22,210584,tendercaremunising.com,100.00,CNY,2022-04-13,2027-04-13
2026-09-09 17:06:22,210584,affilifetch.com,100.00,CNY,2022-04-13,2027-04-13
2026-09-09 17:06:22,210584,tempospectacle.com,100.00,CNY,2022-04-13,2027-04-13
2026-09-09 17:06:22,210584,schonefeldairporthotels.com,100.00,CNY,2022-04-13,2027-04-13
2026-09-09 17:06:22,210584,150plus.com,100.00,CNY,2022-04-13,2027-04-13
2026-09-09 17:06:22,210584,christianarchitecture.com,100.00,CNY,2022-04-13,2027-04-13
2026-09-09 17:06:22,210584,hubold-thailandtrade.com,100.00,CNY,2022-04-13,2027-04-13
2026-09-09 17:06:22,210584,free-antivirusprotection.com,100.00,CNY,2022-04-13,2027-04-13
2026-09-09 17:06:22,210584,spark-squad.com,100.00,CNY,2022-04-13,2027-04-13
2026-09-09 17:06:22,210584,aardvarkadvertising.com,100.00,CNY,2022-04-13,2027-04-13
2026-09-09 17:06:22,210584,bancarellaweb.com,100.00,CNY,2022-04-13,2027-04-13
2026-09-09 17:06:22,210584,societasmanagement.com,100.00,CNY,2022-04-13,2027-04-13
2026-09-09 17:06:22,210584,vegetableoilrecovery.com,100.00,CNY,2022-04-13,2027-04-13
2026-09-09 17:06:22,210584,lancasterdulcimer.com,100.00,CNY,2022-04-13,2027-04-13
2026-09-09 17:06:22,210584,mobilegamesseminar.com,100.00,CNY,2022-04-13,2027-04-13
2026-09-09 17:06:22,210584,immaculatepilgrimages.com,100.00,CNY,2022-04-13,2027-04-13
2026-09-09 17:06:22,210584,japan-onsa.com,100.00,CNY,2022-04-13,2027-04-13
2026-09-09 17:06:22,210584,hialeahlighting.com,100.00,CNY,2022-04-13,2027-04-13
2026-09-09 17:06:22,210584,interculturalcoachingcenter.com,100.00,CNY,2022-04-13,2027-04-13
2026-09-09 17:06:22,210584,dodsonworkshop.com,100.00,CNY,2012-04-13,2027-04-13
2026-09-09 17:06:22,210584,jhjkgz.com,100.00,CNY,2020-04-13,2027-04-13
2026-09-09 17:06:22,210584,wecleancarpetdf.com,100.00,CNY,2011-04-13,2027-04-13
2026-09-09 17:06:22,210584,maisons-condos.com,100.00,CNY,2000-04-14,2027-04-14
2026-09-09 17:06:22,210584,wx0511.com,100.00,CNY,2019-04-14,2027-04-14
2026-09-09 17:06:22,210584,oliverdelgadophoto.com,100.00,CNY,2013-04-14,2027-04-14
2026-09-09 17:06:22,210584,bcc237ce.com,100.00,CNY,2020-04-14,2027-04-14
2026-09-09 17:06:22,210584,worldclassprojects.com,100.00,CNY,2001-04-14,2027-04-14
2026-09-09 17:06:22,210584,minidescarga.com,100.00,CNY,2008-04-14,2027-04-14
2026-09-09 17:06:22,210584,fm2a.com,100.00,CNY,2022-04-14,2027-04-14
2026-09-09 17:06:22,210584,5115w.com,100.00,CNY,2022-04-14,2027-04-14
2026-09-09 17:06:22,210584,kauaicopperart.com,100.00,CNY,2015-04-14,2027-04-14
2026-09-09 17:06:22,210584,essayarcade.com,100.00,CNY,2022-04-14,2027-04-14
2026-09-09 17:06:22,210584,33tui.com,100.00,CNY,2022-04-14,2027-04-14
2026-09-09 17:06:22,210584,dsearchgeng.com,100.00,CNY,2022-04-14,2027-04-14
2026-09-09 17:06:22,210584,335991.com,100.00,CNY,2014-04-14,2027-04-14
2026-09-09 17:06:22,210584,losangelesclubguide.com,100.00,CNY,2022-04-14,2027-04-14
2026-09-09 17:06:22,210584,westernparidingacademy.com,100.00,CNY,2022-04-14,2027-04-14
2026-09-09 17:06:22,210584,network-invest.com,100.00,CNY,2022-04-14,2027-04-14
2026-09-09 17:06:22,210584,mountainmansupplies.com,100.00,CNY,2022-04-14,2027-04-14
2026-09-09 17:06:22,210584,homeadditionsplus.com,100.00,CNY,2022-04-14,2027-04-14
2026-09-09 17:06:22,210584,bahcemakinalari.com,100.00,CNY,2022-04-14,2027-04-14
2026-09-09 17:06:22,210584,thequiltingchannel.com,100.00,CNY,2022-04-14,2027-04-14
2026-09-09 17:06:22,210584,deliciousthingsbakery.com,100.00,CNY,2022-04-14,2027-04-14
2026-09-09 17:06:22,210584,homesbymarkfriedman.com,100.00,CNY,2022-04-14,2027-04-14
2026-09-09 17:06:22,210584,adaikalanatharchurch.com,100.00,CNY,2022-04-14,2027-04-14
2026-09-09 17:06:22,210584,anniestory.com,100.00,CNY,2022-04-14,2027-04-14
2026-09-09 17:06:22,210584,u-bru.com,100.00,CNY,2022-04-14,2027-04-14
2026-09-09 17:06:22,210584,ebullienceconsultancy.com,100.00,CNY,2022-04-14,2027-04-14
2026-09-09 17:06:22,210584,androidassister.com,100.00,CNY,2016-04-14,2027-04-14
2026-09-09 17:06:22,210584,zhaoshougou.com,100.00,CNY,2022-04-14,2027-04-14
2026-09-09 17:06:22,210584,336551.com,100.00,CNY,2014-04-14,2027-04-14
2026-09-09 17:06:22,210584,tuhannentahden.com,100.00,CNY,2022-04-14,2027-04-14
2026-09-09 17:06:22,210584,sylhhy.com,100.00,CNY,2022-04-14,2027-04-14
2026-09-09 17:06:22,210584,rigid-flexcircuits.com,100.00,CNY,2006-04-15,2027-04-15
2026-09-09 17:06:22,210584,wangshoping.com,100.00,CNY,2022-04-14,2027-04-14
2026-09-09 17:06:22,210584,dataintechs.com,100.00,CNY,2022-04-15,2027-04-15
2026-09-09 17:06:22,210584,perthginbar.com,100.00,CNY,2022-04-15,2027-04-15
2026-09-09 17:06:22,210584,top10handbag.com,100.00,CNY,2022-04-15,2027-04-15
2026-09-09 17:06:22,210584,best-laptopreviews.com,100.00,CNY,2022-04-15,2027-04-15
2026-09-09 17:06:22,210584,zhaoxianbanjia.com,100.00,CNY,2020-04-15,2027-04-15
2026-09-09 17:06:22,210584,dhairqing.com,100.00,CNY,2022-04-15,2027-04-15
2026-09-09 17:06:22,210584,dcarhou.com,100.00,CNY,2022-04-15,2027-04-15
2026-09-09 17:06:22,210584,dsportsnou.com,100.00,CNY,2022-04-15,2027-04-15
2026-09-09 17:06:22,210584,deuroque.com,100.00,CNY,2022-04-15,2027-04-15
2026-09-09 17:06:22,210584,hotelgayatriresidency.com,100.00,CNY,2022-04-15,2027-04-15
2026-09-09 17:06:22,210584,colourmusicmedia.com,100.00,CNY,2010-04-15,2027-04-15
2026-09-09 17:06:22,210584,lappegardphotography.com,100.00,CNY,2022-04-16,2027-04-16
2026-09-09 17:06:22,210584,christlicher-schmuck.com,100.00,CNY,2022-04-16,2027-04-16
2026-09-09 17:06:22,210584,jiushuhua.com,100.00,CNY,2016-04-16,2027-04-16
2026-09-09 17:06:22,210584,joinusbiking.com,100.00,CNY,2017-04-16,2027-04-16
2026-09-09 17:06:22,210584,viagraonlinecheapviagraghm.com,100.00,CNY,2022-04-16,2027-04-16
2026-09-09 17:06:22,210584,abcd-ch.com,100.00,CNY,2022-04-16,2027-04-16
2026-09-09 17:06:22,210584,daon-oa.com,100.00,CNY,2022-04-16,2027-04-16
2026-09-09 17:06:22,210584,gflkz.com,100.00,CNY,2022-04-16,2027-04-16
2026-09-09 17:06:22,210584,nnnsl.com,100.00,CNY,2022-04-16,2027-04-16
2026-09-09 17:06:22,210584,legolist.com,100.00,CNY,2022-04-16,2027-04-16
2026-09-09 17:06:22,210584,th-movie.com,100.00,CNY,2022-04-16,2027-04-16
2026-09-09 17:06:22,210584,profenda.com,100.00,CNY,2022-04-16,2027-04-16
2026-09-09 17:06:22,210584,lampacademy.com,100.00,CNY,2022-04-16,2027-04-16
2026-09-09 17:06:22,210584,922662.com,100.00,CNY,2014-04-16,2027-04-16
2026-09-09 17:06:22,210584,vulcanranges.com,100.00,CNY,2022-04-16,2027-04-16
2026-09-09 17:06:22,210584,edbouchette.com,100.00,CNY,2022-04-16,2027-04-16
2026-09-09 17:06:22,210584,jumbopoppers.com,100.00,CNY,2022-04-16,2027-04-16
2026-09-09 17:06:22,210584,papillonbeachwear.com,100.00,CNY,2015-04-16,2027-04-16
2026-09-09 17:06:22,210584,newsagencyltd.com,100.00,CNY,2022-04-17,2027-04-17
2026-09-09 17:06:22,210584,theseedconservatory.com,100.00,CNY,2022-04-17,2027-04-17
2026-09-09 17:06:22,210584,fuyouqin.com,100.00,CNY,2018-04-17,2027-04-17
2026-09-09 17:06:22,210584,longboshidoors.com,100.00,CNY,2020-04-17,2027-04-17
2026-09-09 17:06:22,210584,822900.com,100.00,CNY,2008-04-17,2027-04-17
2026-09-09 17:06:22,210584,rmsofa.com,100.00,CNY,2020-04-17,2027-04-17
2026-09-09 17:06:22,210584,nashreostad.com,100.00,CNY,2022-04-17,2027-04-17
2026-09-09 17:06:22,210584,casaexcelente.com,100.00,CNY,2022-04-17,2027-04-17
2026-09-09 17:06:22,210584,hatastroj.com,100.00,CNY,2022-04-17,2027-04-17
2026-09-09 17:06:22,210584,fashion4homes.com,100.00,CNY,2022-04-17,2027-04-17
2026-09-09 17:06:22,210584,gardenbeehives.com,100.00,CNY,2022-04-17,2027-04-17
2026-09-09 17:06:22,210584,elclubdelahorro.com,100.00,CNY,2022-04-17,2027-04-17
2026-09-09 17:06:22,210584,jhtproperties.com,100.00,CNY,2022-04-17,2027-04-17
2026-09-09 17:06:22,210584,ashworthlawfirm.com,100.00,CNY,2022-04-17,2027-04-17
2026-09-09 17:06:22,210584,venusknowsbest.com,100.00,CNY,2022-04-17,2027-04-17
2026-09-09 17:06:22,210584,thiswaytowealth.com,100.00,CNY,2022-04-17,2027-04-17
2026-09-09 17:06:22,210584,expesports.com,100.00,CNY,2022-04-17,2027-04-17
2026-09-09 17:06:22,210584,infinitrium.com,100.00,CNY,2022-04-17,2027-04-17
2026-09-09 17:06:22,210584,baharaknekessa.com,100.00,CNY,2022-04-17,2027-04-17
2026-09-09 17:06:22,210584,georgiebgoode.com,100.00,CNY,2015-04-17,2027-04-17
2026-09-09 17:06:22,210584,lovedatezone.com,100.00,CNY,2022-04-17,2027-04-17
2026-09-09 17:06:22,210584,marylandkings.com,100.00,CNY,2022-04-17,2027-04-17
2026-09-09 17:06:22,210584,lifehacktr.com,100.00,CNY,2022-04-17,2027-04-17
2026-09-09 17:06:22,210584,medyakiti.com,100.00,CNY,2022-04-17,2027-04-17
2026-09-09 17:06:22,210584,jimmccarthyteam.com,100.00,CNY,2022-04-17,2027-04-17
2026-09-09 17:06:22,210584,maxbiraghi.com,100.00,CNY,2022-04-17,2027-04-17
2026-09-09 17:06:22,210584,super-precios.com,100.00,CNY,2022-04-17,2027-04-17
2026-09-09 17:06:22,210584,ranking-number1.com,100.00,CNY,2022-04-17,2027-04-17
2026-09-09 17:06:22,210584,spangalas.com,100.00,CNY,2022-04-17,2027-04-17
2026-09-09 17:06:22,210584,administraion.com,100.00,CNY,2022-04-17,2027-04-17
2026-09-09 17:06:22,210584,whoregamer.com,100.00,CNY,2022-04-17,2027-04-17
2026-09-09 17:06:22,210584,thegemagenda.com,100.00,CNY,2022-04-17,2027-04-17
2026-09-09 17:06:22,210584,topsovety.com,100.00,CNY,2022-04-17,2027-04-17
2026-09-09 17:06:22,210584,noulacarolina.com,100.00,CNY,2022-04-17,2027-04-17
2026-09-09 17:06:22,210584,missgialove.com,100.00,CNY,2022-04-17,2027-04-17
2026-09-09 17:06:22,210584,kornantique.com,100.00,CNY,2022-04-12,2027-04-12
2026-09-09 17:06:22,210584,douggutwein.com,100.00,CNY,2022-04-12,2027-04-12
2026-09-09 17:06:22,210584,nacaobrasil.com,100.00,CNY,2022-04-12,2027-04-12
2026-09-09 17:06:22,210584,dads-for-education.com,100.00,CNY,2022-04-12,2027-04-12
2026-09-09 17:06:22,210584,lincolnlascolinas.com,100.00,CNY,2022-04-12,2027-04-12
2026-09-09 17:06:22,210584,finesthomedesigns.com,100.00,CNY,2022-04-12,2027-04-12
2026-09-09 17:06:22,210584,marketingmedicblog.com,100.00,CNY,2016-04-12,2027-04-12
2026-09-09 17:06:22,210584,jndsdljz.com,100.00,CNY,2017-04-12,2027-04-12
2026-09-09 17:06:22,210584,sxmslube.com,100.00,CNY,2018-04-16,2027-04-16
2026-09-09 17:06:22,210584,arianafineafghan.com,100.00,CNY,2022-04-13,2027-04-13
2026-09-09 17:06:22,210584,czweiyin.com,100.00,CNY,2020-04-14,2027-04-14
2026-09-09 17:06:22,210584,paginasperu.com,100.00,CNY,2022-04-17,2027-04-17
2026-09-09 17:06:22,210584,flangebuster.com,100.00,CNY,2022-04-12,2027-04-12
2026-09-09 17:06:22,210584,6877000.com,100.00,CNY,2022-05-07,2027-05-07
2026-09-09 17:06:22,210584,lemasterauction.com,100.00,CNY,2022-05-07,2027-05-07
2026-09-09 17:06:22,210584,jb-equestrian.com,100.00,CNY,2022-05-07,2027-05-07
2026-09-09 17:06:22,210584,at-home-profits.com,100.00,CNY,2022-05-07,2027-05-07
2026-09-09 17:06:22,210584,brpsoez.com,100.00,CNY,2002-05-07,2027-05-07
2026-09-09 17:06:22,210584,xbpkfq.com,100.00,CNY,2015-05-07,2027-05-07
2026-09-09 17:06:22,210584,lqjinkun.com,100.00,CNY,2018-05-07,2027-05-07
2026-09-09 17:06:22,210584,maijiufanli.com,100.00,CNY,2020-05-06,2027-05-06
2026-09-09 17:06:22,210584,jianzhongzhuangyuan.com,100.00,CNY,2018-05-06,2027-05-06
2026-09-09 17:06:22,210584,orchestrator-2012.com,100.00,CNY,2016-05-06,2027-05-06
2026-09-09 17:06:22,210584,dlffoundation.com,100.00,CNY,2002-01-08,2027-05-06
2026-09-09 17:06:22,210584,xiqiao-violin.com,100.00,CNY,2020-05-06,2027-05-06
2026-09-09 17:06:22,210584,temcoinstruments.com,100.00,CNY,2022-05-06,2027-05-06
2026-09-09 17:06:22,210584,6952000.com,100.00,CNY,2022-05-05,2027-05-05
2026-09-09 17:06:22,210584,scrapersrus.com,100.00,CNY,2022-05-05,2027-05-05
2026-09-09 17:06:22,210584,xmlxjz.com,100.00,CNY,2016-05-06,2027-05-06
2026-09-09 17:06:22,210584,cupfullofmagic.com,100.00,CNY,2022-05-05,2027-05-05
2026-09-09 17:06:22,210584,kjjpk.com,100.00,CNY,2015-05-05,2027-05-05
2026-09-09 17:06:28,210584,ciscoautoshop.com,100.00,CNY,2013-05-05,2027-05-05
2026-09-09 17:06:28,210584,dearqq.com,100.00,CNY,2014-05-04,2027-05-04
2026-09-09 17:06:28,210584,yuasabatt.com,100.00,CNY,2018-05-05,2027-05-05
2026-09-09 17:06:28,210584,premiumled-lb.com,100.00,CNY,2015-05-05,2027-05-05
2026-09-09 17:06:28,210584,phillippifruit.com,100.00,CNY,2015-05-06,2027-05-06
2026-09-09 17:06:28,210584,plotsofthewicked.com,100.00,CNY,2022-05-06,2027-05-06
2026-09-09 17:06:28,210584,6951000.com,100.00,CNY,2022-05-05,2027-05-05
2026-09-09 17:06:28,210584,shenrancaijing.com,100.00,CNY,2021-05-08,2027-05-08
2026-09-09 17:06:28,210584,huigengkuai.com,100.00,CNY,2020-05-14,2027-05-14
2026-09-09 17:06:28,210584,dzqxjx.com,100.00,CNY,2018-05-14,2027-05-14
2026-09-09 17:06:28,210584,yzdgzf.com,100.00,CNY,2018-05-13,2027-05-13
2026-09-09 17:06:28,210584,xiyagu.com,100.00,CNY,2018-05-12,2027-05-12
2026-09-09 17:06:28,210584,hbjygg.com,100.00,CNY,2018-05-12,2027-05-12
2026-09-09 17:06:28,210584,laiyayan.com,100.00,CNY,2017-05-12,2027-05-12
2026-09-09 17:06:28,210584,pacepa.com,100.00,CNY,2018-05-13,2027-05-13
2026-09-09 17:06:28,210584,czggwh.com,100.00,CNY,2018-05-13,2027-05-13
2026-09-09 17:06:28,210584,ctsonl.com,100.00,CNY,2016-05-09,2027-05-09
2026-09-09 17:06:28,210584,fjagjc.com,100.00,CNY,2018-05-09,2027-05-09
2026-09-09 17:06:28,210584,cnc-toolholder.com,100.00,CNY,2022-05-09,2027-05-09
2026-09-09 17:06:28,210584,hbjsxs.com,100.00,CNY,2018-05-09,2027-05-09
2026-09-09 17:06:28,210584,ycqhfz.com,100.00,CNY,2018-05-09,2027-05-09
2026-09-09 17:06:28,210584,bpaoday.com,100.00,CNY,2022-05-08,2027-05-08
2026-09-09 17:06:28,210584,lzfkslbz.com,100.00,CNY,2018-05-09,2027-05-09
2026-09-09 17:06:28,210584,wshouend.com,100.00,CNY,2022-05-08,2027-05-08
2026-09-09 17:06:28,210584,shanhebxg6888.com,100.00,CNY,2017-05-08,2027-05-08
2026-09-09 17:06:28,210584,8753000.com,100.00,CNY,2022-05-08,2027-05-08
2026-09-09 17:06:28,210584,euclidesemdestaque.com,100.00,CNY,2011-05-08,2027-05-08
2026-09-09 17:06:28,210584,czjrcszx.com,100.00,CNY,2018-05-08,2027-05-08
2026-09-09 17:06:28,210584,wnshi.com,100.00,CNY,2013-05-07,2027-05-07
2026-09-09 17:06:28,210584,huaxindianqi.com,100.00,CNY,2018-05-08,2027-05-08
2026-09-09 17:06:28,210584,wnlwzj.com,100.00,CNY,2016-05-08,2027-05-08
2026-09-09 17:06:28,210584,hexingjg.com,100.00,CNY,2018-05-08,2027-05-08
2026-09-09 17:06:28,210584,ywdwfashion.com,100.00,CNY,2018-05-08,2027-05-08
2026-09-09 17:06:28,210584,lcrhgg.com,100.00,CNY,2014-05-07,2027-05-07
2026-09-09 17:06:28,210584,jnbsjx.com,100.00,CNY,2018-05-12,2027-05-12
2026-09-09 17:06:28,210584,bojin-hotel.com,100.00,CNY,2018-05-13,2027-05-13
2026-09-09 17:06:28,210584,loveyou5201314.com,100.00,CNY,2020-05-12,2027-05-12
2026-09-09 17:06:28,210584,gjpqy.com,100.00,CNY,2022-05-12,2027-05-12
2026-09-09 17:06:28,210584,024zhan.com,100.00,CNY,2019-05-11,2027-05-11
2026-09-09 17:06:28,210584,bjqbsz.com,100.00,CNY,2016-05-11,2027-05-11
2026-09-09 17:06:28,210584,wnsr358.com,100.00,CNY,2022-05-11,2027-05-11
2026-09-09 17:06:28,210584,jurunblg.com,100.00,CNY,2018-05-11,2027-05-11
2026-09-09 17:06:28,210584,madebeautyandco.com,100.00,CNY,2016-05-11,2027-05-11
2026-09-09 17:06:28,210584,7858755.com,100.00,CNY,2022-05-11,2027-05-11
2026-09-09 17:06:28,210584,hnzhanrui.com,100.00,CNY,2018-05-11,2027-05-11
2026-09-09 17:06:28,210584,cftgb.com,100.00,CNY,2022-05-11,2027-05-11
2026-09-09 17:06:28,210584,fc0530.com,100.00,CNY,2019-05-11,2027-05-11
2026-09-09 17:06:28,210584,6251099.com,100.00,CNY,2022-05-10,2027-05-10
2026-09-09 17:06:28,210584,bdcct.com,100.00,CNY,2022-05-11,2027-05-11
2026-09-09 17:06:28,210584,6251077.com,100.00,CNY,2022-05-10,2027-05-10
2026-09-09 17:06:28,210584,6251011.com,100.00,CNY,2022-05-10,2027-05-10
2026-09-09 17:06:28,210584,jessemccray.com,100.00,CNY,2022-05-10,2027-05-10
2026-09-09 17:06:28,210584,jrylc.com,100.00,CNY,2012-05-10,2027-05-10
2026-09-09 17:06:28,210584,6688700.com,100.00,CNY,2022-05-09,2027-05-09
2026-09-09 17:06:28,210584,lqgshb.com,100.00,CNY,2018-05-10,2027-05-10
2026-09-09 17:06:28,210584,zzsanmiao.com,100.00,CNY,2018-05-09,2027-05-09
2026-09-09 17:06:28,210584,bjhuajin.com,100.00,CNY,2020-05-09,2027-05-09
2026-09-09 17:06:28,210584,akdshipping.com,100.00,CNY,2022-05-09,2027-05-09
2026-09-09 17:06:28,210584,ghhzp.com,100.00,CNY,2009-05-08,2027-05-08
2026-09-09 17:06:28,210584,8758000.com,100.00,CNY,2022-05-08,2027-05-08
2026-09-09 17:06:28,210584,7257000.com,100.00,CNY,2022-05-23,2027-05-23
2026-09-09 17:06:28,210584,1476111.com,100.00,CNY,2022-05-22,2027-05-22
2026-09-09 17:06:28,210584,0069666.com,100.00,CNY,2022-05-22,2027-05-22
2026-09-09 17:06:28,210584,7256000.com,100.00,CNY,2022-05-23,2027-05-23
2026-09-09 17:06:28,210584,7251000.com,100.00,CNY,2022-05-23,2027-05-23
2026-09-09 17:06:28,210584,timefreezeapp.com,100.00,CNY,2022-05-22,2027-05-22
2026-09-09 17:06:28,210584,nanhai-window.com,100.00,CNY,2022-05-22,2027-05-22
2026-09-09 17:06:28,210584,5375000.com,100.00,CNY,2022-05-22,2027-05-22
2026-09-09 17:06:28,210584,0069555.com,100.00,CNY,2022-05-22,2027-05-22
2026-09-09 17:06:28,210584,hkbinjianghotel.com,100.00,CNY,2022-05-22,2027-05-22
2026-09-09 17:06:28,210584,5825000.com,100.00,CNY,2022-05-21,2027-05-21
2026-09-09 17:06:28,210584,haciendaoffshore.com,100.00,CNY,2007-05-21,2027-05-21
2026-09-09 17:06:28,210584,zhuyantianshi.com,100.00,CNY,2012-05-21,2027-05-21
2026-09-09 17:06:28,210584,5823000.com,100.00,CNY,2022-05-21,2027-05-21
2026-09-09 17:06:28,210584,jfjvy.com,100.00,CNY,2019-05-21,2027-05-21
2026-09-09 17:06:28,210584,8267000.com,100.00,CNY,2022-05-20,2027-05-20
2026-09-09 17:06:28,210584,qdhaiyangxin.com,100.00,CNY,2017-05-21,2027-05-21
2026-09-09 17:06:28,210584,xjgry.com,100.00,CNY,2020-05-21,2027-05-21
2026-09-09 17:06:28,210584,jyrtsf.com,100.00,CNY,2020-05-21,2027-05-21
2026-09-09 17:06:28,210584,my-hentai.com,100.00,CNY,2020-05-20,2027-05-20
2026-09-09 17:06:28,210584,czyqjg.com,100.00,CNY,2013-05-20,2027-05-20
2026-09-09 17:06:28,210584,hkpt-ltd.com,100.00,CNY,2014-05-20,2027-05-20
2026-09-09 17:06:28,210584,xiubeijia.com,100.00,CNY,2016-05-19,2027-05-19
2026-09-09 17:06:28,210584,huichijiu.com,100.00,CNY,2020-05-19,2027-05-19
2026-09-09 17:06:28,210584,phonicsacademy.com,100.00,CNY,2010-05-19,2027-05-19
2026-09-09 17:06:28,210584,fullofhappy.com,100.00,CNY,2015-05-19,2027-05-19
2026-09-09 17:06:28,210584,hndxcm.com,100.00,CNY,2015-05-19,2027-05-19
2026-09-09 17:06:28,210584,e3dark.com,100.00,CNY,2019-05-23,2027-05-23
2026-09-09 17:06:28,210584,ss3586888.com,100.00,CNY,2020-05-19,2027-05-19
2026-09-09 17:06:28,210584,9175000.com,100.00,CNY,2022-05-19,2027-05-19
2026-09-09 17:06:28,210584,wsdjz88.com,100.00,CNY,2020-05-20,2027-05-20
2026-09-09 17:06:28,210584,huibuchong.com,100.00,CNY,2020-05-19,2027-05-19
2026-09-09 17:06:28,210584,danakellermusic.com,100.00,CNY,2014-05-18,2027-05-18
2026-09-09 17:06:28,210584,ito-haining.com,100.00,CNY,2017-05-18,2027-05-18
2026-09-09 17:06:28,210584,huigonggong.com,100.00,CNY,2020-05-19,2027-05-19
2026-09-09 17:06:28,210584,qdjz599.com,100.00,CNY,2017-05-19,2027-05-19
2026-09-09 17:06:28,210584,huicongye.com,100.00,CNY,2020-05-19,2027-05-19
2026-09-09 17:06:28,210584,huishouting.com,100.00,CNY,2020-05-19,2027-05-19
2026-09-09 17:06:28,210584,huiguzhang.com,100.00,CNY,2020-05-19,2027-05-19
2026-09-09 17:06:28,210584,fanleiqi.com,100.00,CNY,2019-05-18,2027-05-18
2026-09-09 17:06:28,210584,dyqunyi.com,100.00,CNY,2019-05-18,2027-05-18
2026-09-09 17:06:28,210584,fhbrb.com,100.00,CNY,2020-05-18,2027-05-18
2026-09-09 17:06:28,210584,glmcreations.com,100.00,CNY,2011-05-18,2027-05-18
2026-09-09 17:06:28,210584,elolivardelaluna.com,100.00,CNY,2013-05-18,2027-05-18
2026-09-09 17:06:28,210584,tedxchemungriver.com,100.00,CNY,2011-05-18,2027-05-18
2026-09-09 17:06:28,210584,achildsdentist.com,100.00,CNY,2007-05-18,2027-05-18
2026-09-09 17:06:28,210584,onerevren.com,100.00,CNY,2014-05-17,2027-05-17
2026-09-09 17:06:28,210584,dhgsc.com,100.00,CNY,2022-05-18,2027-05-18
2026-09-09 17:06:28,210584,uplakemedia.com,100.00,CNY,2009-05-17,2027-05-17
2026-09-09 17:06:28,210584,czehhomeorgy.com,100.00,CNY,2013-05-17,2027-05-17
2026-09-09 17:06:28,210584,engineconnector.com,100.00,CNY,2012-05-17,2027-05-17
2026-09-09 17:06:28,210584,h3hockey.com,100.00,CNY,2012-05-17,2027-05-17
2026-09-09 17:06:28,210584,dymxgt.com,100.00,CNY,2019-05-17,2027-05-17
2026-09-09 17:06:28,210584,panelcovers.com,100.00,CNY,2022-05-17,2027-05-17
2026-09-09 17:06:28,210584,hunterjoseph.com,100.00,CNY,2022-05-17,2027-05-17
2026-09-09 17:06:28,210584,kaisonggangtie.com,100.00,CNY,2018-05-17,2027-05-17
2026-09-09 17:06:28,210584,northsaskriverhh.com,100.00,CNY,2008-05-17,2027-05-17
2026-09-09 17:06:28,210584,electrogamic.com,100.00,CNY,2014-05-17,2027-05-17
2026-09-09 17:06:28,210584,wild-ridge.com,100.00,CNY,2013-05-17,2027-05-17
2026-09-09 17:06:28,210584,9775300.com,100.00,CNY,2022-05-16,2027-05-16
2026-09-09 17:06:28,210584,britishanabolics.com,100.00,CNY,2012-05-16,2027-05-16
2026-09-09 17:06:28,210584,bjsltp.com,100.00,CNY,2018-05-17,2027-05-17
2026-09-09 17:06:28,210584,risi168.com,100.00,CNY,2022-05-18,2027-05-18
2026-09-09 17:06:28,210584,9775500.com,100.00,CNY,2022-05-16,2027-05-16
2026-09-09 17:06:28,210584,huiyaoxiang.com,100.00,CNY,2020-05-28,2027-05-28
2026-09-09 17:06:28,210584,td6888.com,100.00,CNY,2022-05-27,2027-05-27
2026-09-09 17:06:28,210584,8157500.com,100.00,CNY,2022-05-27,2027-05-27
2026-09-09 17:06:28,210584,8157300.com,100.00,CNY,2022-05-27,2027-05-27
2026-09-09 17:06:28,210584,8157100.com,100.00,CNY,2022-05-27,2027-05-27
2026-09-09 17:06:28,210584,mundeninfo.com,100.00,CNY,2017-06-08,2027-06-08
2026-09-09 17:06:28,210584,dqaeb.com,100.00,CNY,2021-06-08,2027-06-08
2026-09-09 17:06:28,210584,cqyjdc.com,100.00,CNY,2020-06-24,2027-06-24
2026-09-09 17:06:28,210584,13jiu9.com,100.00,CNY,2020-06-24,2027-06-24
2026-09-09 17:06:28,210584,qingzhuiyijungao.com,100.00,CNY,2016-06-24,2027-06-24
2026-09-09 17:06:28,210584,998636.com,100.00,CNY,2015-06-17,2027-06-17
2026-09-09 17:06:28,210584,huitouqing.com,100.00,CNY,2020-06-18,2027-06-18
2026-09-09 17:06:28,210584,xjchunxiao.com,100.00,CNY,2020-06-23,2027-06-23
2026-09-09 17:06:28,210584,hljwdy.com,100.00,CNY,2019-06-18,2027-06-18
2026-09-09 17:06:28,210584,daqianmedia.com,100.00,CNY,2014-06-16,2027-06-16
2026-09-09 17:06:28,210584,tongjishimian.com,100.00,CNY,2020-06-17,2027-06-17
2026-09-09 17:06:28,210584,xianglongjixi.com,100.00,CNY,2020-06-16,2027-06-16
2026-09-09 17:06:28,210584,sanzb.com,100.00,CNY,2015-06-15,2027-06-15
2026-09-09 17:06:28,210584,xtsmscz1.com,100.00,CNY,2016-06-15,2027-06-15
2026-09-09 17:06:28,210584,jebmy.com,100.00,CNY,2020-06-15,2027-06-15
2026-09-09 17:06:28,210584,tzchaoqi.com,100.00,CNY,2019-06-14,2027-06-14
2026-09-09 17:06:28,210584,huigailan.com,100.00,CNY,2020-06-14,2027-06-14
2026-09-09 17:06:28,210584,jingkongs.com,100.00,CNY,2022-06-10,2027-06-10
2026-09-09 17:06:28,210584,rllajiao.com,100.00,CNY,2020-06-13,2027-06-13
2026-09-09 17:06:28,210584,sjzp168.com,100.00,CNY,2015-06-10,2027-06-10
2026-09-09 17:06:28,210584,shangguangaoyi.com,100.00,CNY,2019-06-10,2027-06-10
2026-09-09 17:06:28,210584,lj820.com,100.00,CNY,2017-06-09,2027-06-09
2026-09-09 17:06:28,210584,qinbay.com,100.00,CNY,2019-06-09,2027-06-09
2026-09-09 17:06:28,210584,w0237.com,100.00,CNY,2018-06-09,2027-06-09
2026-09-09 17:06:28,210584,wzbww.com,100.00,CNY,2022-06-09,2027-06-09
2026-09-09 17:06:28,210584,qianan56.com,100.00,CNY,2020-06-26,2027-06-26
2026-09-09 17:06:28,210584,qiuyue168.com,100.00,CNY,2015-06-26,2027-06-26
2026-09-09 17:06:28,210584,yqmdzmd.com,100.00,CNY,2021-06-26,2027-06-26
2026-09-09 17:06:48,210584,90qianxian.com,150.00,CNY,2019-04-06,2027-04-06
2026-09-09 17:06:48,210584,851758.com,150.00,CNY,2021-04-06,2027-04-06
2026-09-09 17:06:48,210584,zkqpw.com,150.00,CNY,2021-04-05,2027-04-05
2026-09-09 17:06:48,210584,879758.com,150.00,CNY,2021-04-06,2027-04-06
2026-09-09 17:06:48,210584,tpqpw.com,150.00,CNY,2021-04-05,2027-04-05
2026-09-09 17:06:48,210584,zpzyw.com,150.00,CNY,2021-04-05,2027-04-05
2026-09-09 17:06:48,210584,851798.com,150.00,CNY,2021-04-06,2027-04-06
2026-09-09 17:06:48,210584,bpsbw.com,150.00,CNY,2021-04-06,2027-04-06
2026-09-09 17:06:48,210584,wanzimy.com,150.00,CNY,2021-04-06,2027-04-06
2026-09-09 17:06:48,210584,yrjcw.com,150.00,CNY,2021-04-05,2027-04-05
2026-09-09 17:06:48,210584,836918.com,150.00,CNY,2021-04-06,2027-04-06
2026-09-09 17:06:48,210584,vtongpay.com,150.00,CNY,2021-04-07,2027-04-07
2026-09-09 17:06:48,210584,851958.com,150.00,CNY,2021-04-06,2027-04-06
2026-09-09 17:06:48,210584,852698.com,150.00,CNY,2021-04-06,2027-04-06
2026-09-09 17:06:48,210584,xrdsw.com,150.00,CNY,2021-04-05,2027-04-05
2026-09-09 17:06:48,210584,zpdsw.com,150.00,CNY,2021-04-05,2027-04-05
2026-09-09 17:06:48,210584,rnqpw.com,150.00,CNY,2021-04-05,2027-04-05
2026-09-09 17:06:48,210584,871358.com,150.00,CNY,2021-04-06,2027-04-06
2026-09-09 17:06:48,210584,837668.com,150.00,CNY,2021-04-06,2027-04-06
2026-09-09 17:06:48,210584,837258.com,150.00,CNY,2021-04-06,2027-04-06
2026-09-09 17:06:48,210584,859578.com,150.00,CNY,2021-04-06,2027-04-06
2026-09-09 17:06:48,210584,856728.com,150.00,CNY,2021-04-06,2027-04-06
2026-09-09 17:06:48,210584,xrjcw.com,150.00,CNY,2021-04-05,2027-04-05
2026-09-09 17:06:48,210584,gtsbw.com,150.00,CNY,2021-04-06,2027-04-06
2026-09-09 17:06:48,210584,bmsbw.com,150.00,CNY,2021-04-06,2027-04-06
2026-09-09 17:06:48,210584,rtqpw.com,150.00,CNY,2021-04-05,2027-04-05
2026-09-09 17:06:48,210584,tpjcw.com,150.00,CNY,2021-04-05,2027-04-05
2026-09-09 17:06:48,210584,851658.com,150.00,CNY,2021-04-06,2027-04-06
2026-09-09 17:06:48,210584,xpjjw.com,150.00,CNY,2021-04-05,2027-04-05
2026-09-09 17:06:48,210584,wrjcw.com,150.00,CNY,2021-04-05,2027-04-05
2026-09-09 17:06:48,210584,rwqpw.com,150.00,CNY,2021-04-05,2027-04-05
2026-09-09 17:06:48,210584,xqqpw.com,150.00,CNY,2021-04-05,2027-04-05
2026-09-09 17:06:48,210584,tqlyw.com,150.00,CNY,2021-04-05,2027-04-05
2026-09-09 17:06:48,210584,rpqpw.com,150.00,CNY,2021-04-05,2027-04-05
2026-09-09 17:06:48,210584,mrsbw.com,150.00,CNY,2021-04-06,2027-04-06
2026-09-09 17:06:48,210584,873958.com,150.00,CNY,2021-04-06,2027-04-06
2026-09-09 17:06:48,210584,871738.com,150.00,CNY,2021-04-06,2027-04-06
2026-09-09 17:06:48,210584,twjcw.com,150.00,CNY,2021-04-05,2027-04-05
2026-09-09 17:06:48,210584,gpsbw.com,150.00,CNY,2021-04-06,2027-04-06
2026-09-09 17:06:48,210584,yrqpw.com,150.00,CNY,2021-04-05,2027-04-05
2026-09-09 17:06:48,210584,xnxcl.com,150.00,CNY,2021-04-05,2027-04-05
2026-09-09 17:06:48,210584,rxqpw.com,150.00,CNY,2021-04-05,2027-04-05
2026-09-09 17:06:48,210584,rqqpw.com,150.00,CNY,2021-04-05,2027-04-05
2026-09-09 17:06:48,210584,873758.com,150.00,CNY,2021-04-06,2027-04-06
2026-09-09 17:06:48,210584,835378.com,150.00,CNY,2021-04-06,2027-04-06
2026-09-09 17:06:48,210584,xrqpw.com,150.00,CNY,2021-04-05,2027-04-05
2026-09-09 17:06:48,210584,b0c3n.com,150.00,CNY,2021-04-10,2027-04-10
2026-09-09 17:06:48,210584,xzsbzy.com,150.00,CNY,2021-04-08,2027-04-08
2026-09-09 17:06:48,210584,wlxbjsc.com,150.00,CNY,2021-04-08,2027-04-08
2026-09-09 17:06:48,210584,hgongzi.com,150.00,CNY,2021-04-10,2027-04-10
2026-09-09 17:06:48,210584,jszjmjg.com,150.00,CNY,2021-04-08,2027-04-08
2026-09-09 17:06:48,210584,nbxinfo.com,150.00,CNY,2021-04-13,2027-04-13
2026-09-09 17:06:48,210584,cqyuhaochuju.com,150.00,CNY,2021-04-12,2027-04-12
2026-09-09 17:06:48,210584,ing828.com,150.00,CNY,2021-04-09,2027-04-09
2026-09-09 17:06:48,210584,sdhqdjs.com,150.00,CNY,2021-04-10,2027-04-10
2026-09-09 17:06:48,210584,huafeidaquan.com,150.00,CNY,2021-04-12,2027-04-12
2026-09-09 17:06:48,210584,citypalaceinc.com,150.00,CNY,2021-04-09,2027-04-09
2026-09-09 17:06:48,210584,shsh095.com,150.00,CNY,2021-04-12,2027-04-12
2026-09-09 17:06:48,210584,nmgrxgs.com,150.00,CNY,2021-04-09,2027-04-09
2026-09-09 17:06:48,210584,gwxxg.com,150.00,CNY,2021-04-17,2027-04-17
2026-09-09 17:06:48,210584,kbxxg.com,150.00,CNY,2021-04-17,2027-04-17
2026-09-09 17:06:48,210584,dldsw.com,150.00,CNY,2021-05-14,2027-05-14
2026-09-09 17:06:48,210584,fdlyw.com,150.00,CNY,2021-05-14,2027-05-14
2026-09-09 17:06:48,210584,drdyw.com,150.00,CNY,2021-05-14,2027-05-14
2026-09-09 17:06:48,210584,bhqpw.com,150.00,CNY,2021-05-14,2027-05-14
2026-09-09 17:06:48,210584,cpqpw.com,150.00,CNY,2021-05-14,2027-05-14
2026-09-09 17:06:48,210584,xkzxw.com,150.00,CNY,2021-05-14,2027-05-14
2026-09-09 17:06:48,210584,ffdsw.com,150.00,CNY,2021-05-14,2027-05-14
2026-09-09 17:06:48,210584,fbxww.com,150.00,CNY,2021-05-14,2027-05-14
2026-09-09 17:06:48,210584,jbkjw.com,150.00,CNY,2021-05-18,2027-05-18
2026-09-09 17:06:48,210584,rrshw.com,150.00,CNY,2021-05-18,2027-05-18
2026-09-09 17:06:48,210584,kcxww.com,150.00,CNY,2021-05-18,2027-05-18
2026-09-09 17:06:48,210584,skzsw.com,150.00,CNY,2021-05-18,2027-05-18
2026-09-09 17:06:48,210584,qrxcx.com,150.00,CNY,2021-05-18,2027-05-18
2026-09-09 17:06:48,210584,ljqpw.com,150.00,CNY,2021-05-18,2027-05-18
2026-09-09 17:06:48,210584,hpjjw.com,150.00,CNY,2021-05-18,2027-05-18
2026-09-09 17:06:48,210584,econet-nigeria.com,150.00,CNY,2021-05-19,2027-05-19
2026-09-09 17:06:48,210584,frjcw.com,150.00,CNY,2021-06-03,2027-06-03
2026-09-09 17:06:48,210584,szypz.com,150.00,CNY,2021-06-10,2027-06-10
2026-09-09 17:06:48,210584,szxmq.com,150.00,CNY,2021-06-10,2027-06-10
2026-09-09 17:06:48,210584,bjclx.com,150.00,CNY,2021-06-10,2027-06-10
2026-09-09 17:06:48,210584,gbsbw.com,150.00,CNY,2021-06-10,2027-06-10
2026-09-09 17:06:48,210584,gzdjm.com,150.00,CNY,2021-06-10,2027-06-10
2026-09-09 17:06:48,210584,fqggw.com,150.00,CNY,2021-06-10,2027-06-10
2026-09-09 17:06:48,210584,bjcfq.com,150.00,CNY,2021-06-10,2027-06-10
2026-09-09 17:06:48,210584,szxzm.com,150.00,CNY,2021-06-10,2027-06-10
2026-09-09 17:06:48,210584,bjdgk.com,150.00,CNY,2021-06-10,2027-06-10
2026-09-09 17:06:48,210584,szzxr.com,150.00,CNY,2021-06-10,2027-06-10
2026-09-09 17:06:48,210584,bjcns.com,150.00,CNY,2021-06-10,2027-06-10
2026-09-09 17:06:48,210584,bjckp.com,150.00,CNY,2021-06-10,2027-06-10
2026-09-09 17:06:48,210584,shjzp.com,150.00,CNY,2021-06-10,2027-06-10
2026-09-09 17:06:48,210584,bjctl.com,150.00,CNY,2021-06-10,2027-06-10
2026-09-09 17:06:48,210584,hfsbw.com,150.00,CNY,2021-06-10,2027-06-10
2026-09-09 17:06:48,210584,gzcxk.com,150.00,CNY,2021-06-10,2027-06-10
2026-09-09 17:06:48,210584,ybsbw.com,150.00,CNY,2021-06-10,2027-06-10
2026-09-09 17:06:48,210584,szzdk.com,150.00,CNY,2021-06-10,2027-06-10
2026-09-09 17:06:48,210584,hmggw.com,150.00,CNY,2021-06-10,2027-06-10
2026-09-09 17:06:48,210584,shjxs.com,150.00,CNY,2021-06-10,2027-06-10
2026-09-09 17:06:48,210584,szxpg.com,150.00,CNY,2021-06-10,2027-06-10
2026-09-09 17:06:48,210584,ljdsw.com,150.00,CNY,2021-06-10,2027-06-10
2026-09-09 17:06:48,210584,bjbgg.com,150.00,CNY,2021-06-10,2027-06-10
2026-09-09 17:06:48,210584,shjqy.com,150.00,CNY,2021-06-10,2027-06-10
2026-09-09 17:06:48,210584,gzdkr.com,150.00,CNY,2021-06-10,2027-06-10
2026-09-09 17:06:48,210584,fksbw.com,150.00,CNY,2021-06-10,2027-06-10
2026-09-09 17:06:48,210584,dpggw.com,150.00,CNY,2021-06-10,2027-06-10
2026-09-09 17:06:48,210584,bjdnn.com,150.00,CNY,2021-06-10,2027-06-10
2026-09-09 17:06:48,210584,crggw.com,150.00,CNY,2021-06-10,2027-06-10
2026-09-09 17:06:48,210584,shkfc.com,150.00,CNY,2021-06-10,2027-06-10
2026-09-09 17:06:48,210584,szyzp.com,150.00,CNY,2021-06-10,2027-06-10
2026-09-09 17:06:48,210584,szwzp.com,150.00,CNY,2021-06-10,2027-06-10
2026-09-09 17:06:48,210584,bjccz.com,150.00,CNY,2021-06-10,2027-06-10
2026-09-09 17:06:48,210584,bjbdg.com,150.00,CNY,2021-06-10,2027-06-10
2026-09-09 17:06:48,210584,gxlsw.com,150.00,CNY,2021-06-23,2027-06-23
2026-09-09 17:06:48,210584,bpdsw.com,150.00,CNY,2021-06-21,2027-06-21
2026-09-09 17:06:48,210584,szsqp.com,150.00,CNY,2021-06-18,2027-06-18
2026-09-09 17:06:48,210584,szxbq.com,150.00,CNY,2021-06-19,2027-06-19
2026-09-09 17:06:48,210584,szsrn.com,150.00,CNY,2021-06-19,2027-06-19
2026-09-09 17:06:48,210584,szscz.com,150.00,CNY,2021-06-19,2027-06-19
2026-09-09 17:06:48,210584,hwlsw.com,150.00,CNY,2021-06-23,2027-06-23
2026-09-09 17:06:48,210584,yuanhongfj.com,150.00,CNY,2021-06-21,2027-06-21
2026-09-09 17:06:48,210584,gzbyw.com,150.00,CNY,2021-07-02,2027-07-02
2026-09-09 17:06:48,210584,bjbnw.com,150.00,CNY,2021-07-05,2027-07-05
2026-09-09 17:06:48,210584,shrfw.com,150.00,CNY,2021-07-05,2027-07-05
2026-09-09 17:06:48,210584,rhlsw.com,150.00,CNY,2021-07-05,2027-07-05
2026-09-09 17:06:48,210584,shwrw.com,150.00,CNY,2021-07-05,2027-07-05
2026-09-09 17:06:48,210584,bjnww.com,150.00,CNY,2021-07-05,2027-07-05
2026-09-09 17:06:48,210584,shnww.com,150.00,CNY,2021-07-05,2027-07-05
2026-09-09 17:06:48,210584,873298.com,150.00,CNY,2021-07-05,2027-07-05
2026-09-09 17:06:48,210584,bjrdw.com,150.00,CNY,2021-07-05,2027-07-05
2026-09-09 17:06:48,210584,gzrqw.com,150.00,CNY,2021-07-05,2027-07-05
2026-09-09 17:06:48,210584,gzzrw.com,150.00,CNY,2021-07-05,2027-07-05
2026-09-09 17:06:48,210584,shpkw.com,150.00,CNY,2021-07-05,2027-07-05
2026-09-09 17:06:48,210584,mnlsw.com,150.00,CNY,2021-07-05,2027-07-05
2026-09-09 17:06:48,210584,shtkw.com,150.00,CNY,2021-07-05,2027-07-05
2026-09-09 17:06:48,210584,829718.com,150.00,CNY,2021-07-05,2027-07-05
2026-09-09 17:06:48,210584,835618.com,150.00,CNY,2021-07-05,2027-07-05
2026-09-09 17:06:48,210584,852768.com,150.00,CNY,2021-07-05,2027-07-05
2026-09-09 17:06:48,210584,bjqrw.com,150.00,CNY,2021-07-05,2027-07-05
2026-09-09 17:06:48,210584,872618.com,150.00,CNY,2021-07-05,2027-07-05
2026-09-09 17:06:48,210584,shrdw.com,150.00,CNY,2021-07-05,2027-07-05
2026-09-09 17:06:48,210584,839728.com,150.00,CNY,2021-07-05,2027-07-05
2026-09-09 17:06:48,210584,bjfnw.com,150.00,CNY,2021-07-05,2027-07-05
2026-09-09 17:06:48,210584,boompiao.com,150.00,CNY,2021-07-19,2027-07-19
2026-09-09 17:06:48,210584,yuexo.com,150.00,CNY,2021-07-19,2027-07-19
2026-09-09 17:06:48,210584,txzlnet.com,150.00,CNY,2021-07-19,2027-07-19
2026-09-09 17:06:48,210584,yidiaoke.com,150.00,CNY,2021-07-19,2027-07-19
2026-09-09 17:06:48,210584,xgdsw.com,150.00,CNY,2021-07-23,2027-07-23
2026-09-09 17:06:48,210584,zhoukangxitong.com,150.00,CNY,2021-07-26,2027-07-26
2026-09-09 17:06:48,210584,bjczw.com,150.00,CNY,2021-07-24,2027-07-24
2026-09-09 17:06:48,210584,hcgj898.com,150.00,CNY,2021-07-26,2027-07-26
2026-09-09 17:06:48,210584,gzwdw.com,150.00,CNY,2021-07-23,2027-07-23
2026-09-09 17:06:48,210584,krjjw.com,150.00,CNY,2021-07-27,2027-07-27
2026-09-09 17:06:48,210584,835878.com,150.00,CNY,2021-07-23,2027-07-23
2026-09-09 17:06:48,210584,smt-solar.com,150.00,CNY,2021-07-25,2027-07-25
2026-09-09 17:06:48,210584,jwsbw.com,150.00,CNY,2021-07-23,2027-07-23
2026-09-09 17:06:48,210584,gzffw.com,150.00,CNY,2021-07-24,2027-07-24
2026-09-09 17:06:48,210584,881363.com,150.00,CNY,2021-07-26,2027-07-26
2026-09-09 17:06:48,210584,815658.com,150.00,CNY,2021-07-23,2027-07-23
2026-09-09 17:06:48,210584,825838.com,150.00,CNY,2021-07-23,2027-07-23
2026-09-09 17:06:48,210584,865838.com,150.00,CNY,2021-07-23,2027-07-23
2026-09-09 17:06:48,210584,861378.com,150.00,CNY,2021-07-27,2027-07-27
2026-09-09 17:06:48,210584,881295.com,150.00,CNY,2021-07-26,2027-07-26
2026-09-09 17:06:48,210584,gpjjw.com,150.00,CNY,2021-07-23,2027-07-23
2026-09-09 17:06:48,210584,rpdsw.com,150.00,CNY,2021-07-23,2027-07-23
2026-09-09 17:06:48,210584,863628.com,150.00,CNY,2021-07-23,2027-07-23
2026-09-09 17:06:48,210584,881652.com,150.00,CNY,2021-07-28,2027-07-28
2026-09-09 17:06:48,210584,cardinalhillkennel.com,150.00,CNY,2021-07-31,2027-07-31
2026-09-09 17:06:48,210584,antantech.com,150.00,CNY,2021-08-01,2027-08-01
2026-09-09 17:06:48,210584,ludi-bg.com,150.00,CNY,2021-08-02,2027-08-02
2026-09-09 17:06:48,210584,tripodajans.com,150.00,CNY,2021-08-02,2027-08-02
2026-09-09 17:06:48,210584,829778.com,150.00,CNY,2021-08-03,2027-08-03
2026-09-09 17:06:48,210584,weiliduojd.com,150.00,CNY,2020-08-07,2027-08-07
2026-09-09 17:06:48,210584,882373.com,150.00,CNY,2021-08-03,2027-08-03
2026-09-09 17:06:48,210584,881795.com,150.00,CNY,2021-08-03,2027-08-03
2026-09-09 17:06:48,210584,881926.com,150.00,CNY,2021-08-03,2027-08-03
2026-09-09 17:06:48,210584,lbhyjlb.com,150.00,CNY,2021-08-03,2027-08-03
2026-09-09 17:06:48,210584,882371.com,150.00,CNY,2021-08-03,2027-08-03
2026-09-09 17:06:48,210584,cdxyyb.com,150.00,CNY,2021-08-06,2027-08-06
2026-09-09 17:06:48,210584,882363.com,150.00,CNY,2021-08-03,2027-08-03
2026-09-09 17:06:48,210584,goworldedu.com,150.00,CNY,2021-08-06,2027-08-06
2026-09-09 17:06:48,210584,qdnmzdzmukk.com,150.00,CNY,2021-08-07,2027-08-07
2026-09-09 17:06:48,210584,alsmfjmu.com,150.00,CNY,2021-08-08,2027-08-08
2026-09-09 17:06:48,210584,cwallisart.com,150.00,CNY,2021-08-08,2027-08-08
2026-09-09 17:06:48,210584,asset-controls.com,150.00,CNY,2021-04-06,2027-04-06
2026-09-09 17:06:48,210584,wsjgmm.com,150.00,CNY,2021-04-09,2027-04-09
2026-09-09 17:06:48,210584,hebeiqianbao.com,150.00,CNY,2021-04-17,2027-04-17
2026-09-09 17:06:48,210584,zcshendejixie.com,150.00,CNY,2021-04-18,2027-04-18
2026-09-09 17:06:48,210584,chunyurunhuayou.com,150.00,CNY,2021-04-18,2027-04-18
2026-09-09 17:06:48,210584,szjxwz.com,150.00,CNY,2021-04-12,2027-04-12
2026-09-09 17:06:48,210584,cicgf-signin.com,150.00,CNY,2021-04-30,2027-04-30
2026-09-09 17:06:48,210584,tongtaishengjing.com,150.00,CNY,2021-04-23,2027-04-23
2026-09-09 17:06:48,210584,fujijgelevator.com,150.00,CNY,2021-04-27,2027-04-27
2026-09-09 17:06:48,210584,cakesbybrandy.com,150.00,CNY,2021-05-07,2027-05-07
2026-09-09 17:06:48,210584,bareillymedicalhelp.com,150.00,CNY,2021-05-07,2027-05-07
2026-09-09 17:06:48,210584,2069191.com,150.00,CNY,2021-05-14,2027-05-14
2026-09-09 17:06:48,210584,bragabooks.com,150.00,CNY,2021-05-16,2027-05-16
2026-09-09 17:06:48,210584,wtc-sophia.com,150.00,CNY,2021-05-16,2027-05-16
2026-09-09 17:06:48,210584,vasuagarbathies.com,150.00,CNY,2021-05-16,2027-05-16
2026-09-09 17:06:48,210584,zmlseo.com,150.00,CNY,2018-07-31,2027-07-31
2026-09-09 17:06:48,210584,huiyancao.com,150.00,CNY,2021-06-29,2027-06-29
